# File produced by Open Asset Import Library (http://www.assimp.sf.net)
# (assimp v3.1.202510665)

mtllib ASM%20-%20PBR%20Metallic%20Roughness.mtl

# vertex positions
v 0.803386 5.223340 0.000509
v 0.781308 5.227997 0.001044
v 0.776166 5.239124 0.101858
v 0.789106 5.239360 0.141232
v 0.739058 5.229055 0.000865
v 0.738175 5.245387 0.140282
v 0.733826 5.264502 0.282176
v 0.300337 5.243425 0.723010
v 0.153196 5.267091 0.764920
v 0.143686 5.228467 0.714840
v 0.281668 5.209407 0.675657
v 0.000000 5.279213 0.778133
v 0.000000 5.238183 0.727183
v 0.000000 5.206879 0.676205
v 0.133965 5.199185 0.664763
v 0.262601 5.184174 0.628390
v 0.547559 5.231442 -0.547941
v 0.429996 5.245339 -0.557540
v 0.443225 5.243766 -0.442131
v 0.558562 5.233288 -0.430076
v 0.302119 5.259731 -0.561671
v 0.306448 5.261755 -0.442472
v 0.307068 5.264144 -0.303786
v 0.445362 5.242549 -0.305293
v 0.564106 5.231877 -0.302203
v -0.298217 5.152009 -0.725684
v -0.152048 5.143832 -0.770163
v -0.142557 5.134601 -0.722333
v -0.279585 5.141673 -0.680741
v 0.000000 5.137655 -0.785449
v 0.000000 5.129437 -0.736593
v 0.000000 5.129624 -0.686611
v -0.132956 5.133787 -0.673374
v -0.260740 5.139886 -0.634658
v -0.000000 5.287745 -0.562297
v 0.000000 5.271784 -0.663461
v -0.153217 5.266209 -0.663029
v -0.155910 5.278049 -0.562807
v -0.000000 5.254837 -0.737419
v -0.137846 5.252261 -0.736845
v -0.278142 5.242710 -0.733318
v -0.293798 5.255017 -0.655765
v -0.302119 5.259731 -0.561671
v 0.733683 5.216179 -0.279584
v 0.657443 5.224494 -0.294599
v 0.665855 5.224552 -0.153590
v 0.738162 5.221122 -0.138175
v 0.567003 5.231577 -0.155782
v 0.567418 5.238729 0.000966
v 0.666887 5.231772 0.000662
v 0.657458 5.274784 0.298408
v 0.634531 5.296316 0.402168
v 0.660993 5.296371 0.438122
v 0.564105 5.283962 0.307187
v 0.558582 5.309949 0.437683
v 0.547765 5.328961 0.557490
v 0.000000 5.317270 -0.299367
v -0.000000 5.333356 -0.147462
v 0.156530 5.310631 -0.149278
v 0.156530 5.298204 -0.300904
v -0.000000 5.352152 0.010651
v 0.156531 5.327569 0.008641
v 0.307071 5.282949 0.004904
v 0.307070 5.269930 -0.152664
v -0.156530 5.310631 -0.149278
v -0.156531 5.327569 0.008641
v -0.156530 5.298204 -0.300904
v -0.307068 5.264144 -0.303786
v -0.307070 5.269930 -0.152664
v -0.307071 5.282949 0.004904
v 0.430017 5.346746 0.570063
v 0.395613 5.360520 0.647742
v 0.431563 5.353679 0.673532
v 0.302118 5.369681 0.577622
v 0.293815 5.381774 0.672657
v 0.278288 5.386137 0.749356
v 0.000000 5.427430 0.585797
v -0.000000 5.438160 0.686711
v 0.153219 5.418039 0.684071
v 0.155910 5.406552 0.583639
v 0.000000 5.444717 0.759683
v 0.137860 5.426786 0.757367
v -0.000000 5.117014 0.610550
v 0.000000 5.138436 0.610695
v -0.121035 5.135857 0.600594
v -0.120755 5.116163 0.600583
v 0.000000 5.162902 0.617918
v -0.122679 5.158316 0.607571
v -0.240462 5.149488 0.574574
v -0.237223 5.130910 0.568293
v -0.236661 5.114534 0.568607
v 0.000000 5.111104 -0.610448
v 0.000000 5.120047 -0.615183
v 0.120334 5.121480 -0.603425
v 0.120143 5.111574 -0.598802
v 0.000000 5.127631 -0.626932
v 0.121872 5.130168 -0.614918
v 0.238971 5.134367 -0.579596
v 0.235931 5.123915 -0.568728
v 0.235532 5.112378 -0.564329
v 0.395569 5.246617 -0.633572
v 0.293798 5.255017 -0.655764
v 0.431313 5.238046 -0.660715
v 0.278141 5.242710 -0.733318
v 0.634489 5.226516 -0.396342
v 0.660747 5.220425 -0.432715
v 0.445727 5.243980 -0.155029
v 0.445780 5.253284 0.002254
v 0.567002 5.257781 0.158596
v 0.445727 5.274022 0.160376
v 0.445361 5.300608 0.312721
v 0.307070 5.305215 0.163111
v 0.307068 5.330626 0.315835
v 0.443228 5.325997 0.452198
v 0.306448 5.352468 0.456574
v 0.776149 5.221220 -0.099707
v 0.789005 5.215415 -0.139986
v 0.665857 5.250154 0.155632
v -0.000000 5.372458 0.832689
v -0.000000 5.327694 0.814737
v 0.159580 5.313200 0.800900
v 0.161945 5.356635 0.818234
v 0.312894 5.285282 0.757100
v 0.317584 5.326397 0.773086
v 0.765352 5.216939 0.315960
v 0.753365 5.178441 0.307445
v 0.799252 5.154728 0.152702
v 0.812128 5.192174 0.158633
v 0.722597 5.145308 0.292000
v 0.766499 5.123868 0.143727
v 0.780994 5.112606 -0.009594
v 0.814483 5.141194 -0.007378
v 0.827765 5.176790 -0.004241
v 0.798308 5.139044 -0.166838
v 0.811482 5.172017 -0.166629
v 0.765377 5.112627 -0.162237
v 0.720517 5.120057 -0.308245
v 0.751613 5.144719 -0.319407
v 0.764156 5.175235 -0.322063
v 0.676064 5.153978 -0.459043
v 0.687450 5.183085 -0.464314
v 0.648026 5.130348 -0.441887
v 0.550927 5.141239 -0.558573
v 0.574796 5.164621 -0.580952
v 0.584534 5.193076 -0.588511
v 0.451563 5.174012 -0.680892
v 0.459217 5.202037 -0.690366
v 0.432820 5.150280 -0.654225
v 0.298217 5.152010 -0.725684
v 0.311109 5.175724 -0.755594
v 0.316363 5.203221 -0.766545
v 0.000000 5.426229 0.820393
v -0.000000 5.443289 0.801525
v -0.099763 5.433095 0.795619
v -0.139304 5.413151 0.805727
v -0.137860 5.426785 0.757367
v -0.278288 5.386137 0.749356
v 0.453883 5.261779 0.681360
v 0.460802 5.301560 0.695863
v 0.435573 5.222716 0.650426
v 0.553896 5.201257 0.550880
v 0.577296 5.238525 0.577528
v 0.586244 5.277809 0.590369
v 0.678360 5.208895 0.450988
v 0.689019 5.247891 0.461826
v 0.650753 5.173575 0.429576
v 0.579095 5.309397 0.586642
v 0.681972 5.279234 0.459134
v 0.758103 5.248145 0.313611
v 0.311775 5.358746 0.769887
v 0.454623 5.333362 0.692216
v -0.153219 5.418039 0.684071
v -0.155910 5.406552 0.583639
v -0.302118 5.369681 0.577622
v -0.293815 5.381775 0.672657
v -0.000000 5.185939 -0.830439
v 0.000000 5.159572 -0.818187
v -0.158612 5.166502 -0.802160
v -0.161283 5.193266 -0.814069
v -0.311109 5.175724 -0.755594
v -0.316363 5.203220 -0.766545
v 0.578211 5.215176 -0.580238
v 0.453799 5.223397 -0.682427
v 0.311144 5.224385 -0.758526
v 0.757485 5.199610 -0.314440
v 0.681157 5.205878 -0.456732
v 0.820871 5.206023 -0.001370
v 0.804908 5.198820 -0.160794
v 0.805243 5.222797 0.158399
v 0.624941 5.104957 -0.006866
v 0.613300 5.107351 0.115262
v 0.604984 5.107675 0.116996
v 0.616510 5.106473 -0.003297
v 0.578158 5.114255 0.233132
v 0.570291 5.111429 0.232969
v 0.568866 5.108180 0.235436
v 0.603499 5.106962 0.120011
v 0.615034 5.106583 0.000169
v 0.000000 5.184007 0.639078
v -0.126844 5.177850 0.628303
v -0.133965 5.199186 0.664763
v -0.262601 5.184174 0.628390
v -0.248635 5.165927 0.594006
v 0.000000 5.080040 -0.608161
v -0.120085 5.080040 -0.596575
v -0.120143 5.102139 -0.597188
v 0.000000 5.102081 -0.608792
v -0.235403 5.080040 -0.562217
v -0.235522 5.102240 -0.562791
v -0.235532 5.112379 -0.564329
v -0.120143 5.111575 -0.598802
v 0.576695 5.114652 -0.245284
v 0.612511 5.107655 -0.128656
v 0.604301 5.108163 -0.123382
v 0.569023 5.112366 -0.238505
v 0.602901 5.107152 -0.119580
v 0.567758 5.108553 -0.234502
v 0.441153 5.132465 -0.445549
v 0.518773 5.124242 -0.352119
v 0.511932 5.118144 -0.344081
v 0.435397 5.123041 -0.436441
v 0.510849 5.110481 -0.340013
v 0.434530 5.112111 -0.432338
v 0.346700 5.135755 -0.522320
v 0.342232 5.124856 -0.512266
v 0.341602 5.112702 -0.508056
v 0.443241 5.134358 0.438349
v 0.348637 5.142022 0.517176
v 0.343911 5.126763 0.511979
v 0.437207 5.122531 0.434582
v 0.240462 5.149488 0.574574
v 0.237223 5.130910 0.568293
v 0.236661 5.114534 0.568607
v 0.343068 5.113175 0.512713
v 0.436111 5.111796 0.435829
v 0.520690 5.124299 0.342258
v 0.513595 5.116967 0.340215
v 0.512301 5.109983 0.342065
v 0.614433 5.080040 0.001894
v 0.613658 5.033699 0.001896
v 0.601577 5.033699 -0.117539
v 0.602335 5.080039 -0.117706
v 0.612636 4.972604 0.001898
v 0.600578 4.972604 -0.117318
v 0.565608 4.972604 -0.231790
v 0.566544 5.033698 -0.232220
v 0.567254 5.080040 -0.232546
v 0.236452 5.080160 0.568583
v 0.236582 5.102539 0.569087
v 0.120718 5.102798 0.600843
v 0.120654 5.080387 0.599873
v 0.120755 5.116163 0.600583
v 0.000000 5.102937 0.610698
v -0.000000 5.080523 0.609455
v 0.509795 5.033699 -0.337568
v 0.510426 5.080039 -0.338040
v 0.508963 4.972604 -0.336945
v 0.432984 4.972604 -0.428970
v 0.433677 5.033698 -0.429761
v 0.434203 5.080040 -0.430361
v 0.340979 5.033699 -0.505328
v 0.341378 5.080039 -0.506034
v 0.340453 4.972604 -0.504398
v 0.234792 4.972604 -0.560382
v 0.235139 5.033698 -0.561426
v 0.235403 5.080040 -0.562217
v 0.236188 5.034014 0.567305
v 0.342341 5.033738 0.512369
v 0.342742 5.080054 0.513136
v 0.235839 4.973176 0.565621
v 0.341813 4.972676 0.511357
v 0.434450 4.972604 0.435138
v 0.435146 5.033698 0.435928
v 0.435673 5.080040 0.436527
v 0.511143 5.033699 0.342576
v 0.511776 5.080039 0.343046
v 0.510309 4.972604 0.341956
v 0.566635 4.972604 0.235956
v 0.567573 5.033698 0.236382
v 0.568284 5.080040 0.236705
v -0.614433 5.080040 0.001894
v -0.613658 5.033699 0.001896
v -0.602132 5.033699 0.121368
v -0.602891 5.080039 0.121532
v -0.612636 4.972604 0.001898
v -0.601131 4.972604 0.121153
v -0.566635 4.972604 0.235956
v -0.567573 5.033698 0.236382
v -0.568284 5.080040 0.236705
v -0.341562 5.102281 -0.506563
v -0.341602 5.112702 -0.508056
v -0.341378 5.080039 -0.506034
v -0.434203 5.080040 -0.430361
v -0.434450 5.102207 -0.430844
v -0.434530 5.112111 -0.432338
v 0.614812 5.101516 0.001677
v 0.602703 5.101587 -0.118006
v 0.567595 5.101762 -0.232918
v 0.510726 5.102003 -0.338471
v 0.434450 5.102207 -0.430844
v 0.341562 5.102281 -0.506563
v 0.235522 5.102241 -0.562791
v -0.000000 5.222706 -0.804413
v 0.000000 5.237897 -0.781211
v 0.099745 5.239486 -0.775974
v 0.139199 5.229183 -0.789640
v 0.137846 5.252261 -0.736845
v -0.568866 5.108180 0.235436
v -0.568635 5.101716 0.236673
v -0.512090 5.101941 0.343107
v -0.512301 5.109983 0.342065
v -0.511776 5.080039 0.343046
v -0.435673 5.080040 0.436527
v -0.435935 5.102167 0.436675
v -0.436111 5.111796 0.435829
v -0.803386 5.223341 0.000509
v -0.789106 5.239360 0.141232
v -0.776166 5.239124 0.101858
v -0.781308 5.227997 0.001044
v -0.733826 5.264502 0.282176
v -0.738175 5.245387 0.140282
v -0.739058 5.229055 0.000865
v -0.000000 5.395643 0.321523
v 0.000000 5.413432 0.462283
v 0.156452 5.391763 0.460341
v 0.156529 5.372848 0.319512
v -0.547559 5.231442 -0.547941
v -0.558562 5.233288 -0.430076
v -0.443225 5.243766 -0.442131
v -0.429996 5.245339 -0.557540
v -0.564106 5.231877 -0.302203
v -0.445362 5.242548 -0.305293
v -0.306448 5.261755 -0.442472
v -0.000000 5.206649 -0.822715
v -0.158115 5.213970 -0.806457
v -0.139199 5.229182 -0.789640
v -0.311144 5.224385 -0.758526
v 0.000000 5.374053 0.168996
v -0.156530 5.349850 0.166929
v -0.156529 5.372848 0.319512
v -0.307070 5.305215 0.163111
v -0.307068 5.330626 0.315835
v -0.733683 5.216179 -0.279584
v -0.738163 5.221122 -0.138175
v -0.665855 5.224552 -0.153590
v -0.657443 5.224494 -0.294599
v -0.666887 5.231771 0.000662
v -0.567418 5.238729 0.000966
v -0.567003 5.231578 -0.155782
v -0.660993 5.296371 0.438122
v -0.634531 5.296315 0.402168
v -0.657458 5.274784 0.298408
v -0.547765 5.328961 0.557490
v -0.558582 5.309949 0.437683
v -0.564105 5.283961 0.307187
v 0.161283 5.193267 -0.814069
v 0.158115 5.213969 -0.806457
v 0.000000 5.403735 0.832058
v -0.158459 5.388420 0.816823
v -0.161945 5.356635 0.818234
v -0.311775 5.358746 0.769887
v -0.317584 5.326398 0.773086
v -0.431563 5.353679 0.673532
v -0.395613 5.360520 0.647742
v -0.430017 5.346746 0.570063
v 0.153217 5.266210 -0.663029
v 0.155910 5.278049 -0.562807
v -0.000000 5.302539 -0.439301
v -0.156452 5.288087 -0.440489
v 0.156452 5.288087 -0.440489
v -0.395569 5.246617 -0.633572
v -0.431313 5.238046 -0.660715
v -0.634489 5.226515 -0.396342
v -0.660747 5.220425 -0.432715
v -0.445780 5.253284 0.002254
v -0.445727 5.243981 -0.155029
v -0.445361 5.300608 0.312721
v -0.445727 5.274022 0.160376
v -0.567002 5.257781 0.158596
v -0.443228 5.325997 0.452198
v -0.306448 5.352468 0.456574
v -0.776149 5.221220 -0.099707
v -0.789005 5.215415 -0.139986
v -0.665857 5.250154 0.155632
v 0.158459 5.388419 0.816823
v 0.139304 5.413152 0.805727
v -0.765352 5.216938 0.315960
v -0.812128 5.192174 0.158633
v -0.799252 5.154729 0.152702
v -0.753365 5.178441 0.307445
v -0.827765 5.176790 -0.004241
v -0.814483 5.141194 -0.007378
v -0.780994 5.112606 -0.009594
v -0.766499 5.123868 0.143727
v -0.722597 5.145308 0.292000
v -0.811482 5.172017 -0.166629
v -0.798308 5.139043 -0.166838
v -0.764156 5.175235 -0.322063
v -0.751613 5.144719 -0.319407
v -0.720517 5.120057 -0.308245
v -0.765377 5.112628 -0.162237
v -0.687450 5.183086 -0.464313
v -0.676064 5.153977 -0.459043
v -0.584534 5.193076 -0.588511
v -0.574796 5.164621 -0.580952
v -0.550927 5.141239 -0.558573
v -0.648026 5.130348 -0.441887
v -0.459217 5.202037 -0.690366
v -0.451563 5.174012 -0.680892
v -0.432820 5.150280 -0.654225
v -0.120334 5.121480 -0.603425
v -0.121872 5.130169 -0.614918
v -0.235931 5.123915 -0.568728
v -0.238971 5.134367 -0.579596
v -0.460802 5.301561 0.695863
v -0.453883 5.261779 0.681360
v -0.312894 5.285281 0.757100
v -0.586244 5.277809 0.590369
v -0.577296 5.238525 0.577528
v -0.553896 5.201257 0.550880
v -0.435573 5.222716 0.650426
v -0.300337 5.243426 0.723010
v -0.689019 5.247891 0.461826
v -0.678360 5.208894 0.450988
v -0.650752 5.173575 0.429576
v -0.681972 5.279234 0.459134
v -0.579095 5.309396 0.586642
v -0.758103 5.248145 0.313611
v -0.454623 5.333361 0.692216
v -0.156452 5.391763 0.460341
v 0.158612 5.166501 -0.802160
v 0.152048 5.143833 -0.770163
v -0.453799 5.223397 -0.682427
v -0.578211 5.215176 -0.580238
v -0.681157 5.205878 -0.456732
v -0.757485 5.199610 -0.314440
v -0.804908 5.198820 -0.160794
v -0.820871 5.206023 -0.001370
v -0.805243 5.222797 0.158399
v -0.624941 5.104957 -0.006866
v -0.616510 5.106473 -0.003297
v -0.604984 5.107675 0.116996
v -0.613300 5.107351 0.115262
v -0.615034 5.106583 0.000169
v -0.603499 5.106962 0.120011
v -0.570291 5.111429 0.232969
v -0.578157 5.114254 0.233132
v 0.126844 5.177850 0.628303
v 0.248635 5.165927 0.594006
v 0.122679 5.158317 0.607571
v 0.099763 5.433095 0.795619
v -0.576695 5.114651 -0.245284
v -0.569023 5.112366 -0.238505
v -0.604301 5.108163 -0.123382
v -0.612511 5.107655 -0.128656
v -0.567758 5.108553 -0.234502
v -0.602901 5.107152 -0.119580
v -0.441153 5.132464 -0.445549
v -0.435397 5.123042 -0.436441
v -0.511932 5.118144 -0.344081
v -0.518773 5.124242 -0.352119
v -0.510849 5.110481 -0.340013
v -0.342232 5.124856 -0.512266
v -0.346700 5.135755 -0.522320
v -0.443241 5.134358 0.438349
v -0.437207 5.122531 0.434582
v -0.343911 5.126763 0.511979
v -0.348637 5.142022 0.517176
v -0.343068 5.113175 0.512713
v -0.513595 5.116967 0.340215
v -0.520690 5.124299 0.342258
v -0.567254 5.080040 -0.232546
v -0.566544 5.033699 -0.232220
v -0.601577 5.033699 -0.117539
v -0.602336 5.080039 -0.117706
v -0.565608 4.972604 -0.231790
v -0.600577 4.972604 -0.117318
v -0.099745 5.239486 -0.775974
v -0.342940 5.102343 0.513384
v -0.342742 5.080054 0.513136
v -0.236452 5.080161 0.568583
v -0.236582 5.102539 0.569087
v -0.433677 5.033699 -0.429761
v -0.509795 5.033699 -0.337568
v -0.510426 5.080039 -0.338040
v -0.432984 4.972604 -0.428970
v -0.508963 4.972604 -0.336945
v -0.235139 5.033698 -0.561426
v -0.340979 5.033699 -0.505328
v -0.234792 4.972604 -0.560382
v -0.340453 4.972604 -0.504398
v -0.435146 5.033699 0.435928
v -0.342341 5.033738 0.512369
v -0.434450 4.972604 0.435138
v -0.341813 4.972675 0.511357
v -0.235839 4.973176 0.565621
v -0.236188 5.034014 0.567305
v -0.511143 5.033699 0.342576
v -0.510309 4.972604 0.341956
v 0.120085 5.080040 -0.596575
v 0.120143 5.102139 -0.597188
v 0.435935 5.102168 0.436675
v 0.512090 5.101941 0.343107
v 0.568635 5.101716 0.236673
v -0.567595 5.101762 -0.232918
v -0.602703 5.101587 -0.118006
v -0.614812 5.101515 0.001677
v -0.603264 5.101563 0.121406
v -0.120350 4.974249 0.594655
v -0.120523 5.034605 0.597622
v 0.000000 4.974892 0.602914
v 0.000000 5.034960 0.606633
v -0.120654 5.080387 0.599872
v 0.342940 5.102343 0.513384
v 0.000000 4.972604 -0.606118
v -0.119783 4.972604 -0.594592
v -0.119955 5.033699 -0.595720
v 0.000000 5.033698 -0.607280
v -0.510726 5.102003 -0.338471
v 0.119955 5.033699 -0.595720
v 0.119783 4.972604 -0.594592
v 0.279585 5.141673 -0.680741
v 0.142557 5.134601 -0.722333
v 0.260740 5.139886 -0.634658
v 0.132956 5.133787 -0.673374
v 0.603264 5.101563 0.121406
v 0.602891 5.080039 0.121532
v 0.246968 5.138986 -0.600690
v 0.125941 5.133679 -0.637300
v -0.000000 5.130304 -0.649787
v 0.156530 5.349850 0.166929
v -0.120718 5.102798 0.600843
v 0.121035 5.135858 0.600594
v 0.602132 5.033699 0.121368
v 0.601131 4.972604 0.121153
v -0.631494 5.121017 0.253400
v -0.597865 5.117200 0.239850
v -0.538447 5.131155 0.352987
v -0.568740 5.139205 0.373151
v -0.458353 5.145060 0.452657
v -0.484137 5.157216 0.478685
v -0.360508 5.155684 0.534432
v -0.380776 5.171023 0.565282
v -0.246968 5.138985 -0.600690
v -0.358343 5.140131 -0.541478
v -0.378358 5.140174 -0.572174
v -0.456018 5.135569 -0.462178
v -0.481530 5.134238 -0.488506
v -0.536303 5.125746 -0.365665
v -0.566346 5.123915 -0.386599
v -0.596229 5.114583 -0.255265
v -0.629668 5.112706 -0.269978
v -0.633302 5.106384 -0.134682
v -0.668855 5.104372 -0.142586
v -0.646192 5.103524 -0.008687
v -0.682498 5.102021 -0.009440
v -0.634184 5.107375 0.117741
v -0.669840 5.107851 0.124227
v 0.631494 5.121017 0.253400
v 0.568740 5.139205 0.373151
v 0.538447 5.131155 0.352987
v 0.597865 5.117200 0.239850
v 0.484137 5.157216 0.478685
v 0.458353 5.145060 0.452657
v 0.380776 5.171023 0.565282
v 0.360508 5.155683 0.534432
v 0.378358 5.140174 -0.572174
v 0.358343 5.140131 -0.541478
v 0.481530 5.134238 -0.488506
v 0.456018 5.135569 -0.462178
v 0.566346 5.123915 -0.386599
v 0.536303 5.125746 -0.365665
v 0.629668 5.112706 -0.269978
v 0.596229 5.114583 -0.255265
v 0.668855 5.104372 -0.142586
v 0.633302 5.106384 -0.134682
v 0.682498 5.102021 -0.009440
v 0.646192 5.103525 -0.008687
v -0.125941 5.133679 -0.637300
v -0.143686 5.228466 0.714840
v -0.281668 5.209406 0.675657
v -0.153196 5.267091 0.764920
v 0.669840 5.107851 0.124227
v 0.634184 5.107375 0.117741
v 0.718554 5.110382 0.133541
v 0.732113 5.101889 -0.010011
v 0.677430 5.127861 0.272342
v -0.159580 5.313200 0.800900
v 0.717452 5.103351 -0.152939
v 0.675386 5.111533 -0.289660
v 0.607433 5.122424 -0.414811
v 0.516427 5.133125 -0.524120
v 0.405742 5.140785 -0.613778
v 0.408448 5.192496 0.607750
v 0.519345 5.174636 0.514601
v 0.610112 5.151430 0.401094
v -0.732113 5.101889 -0.010011
v -0.718554 5.110381 0.133541
v -0.677430 5.127861 0.272342
v -0.675386 5.111532 -0.289660
v -0.717452 5.103352 -0.152939
v -0.516427 5.133125 -0.524120
v -0.607433 5.122425 -0.414811
v -0.405742 5.140784 -0.613778
v -0.519345 5.174637 0.514601
v -0.408448 5.192496 0.607750
v -0.610112 5.151430 0.401094
v 0.120523 5.034606 0.597622
v 0.120350 4.974249 0.594655
v 0.451783 5.006388 -0.449403
v 0.456765 4.993238 -0.454374
v 0.248410 4.993666 -0.593671
v 0.245714 5.006814 -0.587171
v 0.002640 5.085696 -0.604136
v 0.233673 5.085601 -0.558164
v 0.248418 5.072558 -0.593768
v 0.002641 5.072658 -0.642673
v 0.002614 4.809679 -0.642352
v 0.002613 4.796530 -0.635286
v -0.240473 4.796288 -0.586892
v -0.243168 4.809438 -0.593421
v -0.590771 4.808122 -0.245608
v -0.584261 4.794973 -0.242896
v -0.632625 4.794100 0.000336
v -0.639672 4.807249 0.000323
v 0.595934 4.806749 0.246188
v 0.589422 4.793601 0.243504
v 0.637786 4.794474 0.000272
v 0.644835 4.807623 0.000257
v -0.243228 4.805292 0.594026
v -0.240532 4.792143 0.587526
v 0.002548 4.792048 0.635895
v 0.002549 4.805197 0.642932
v 0.456700 4.805980 0.454684
v 0.451716 4.792831 0.449712
v 0.456746 4.809154 -0.454149
v 0.451762 4.796005 -0.449149
v 0.245693 4.796432 -0.586917
v 0.248391 4.809581 -0.593446
v -0.451537 4.808890 -0.454103
v -0.446555 4.795742 -0.449103
v -0.451583 4.805717 0.454730
v -0.446601 4.792568 0.449757
v 0.248331 4.805434 0.594001
v 0.245633 4.792285 0.587501
v -0.590796 4.806405 0.246249
v -0.584286 4.793256 0.243564
v 0.595959 4.808467 -0.245669
v 0.589447 4.795319 -0.242956
v -0.601116 5.083385 -0.000015
v -0.555148 5.084215 -0.231192
v -0.424267 5.084946 -0.427180
v -0.228398 5.085466 -0.558141
v 0.429529 5.085196 -0.427224
v 0.560391 5.084544 -0.231249
v 0.606335 5.083742 -0.000076
v 0.560367 5.082911 0.231102
v 0.429486 5.082181 0.427089
v 0.233617 5.081662 0.558050
v 0.002579 5.081435 0.604045
v -0.228454 5.081525 0.558073
v -0.424310 5.081929 0.427133
v -0.555171 5.082582 0.231158
v -0.226561 4.796174 -0.553284
v -0.420849 4.795658 -0.423381
v -0.451510 5.071869 -0.454425
v -0.243141 5.072416 -0.593743
v -0.240446 5.059268 -0.587210
v -0.446529 5.058720 -0.449421
v 0.245649 4.950072 0.587310
v 0.002564 4.949836 0.635704
v 0.002562 4.936687 0.642771
v 0.248345 4.936923 0.593841
v -0.446550 4.848337 -0.449167
v -0.240467 4.848885 -0.586956
v -0.243165 4.835735 -0.593453
v -0.451534 4.835188 -0.454136
v 0.451772 4.901196 -0.449276
v 0.589457 4.900509 -0.243083
v 0.595967 4.887360 -0.245765
v 0.456754 4.888047 -0.454246
v 0.451735 4.976916 0.449489
v 0.245652 4.976370 0.587278
v 0.248347 4.963222 0.593809
v 0.456716 4.963767 0.454491
v 0.451729 4.924320 0.449553
v 0.245647 4.923774 0.587342
v 0.248342 4.910625 0.593873
v 0.456711 4.911171 0.454555
v -0.584275 4.898446 0.243437
v -0.632615 4.899292 0.000209
v -0.639663 4.886143 0.000226
v -0.590788 4.885297 0.246152
v -0.590744 5.071099 -0.245930
v -0.584235 5.057950 -0.243214
v -0.590763 4.887014 -0.245705
v -0.451529 4.887783 -0.454200
v -0.446547 4.874634 -0.449199
v -0.584253 4.873866 -0.242991
v 0.456757 4.914345 -0.454278
v 0.245704 4.901624 -0.587044
v 0.248402 4.914773 -0.593575
v 0.451778 4.953792 -0.449340
v 0.456760 4.940642 -0.454310
v 0.248405 4.941071 -0.593607
v 0.245709 4.954219 -0.587108
v -0.451532 4.861485 -0.454168
v -0.243163 4.862034 -0.593485
v -0.451562 5.016099 0.454473
v -0.590774 5.016786 0.245992
v -0.584265 5.003637 0.243310
v -0.446580 5.002950 0.449503
v 0.595969 4.913658 -0.245797
v 0.451740 5.029512 0.449426
v 0.245657 5.028966 0.587215
v 0.248353 5.015818 0.593744
v 0.456722 5.016363 0.454427
v -0.240508 5.028822 0.587240
v -0.446577 5.029248 0.449471
v -0.243207 5.015674 0.593769
v -0.584278 4.872149 0.243469
v -0.632617 4.872994 0.000241
v -0.639666 4.859845 0.000258
v -0.590790 4.859000 0.246184
v -0.243226 4.831589 0.593994
v -0.451580 4.832014 0.454698
v -0.446598 4.818865 0.449726
v -0.240530 4.818440 0.587494
v -0.590768 4.834419 -0.245640
v -0.446553 4.822039 -0.449135
v -0.584258 4.821270 -0.242928
v 0.456762 4.966941 -0.454342
v 0.248407 4.967368 -0.593639
v 0.589440 4.977684 0.243282
v 0.595950 4.964536 0.245996
v 0.002626 4.928019 -0.635445
v 0.245706 4.927922 -0.587076
v 0.002625 4.914870 -0.642480
v 0.451775 4.927494 -0.449308
v 0.589460 4.926806 -0.243115
v 0.456724 5.042662 0.454394
v 0.248355 5.042115 0.593712
v -0.451556 5.068695 0.454408
v -0.243201 5.068270 0.593705
v -0.590785 4.911595 0.246120
v -0.639661 4.912441 0.000194
v -0.590746 5.044802 -0.245897
v -0.451513 5.045570 -0.454393
v -0.446531 5.032422 -0.449389
v -0.584237 5.031652 -0.243182
v -0.584251 4.900163 -0.243023
v -0.446545 4.900932 -0.449230
v 0.595955 5.017132 0.245931
v 0.451737 5.003214 0.449458
v 0.589443 5.003983 0.243250
v 0.002622 4.888572 -0.642448
v 0.248399 4.888474 -0.593543
v 0.245701 4.875326 -0.587013
v 0.002621 4.875422 -0.635382
v 0.595977 4.992552 -0.245894
v 0.644854 4.991709 0.000032
v 0.637805 4.978560 0.000049
v 0.589465 4.979403 -0.243178
v 0.451743 5.055810 0.449394
v 0.245660 5.055264 0.587183
v -0.240465 4.875183 -0.586988
v 0.451719 4.819129 0.449680
v 0.245636 4.818583 0.587469
v -0.584267 4.977339 0.243342
v -0.632607 4.978186 0.000114
v -0.639655 4.965037 0.000130
v -0.590780 4.964190 0.246056
v -0.240527 4.844738 0.587462
v -0.446596 4.845163 0.449694
v -0.590765 4.860717 -0.245672
v -0.584256 4.847568 -0.242959
v 0.451780 4.980090 -0.449371
v 0.245712 4.980517 -0.587140
v 0.595952 4.990833 0.245964
v 0.456719 4.990066 0.454459
v 0.002628 4.941168 -0.642513
v 0.595975 4.966253 -0.245861
v 0.644851 4.965411 0.000065
v 0.637802 4.952262 0.000081
v 0.589462 4.953104 -0.243146
v 0.002575 5.055026 0.635577
v 0.002573 5.041877 0.642643
v 0.456703 4.832277 0.454651
v 0.248334 4.831732 0.593969
v 0.595972 4.939956 -0.245829
v -0.590777 4.990488 0.246024
v -0.639653 4.991335 0.000098
v -0.243220 4.884184 0.593930
v -0.451575 4.884609 0.454633
v -0.446593 4.871460 0.449662
v -0.240524 4.871036 0.587430
v -0.590760 4.913312 -0.245737
v -0.451526 4.914081 -0.454232
v 0.589446 5.030281 0.243218
v 0.002623 4.901721 -0.635413
v 0.589468 5.005701 -0.243210
v 0.637808 5.004858 0.000018
v 0.002572 5.028728 0.635609
v 0.002570 5.015580 0.642675
v 0.245639 4.844881 0.587437
v 0.002554 4.844644 0.635831
v 0.002552 4.831494 0.642900
v -0.632604 5.004484 0.000082
v 0.456727 5.068959 0.454362
v 0.248358 5.068414 0.593680
v -0.240522 4.897333 0.587398
v -0.446590 4.897758 0.449630
v -0.584245 4.952758 -0.243087
v -0.446539 4.953527 -0.449294
v -0.451524 4.940378 -0.454264
v -0.590757 4.939610 -0.245769
v 0.451732 4.950618 0.449521
v 0.589438 4.951386 0.243314
v 0.002629 4.954317 -0.635477
v 0.002576 5.068175 0.642611
v -0.590769 5.069382 0.245927
v -0.451572 4.910907 0.454601
v -0.243218 4.910482 0.593898
v 0.451721 4.845426 0.449648
v -0.590755 4.965907 -0.245801
v -0.451521 4.966677 -0.454296
v 0.456768 5.019537 -0.454406
v 0.248413 5.019963 -0.593703
v 0.595958 5.043429 0.245899
v 0.248397 4.862177 -0.593511
v 0.002620 4.862274 -0.642416
v 0.595980 5.018849 -0.245926
v 0.644856 5.018007 0.000000
v 0.245655 5.002668 0.587247
v 0.002569 5.002431 0.635640
v 0.002568 4.989282 0.642707
v 0.248350 4.989519 0.593776
v 0.248337 4.858029 0.593937
v 0.002554 4.857793 0.642868
v -0.446537 4.979825 -0.449326
v -0.240454 4.980375 -0.587115
v -0.243152 4.967226 -0.593614
v -0.584243 4.979056 -0.243118
v -0.639650 5.017632 0.000066
v 0.451786 5.032686 -0.449435
v 0.245717 5.033112 -0.587203
v 0.595960 5.069728 0.245867
v 0.589448 5.056579 0.243187
v 0.002630 4.967465 -0.642545
v 0.644848 4.939113 0.000097
v 0.002551 4.818346 0.635863
v -0.446588 4.924056 0.449598
v -0.584273 4.924744 0.243405
v -0.240457 4.954077 -0.587083
v -0.243155 4.940928 -0.593582
v 0.456771 5.045835 -0.454439
v 0.595983 5.045148 -0.245958
v 0.589470 5.031999 -0.243242
v 0.248415 5.046261 -0.593736
v -0.240519 4.923631 0.587367
v 0.002631 4.980615 -0.635509
v 0.637810 5.031156 -0.000014
v 0.245641 4.871178 0.587406
v 0.002556 4.870942 0.635799
v -0.451518 4.992974 -0.454328
v -0.243149 4.993524 -0.593646
v 0.456749 4.835452 -0.454182
v 0.595961 4.834765 -0.245701
v 0.589449 4.821616 -0.242988
v 0.451764 4.822303 -0.449181
v 0.245696 4.822730 -0.586949
v -0.590752 4.992206 -0.245833
v 0.002633 4.993764 -0.642577
v 0.644859 5.044304 -0.000032
v 0.637789 4.820772 0.000240
v -0.584259 5.056233 0.243246
v -0.446574 5.055546 0.449440
v -0.451570 4.937204 0.454569
v -0.590782 4.937892 0.246088
v 0.451788 5.058984 -0.449467
v 0.589473 5.058297 -0.243273
v -0.639645 5.070228 0.000001
v 0.002634 5.006913 -0.635541
v 0.245719 5.059410 -0.587235
v 0.637813 5.057453 -0.000046
v 0.644837 4.833920 0.000225
v 0.248339 4.884327 0.593905
v 0.002557 4.884090 0.642836
v -0.451578 4.858312 0.454665
v -0.446534 5.006124 -0.449358
v -0.240451 5.006672 -0.587147
v 0.451767 4.848600 -0.449213
v 0.589452 4.847914 -0.243019
v 0.456713 4.937469 0.454523
v -0.243204 5.041971 0.593737
v -0.451559 5.042397 0.454441
v 0.595985 5.071445 -0.245990
v 0.644862 5.070602 -0.000064
v 0.248394 4.835878 -0.593478
v 0.637792 4.847070 0.000208
v 0.245644 4.897476 0.587374
v 0.002559 4.897240 0.635768
v -0.446585 4.950354 0.449567
v -0.584270 4.951041 0.243373
v -0.240459 4.927779 -0.587051
v -0.446542 4.927229 -0.449262
v 0.456773 5.072133 -0.454471
v 0.451770 4.874898 -0.449244
v 0.589454 4.874211 -0.243051
v 0.595964 4.861063 -0.245733
v 0.456752 4.861749 -0.454214
v -0.240511 5.002524 0.587271
v -0.451564 4.989800 0.454505
v -0.243209 4.989375 0.593801
v -0.632612 4.925590 0.000178
v 0.644840 4.860219 0.000193
v 0.002636 5.020061 -0.642609
v 0.002560 4.910389 0.642804
v -0.451567 4.963503 0.454537
v -0.451516 5.019273 -0.454360
v -0.243147 5.019821 -0.593678
v -0.240506 5.055120 0.587208
v -0.584281 4.845851 0.243500
v -0.632620 4.846696 0.000273
v -0.639669 4.833547 0.000291
v -0.590793 4.832702 0.246217
v -0.243223 4.857887 0.593962
v 0.002561 4.923538 0.635736
v -0.446582 4.976652 0.449535
v -0.240449 5.032970 -0.587178
v -0.632599 5.057079 0.000019
v -0.632610 4.951888 0.000146
v -0.584248 4.926461 -0.243055
v 0.637794 4.873368 0.000177
v -0.243144 5.046119 -0.593710
v -0.240470 4.822587 -0.586924
v 0.451727 4.898022 0.449585
v -0.240514 4.976226 0.587303
v -0.243212 4.963078 0.593833
v 0.644843 4.886517 0.000161
v 0.002615 4.822827 -0.635318
v 0.002636 5.033211 -0.635572
v 0.245698 4.849028 -0.586981
v -0.584240 5.005354 -0.243150
v -0.243215 4.936779 0.593866
v -0.584262 5.029935 0.243278
v -0.632602 5.030781 0.000050
v 0.456705 4.858575 0.454619
v -0.243160 4.888331 -0.593518
v -0.584283 4.819553 0.243532
v 0.002565 4.962985 0.642739
v 0.637797 4.899666 0.000145
v 0.002617 4.835976 -0.642384
v 0.002638 5.046360 -0.642641
v -0.590749 5.018503 -0.245865
v -0.240516 4.949928 0.587335
v -0.590772 5.043084 0.245959
v -0.639647 5.043930 0.000034
v -0.632623 4.820398 0.000305
v 0.451724 4.871724 0.449616
v -0.240462 4.901481 -0.587020
v 0.002567 4.976133 0.635672
v 0.644846 4.912815 0.000129
v 0.002618 4.849125 -0.635350
v 0.002639 5.059509 -0.635604
v 0.456708 4.884873 0.454587
v -0.243157 4.914630 -0.593550
v 0.637800 4.925964 0.000113
v -0.639658 4.938739 0.000162
v 0.595947 4.938237 0.246028
v 0.589435 4.925088 0.243346
v 0.595944 4.911940 0.246060
v 0.589432 4.898791 0.243377
v 0.595942 4.885642 0.246092
v 0.589430 4.872493 0.243409
v 0.595939 4.859344 0.246124
v 0.589427 4.846196 0.243441
v 0.595936 4.833047 0.246156
v 0.589425 4.819898 0.243473
v -0.550696 4.793315 0.229641
v -0.420892 4.792666 0.424033
v 0.002550 4.792176 0.599516
v 0.231722 4.792400 0.553892
v 0.601430 4.794463 0.000274
v 0.555857 4.795259 -0.229033
v 0.231778 4.796309 -0.553307
v 0.002611 4.796402 -0.598908
v -0.596269 4.794110 0.000335
v -0.550673 4.794934 -0.228976
v 0.555834 4.793640 0.229585
v -0.226618 4.792265 0.553916
v 0.426010 4.792914 0.423990
v 0.426053 4.795907 -0.423424
v 0.231722 5.182900 0.553892
v 0.426010 5.183415 0.423990
v 0.555857 5.185760 -0.229033
v 0.426053 5.186408 -0.423424
v -0.226561 5.186675 -0.553284
v -0.420849 5.186159 -0.423381
v -0.550696 5.183815 0.229641
v -0.420892 5.183167 0.424033
v 0.002550 5.182676 0.599516
v 0.601430 5.184964 0.000274
v 0.231778 5.186810 -0.553307
v 0.002611 5.186902 -0.598908
v -0.596269 5.184611 0.000335
v -0.550673 5.185434 -0.228976
v 0.555834 5.184140 0.229585
v -0.226618 5.182766 0.553916
v -0.446037 4.823859 0.451385
v -0.583531 4.823859 0.245610
v -0.583531 4.882969 0.245610
v -0.446037 4.882969 0.451384
v 0.588460 4.823859 -0.239845
v 0.636742 4.823859 0.002883
v 0.636742 4.882969 0.002883
v 0.588460 4.882969 -0.239845
v -0.631812 4.823859 0.002883
v -0.583531 4.823859 -0.239844
v -0.583531 4.882969 -0.239844
v -0.631812 4.882969 0.002883
v 0.245192 4.823859 0.588879
v 0.002465 4.823864 0.637160
v 0.002465 4.882973 0.637160
v 0.245192 4.882969 0.588879
v 0.450966 4.823859 0.451385
v 0.450966 4.882969 0.451385
v 0.588460 4.823859 0.245610
v 0.588460 4.882969 0.245610
v -0.240263 4.823859 0.588879
v -0.240263 4.882969 0.588879
v -0.452012 4.823859 0.454086
v -0.452012 4.882969 0.454086
v -0.591338 4.882969 0.245570
v -0.591338 4.823859 0.245570
v 0.596267 4.823859 -0.246352
v 0.596267 4.882969 -0.246352
v 0.646038 4.882969 0.000547
v 0.646038 4.823859 0.000547
v -0.640263 4.823859 -0.000391
v -0.640263 4.882969 -0.000391
v -0.591338 4.882969 -0.246352
v -0.591338 4.823859 -0.246352
v 0.248426 4.823859 0.593411
v 0.248426 4.882969 0.593411
v 0.002465 4.882973 0.642336
v 0.002465 4.823864 0.642336
v 0.457135 4.823859 0.454583
v 0.457135 4.882969 0.454583
v 0.597526 4.823859 0.247133
v 0.597526 4.882969 0.247133
v -0.243497 4.882969 0.593411
v -0.243497 4.823859 0.593411
v 0.605928 4.859629 -0.229162
v 0.607061 4.862086 -0.223340
v 0.608192 4.859629 -0.217516
v 0.608658 4.853697 -0.215103
v 0.608186 4.847765 -0.217515
v 0.607053 4.845308 -0.223337
v 0.605922 4.847764 -0.229161
v 0.605456 4.853696 -0.231574
v 0.569434 4.868546 -0.231136
v 0.568254 4.853714 -0.237165
v 0.569419 4.838881 -0.231132
v 0.572246 4.832738 -0.216571
v 0.575080 4.838882 -0.202012
v 0.576259 4.853715 -0.195983
v 0.575094 4.868547 -0.202016
v 0.572267 4.874691 -0.216577
v 0.600458 4.838866 -0.237166
v 0.599293 4.853698 -0.243199
v 0.606119 4.838867 -0.208046
v 0.603286 4.832723 -0.222605
v 0.606134 4.868532 -0.208049
v 0.607299 4.853700 -0.202017
v 0.600473 4.868531 -0.237170
v 0.603307 4.874675 -0.222610
v 0.481662 4.859637 0.455299
v 0.476434 4.862094 0.458102
v 0.471204 4.859637 0.460902
v 0.469037 4.853705 0.462060
v 0.471201 4.847773 0.460897
v 0.476429 4.845316 0.458094
v 0.481659 4.847773 0.455294
v 0.483827 4.853704 0.454136
v 0.484275 4.868543 0.441329
v 0.489687 4.853710 0.438421
v 0.484267 4.838878 0.441316
v 0.471191 4.832735 0.448318
v 0.458118 4.838879 0.455326
v 0.452707 4.853712 0.458234
v 0.458127 4.868544 0.455339
v 0.471203 4.874687 0.448336
v 0.487693 4.838874 0.447710
v 0.493112 4.853706 0.444815
v 0.461544 4.838875 0.461719
v 0.474617 4.832731 0.454712
v 0.461552 4.868540 0.461732
v 0.456132 4.853708 0.464627
v 0.487701 4.868539 0.447723
v 0.474628 4.874683 0.454730
v -0.605928 4.859629 -0.229162
v -0.605456 4.853696 -0.231574
v -0.605922 4.847764 -0.229161
v -0.607053 4.845308 -0.223337
v -0.608186 4.847765 -0.217515
v -0.608658 4.853697 -0.215103
v -0.608192 4.859629 -0.217516
v -0.607061 4.862086 -0.223340
v -0.569434 4.868546 -0.231136
v -0.572267 4.874691 -0.216577
v -0.575094 4.868547 -0.202016
v -0.576259 4.853715 -0.195983
v -0.575080 4.838882 -0.202012
v -0.572246 4.832738 -0.216571
v -0.569419 4.838881 -0.231132
v -0.568254 4.853714 -0.237165
v -0.600458 4.838866 -0.237166
v -0.599294 4.853698 -0.243199
v -0.606119 4.838867 -0.208046
v -0.603286 4.832723 -0.222605
v -0.606134 4.868532 -0.208049
v -0.607299 4.853700 -0.202017
v -0.600473 4.868531 -0.237170
v -0.603307 4.874675 -0.222610
v 0.436244 4.853415 0.479043
v 0.436153 4.866762 0.478911
v 0.417665 4.866761 0.493125
v 0.417756 4.853415 0.493257
v 0.435434 4.877330 0.477881
v 0.416947 4.877322 0.492097
v 0.398461 4.877315 0.506313
v 0.399177 4.866761 0.507339
v 0.399267 4.853415 0.507471
v 0.424183 4.853415 0.462053
v 0.405694 4.853415 0.476268
v 0.405785 4.866761 0.476400
v 0.424274 4.866761 0.462185
v 0.387206 4.853415 0.490482
v 0.387297 4.866762 0.490614
v 0.388016 4.877330 0.491644
v 0.406503 4.877322 0.477427
v 0.424989 4.877315 0.463211
v 0.430204 4.822944 0.470535
v 0.411725 4.822944 0.484762
v 0.408717 4.823998 0.480538
v 0.427187 4.824019 0.466300
v 0.393247 4.822944 0.498989
v 0.390246 4.823981 0.494775
v 0.388016 4.829499 0.491644
v 0.406503 4.829507 0.477428
v 0.424989 4.829515 0.463211
v 0.435434 4.829499 0.477881
v 0.436153 4.840068 0.478911
v 0.417665 4.840068 0.493125
v 0.416947 4.829507 0.492097
v 0.399177 4.840069 0.507339
v 0.398461 4.829515 0.506313
v 0.405785 4.840068 0.476400
v 0.424274 4.840069 0.462185
v 0.387297 4.840068 0.490614
v 0.393247 4.883885 0.498989
v 0.411725 4.883885 0.484762
v 0.408717 4.882830 0.480537
v 0.390246 4.882849 0.494775
v 0.430203 4.883885 0.470535
v 0.427187 4.882811 0.466300
v 0.414733 4.882829 0.488987
v 0.396263 4.882811 0.503224
v 0.433204 4.882849 0.474750
v 0.414733 4.823998 0.488987
v 0.433204 4.823981 0.474750
v 0.396263 4.824019 0.503224
v -0.436244 4.853415 0.479043
v -0.417756 4.853415 0.493257
v -0.417665 4.866761 0.493125
v -0.436153 4.866762 0.478911
v -0.416947 4.877322 0.492097
v -0.435434 4.877330 0.477881
v -0.399177 4.866761 0.507339
v -0.398461 4.877315 0.506313
v -0.399267 4.853415 0.507471
v -0.424183 4.853415 0.462053
v -0.424274 4.866761 0.462185
v -0.405785 4.866761 0.476400
v -0.405694 4.853415 0.476268
v -0.387297 4.866762 0.490614
v -0.387206 4.853415 0.490482
v -0.406503 4.877322 0.477427
v -0.388016 4.877330 0.491644
v -0.424989 4.877315 0.463211
v -0.430204 4.822944 0.470535
v -0.427187 4.824019 0.466300
v -0.408717 4.823998 0.480538
v -0.411725 4.822944 0.484762
v -0.390246 4.823981 0.494775
v -0.393247 4.822944 0.498989
v -0.406503 4.829507 0.477428
v -0.388016 4.829499 0.491644
v -0.424989 4.829515 0.463211
v -0.435434 4.829499 0.477881
v -0.416947 4.829507 0.492097
v -0.417665 4.840068 0.493125
v -0.436153 4.840068 0.478911
v -0.399177 4.840069 0.507339
v -0.398461 4.829515 0.506313
v -0.424274 4.840069 0.462185
v -0.405785 4.840068 0.476400
v -0.387297 4.840068 0.490614
v -0.393247 4.883885 0.498989
v -0.390246 4.882849 0.494775
v -0.408717 4.882830 0.480537
v -0.411725 4.883885 0.484762
v -0.427187 4.882811 0.466300
v -0.430203 4.883885 0.470535
v -0.396263 4.882811 0.503224
v -0.414733 4.882829 0.488987
v -0.433204 4.882849 0.474750
v -0.433204 4.823981 0.474750
v -0.414734 4.823998 0.488987
v -0.396263 4.824019 0.503224
v 0.434416 4.853415 0.476664
v 0.415927 4.853415 0.490878
v 0.415840 4.866578 0.490751
v 0.434328 4.866578 0.476537
v 0.415227 4.876307 0.489859
v 0.433715 4.876307 0.475645
v 0.397351 4.866578 0.504965
v 0.396739 4.876307 0.504073
v 0.397439 4.853415 0.505093
v 0.426011 4.853415 0.464432
v 0.426099 4.866578 0.464559
v 0.407610 4.866577 0.478773
v 0.407523 4.853415 0.478646
v 0.389122 4.866578 0.492988
v 0.389035 4.853415 0.492860
v 0.408223 4.876307 0.479665
v 0.389735 4.876307 0.493880
v 0.426711 4.876307 0.465451
v 0.430213 4.825944 0.470548
v 0.428200 4.826517 0.467617
v 0.409712 4.826516 0.481832
v 0.411725 4.825944 0.484762
v 0.391223 4.826517 0.496046
v 0.393237 4.825944 0.498976
v 0.408223 4.830523 0.479665
v 0.389735 4.830522 0.493880
v 0.426711 4.830522 0.465451
v 0.433715 4.830522 0.475645
v 0.415227 4.830523 0.489859
v 0.415840 4.840251 0.490751
v 0.434328 4.840252 0.476537
v 0.397351 4.840252 0.504965
v 0.396739 4.830522 0.504073
v 0.426099 4.840252 0.464559
v 0.407610 4.840251 0.478773
v 0.389122 4.840252 0.492988
v 0.393237 4.880886 0.498976
v 0.391223 4.880313 0.496046
v 0.409711 4.880313 0.481831
v 0.411725 4.880885 0.484762
v 0.428200 4.880313 0.467617
v 0.430213 4.880886 0.470548
v 0.395250 4.880313 0.501907
v 0.413739 4.880312 0.487693
v 0.432227 4.880313 0.473479
v 0.432227 4.826517 0.473479
v 0.413739 4.826516 0.487693
v 0.395250 4.826517 0.501907
v -0.434416 4.853415 0.476664
v -0.434328 4.866578 0.476537
v -0.415840 4.866578 0.490751
v -0.415927 4.853415 0.490878
v -0.433715 4.876307 0.475645
v -0.415227 4.876307 0.489859
v -0.396739 4.876307 0.504073
v -0.397351 4.866578 0.504965
v -0.397439 4.853415 0.505093
v -0.426011 4.853415 0.464432
v -0.407523 4.853415 0.478646
v -0.407610 4.866577 0.478773
v -0.426099 4.866578 0.464559
v -0.389035 4.853415 0.492860
v -0.389122 4.866578 0.492988
v -0.389735 4.876307 0.493880
v -0.408223 4.876307 0.479665
v -0.426711 4.876307 0.465451
v -0.430213 4.825944 0.470548
v -0.411725 4.825944 0.484762
v -0.409712 4.826516 0.481832
v -0.428200 4.826517 0.467617
v -0.393237 4.825944 0.498976
v -0.391223 4.826517 0.496046
v -0.389735 4.830522 0.493880
v -0.408223 4.830523 0.479665
v -0.426711 4.830522 0.465451
v -0.433715 4.830522 0.475645
v -0.434328 4.840252 0.476537
v -0.415840 4.840251 0.490751
v -0.415227 4.830523 0.489859
v -0.397351 4.840252 0.504965
v -0.396739 4.830522 0.504073
v -0.407610 4.840251 0.478773
v -0.426099 4.840252 0.464559
v -0.389122 4.840252 0.492988
v -0.393237 4.880886 0.498976
v -0.411725 4.880885 0.484762
v -0.409711 4.880313 0.481831
v -0.391223 4.880313 0.496046
v -0.430213 4.880886 0.470548
v -0.428200 4.880313 0.467617
v -0.413739 4.880312 0.487693
v -0.395250 4.880313 0.501907
v -0.432227 4.880313 0.473479
v -0.413739 4.826516 0.487693
v -0.432227 4.826517 0.473479
v -0.395250 4.826517 0.501907
v -0.446037 4.853415 0.456772
v -0.583740 4.853415 0.249719
v -0.583740 4.880116 0.249719
v -0.446037 4.880116 0.456772
v 0.245192 4.853415 0.594266
v 0.002465 4.853418 0.642548
v 0.002465 4.880119 0.642548
v 0.245192 4.880116 0.594266
v 0.442748 4.853415 0.461719
v 0.442748 4.880116 0.461719
v -0.240263 4.853415 0.594266
v -0.240263 4.880116 0.594266
v -0.452012 4.853415 0.459473
v -0.452012 4.880116 0.459473
v -0.591129 4.880116 0.252237
v -0.591129 4.853415 0.252237
v 0.248426 4.853415 0.598799
v 0.248426 4.880116 0.598799
v 0.002465 4.880119 0.647724
v 0.002465 4.853418 0.647724
v 0.446958 4.853415 0.466688
v 0.446958 4.880116 0.466688
v -0.243497 4.880116 0.598799
v -0.243497 4.853415 0.598799
v 0.245192 4.826713 0.594266
v 0.248426 4.826713 0.598799
v 0.002465 4.826717 0.647724
v 0.002465 4.826717 0.642548
v -0.446037 4.826713 0.456772
v -0.452012 4.826713 0.459473
v -0.591129 4.826713 0.252237
v -0.583740 4.826713 0.249719
v 0.442748 4.826713 0.461719
v 0.446958 4.826713 0.466688
v -0.240263 4.826713 0.594266
v -0.243497 4.826713 0.598799
v 0.454936 4.853415 0.454409
v 0.454936 4.826713 0.454409
v -0.637980 4.853415 -0.000110
v -0.637980 4.880116 -0.000110
v -0.645668 4.880116 -0.001469
v -0.645668 4.853415 -0.001469
v -0.645668 4.826713 -0.001469
v -0.637980 4.826713 -0.000110
v -0.595912 4.880116 -0.205759
v -0.602515 4.880116 -0.209924
v -0.595912 4.853415 -0.205759
v -0.602515 4.826713 -0.209924
v -0.595912 4.826713 -0.205759
v -0.602515 4.853415 -0.209924
v 0.481503 4.826713 0.440693
v 0.485041 4.826713 0.445973
v 0.458996 4.826713 0.459344
v 0.458996 4.880116 0.459344
v 0.454936 4.880116 0.454409
v 0.458996 4.853415 0.459344
v 0.488694 4.853415 0.444097
v 0.493758 4.863344 0.441497
v 0.485041 4.880116 0.445973
v 0.493758 4.843485 0.441497
v 0.481503 4.880116 0.440693
v 0.490424 4.863289 0.436087
v 0.485447 4.853415 0.438657
v 0.490424 4.843540 0.436087
v 0.492593 4.853415 0.434968
v 0.495896 4.853415 0.440400
v -0.827533 5.160323 -0.003914
v -0.811259 5.155639 -0.166254
v -0.797495 5.152276 -0.163432
v -0.813492 5.156961 -0.003847
v -0.763949 5.158976 -0.321642
v -0.750987 5.155613 -0.316184
v -0.738025 5.158976 -0.310726
v -0.783730 5.155639 -0.160611
v -0.799451 5.160324 -0.003780
v 0.000000 5.359874 0.830987
v -0.161892 5.342754 0.817022
v -0.159145 5.339391 0.803160
v 0.000000 5.356512 0.816888
v -0.317482 5.310382 0.772700
v -0.312095 5.307019 0.759591
v -0.306709 5.310382 0.746481
v -0.156398 5.342754 0.789298
v 0.000000 5.359874 0.802789
v 0.316279 5.205156 -0.766001
v 0.161240 5.194916 -0.813537
v 0.158504 5.198278 -0.799732
v 0.310913 5.208520 -0.753004
v 0.000000 5.187394 -0.829917
v 0.000000 5.190757 -0.815835
v 0.000000 5.187393 -0.801753
v 0.155768 5.194915 -0.785928
v 0.305546 5.205156 -0.740006
v 0.765129 5.200397 0.316187
v 0.752147 5.197034 0.310823
v 0.798120 5.172320 0.156216
v 0.811895 5.175684 0.158911
v 0.739165 5.200397 0.305459
v 0.784344 5.175684 0.153520
v 0.799451 5.160323 -0.003780
v 0.813492 5.156961 -0.003847
v 0.827533 5.160324 -0.003914
v 0.763949 5.176912 -0.321642
v 0.750987 5.180275 -0.316184
v 0.797494 5.176937 -0.163432
v 0.811259 5.173575 -0.166254
v 0.738025 5.176912 -0.310726
v 0.783730 5.173575 -0.160611
v 0.799451 5.178260 -0.003780
v 0.813492 5.181623 -0.003847
v 0.827533 5.178260 -0.003914
v 0.765129 5.218333 0.316187
v 0.688814 5.249118 0.462000
v 0.693197 5.240151 0.464939
v 0.769997 5.209365 0.318199
v 0.586065 5.278827 0.590491
v 0.589794 5.269858 0.594248
v 0.586065 5.260890 0.590491
v 0.688814 5.231182 0.462000
v 0.000000 5.377811 0.802789
v 0.156398 5.360691 0.789298
v 0.155368 5.351722 0.784100
v 0.000000 5.368843 0.797502
v 0.306709 5.328319 0.746481
v 0.304689 5.319351 0.741564
v 0.306709 5.310382 0.746481
v 0.156398 5.342754 0.789299
v -0.566178 5.278827 0.570454
v -0.445026 5.302563 0.672274
v -0.442095 5.293595 0.667847
v -0.562449 5.269858 0.566698
v -0.306709 5.328319 0.746481
v -0.304689 5.319351 0.741564
v -0.445026 5.284626 0.672274
v -0.566178 5.260890 0.570454
v -0.738025 5.176912 -0.310726
v -0.783730 5.173575 -0.160611
v -0.778568 5.164606 -0.159553
v -0.733164 5.167944 -0.308679
v -0.799451 5.178260 -0.003780
v -0.794186 5.169292 -0.003755
v 0.752147 5.221696 0.310823
v 0.677127 5.252482 0.454162
v 0.739165 5.218333 0.305459
v 0.665440 5.249118 0.446324
v 0.566178 5.278827 0.570454
v 0.576122 5.282190 0.580473
v 0.317482 5.310382 0.772700
v 0.312095 5.307019 0.759591
v 0.452843 5.281264 0.684081
v 0.460659 5.284626 0.695887
v 0.445026 5.284626 0.672274
v 0.566178 5.260890 0.570454
v 0.576122 5.257527 0.580473
v -0.763949 5.176912 -0.321642
v -0.811259 5.173575 -0.166254
v -0.797495 5.176938 -0.163432
v -0.750987 5.180275 -0.316184
v -0.827533 5.178260 -0.003914
v -0.813492 5.181623 -0.003847
v 0.763949 5.158976 -0.321642
v 0.750987 5.155613 -0.316184
v 0.675606 5.163563 -0.455977
v 0.687267 5.166926 -0.463848
v 0.738025 5.158976 -0.310726
v 0.663945 5.166926 -0.448106
v 0.564550 5.177019 -0.568051
v 0.574465 5.173656 -0.578029
v 0.584381 5.177019 -0.588007
v -0.161240 5.194915 -0.813537
v -0.158504 5.198278 -0.799732
v -0.316279 5.205156 -0.766001
v -0.310913 5.208519 -0.753004
v -0.305546 5.205157 -0.740006
v -0.155768 5.194915 -0.785928
v -0.811895 5.193621 0.158911
v -0.798120 5.196983 0.156216
v -0.765129 5.218333 0.316187
v -0.752147 5.221696 0.310823
v -0.739165 5.218333 0.305459
v -0.784344 5.193620 0.153520
v -0.586065 5.260890 0.590491
v -0.688814 5.231182 0.462000
v -0.677127 5.227818 0.454162
v -0.576121 5.257528 0.580473
v -0.765129 5.200397 0.316187
v -0.752147 5.197034 0.310823
v -0.739165 5.200397 0.305459
v -0.665440 5.231182 0.446324
v -0.584381 5.194955 -0.588006
v -0.687267 5.184863 -0.463848
v -0.675606 5.188226 -0.455977
v -0.574465 5.198319 -0.578029
v -0.663945 5.184863 -0.448106
v -0.564550 5.194955 -0.568051
v -0.584381 5.177019 -0.588007
v -0.459096 5.186084 -0.689833
v -0.451306 5.182721 -0.678128
v -0.574465 5.173656 -0.578029
v -0.316279 5.187220 -0.766001
v -0.310913 5.183857 -0.753004
v -0.305546 5.187220 -0.740006
v -0.443517 5.186084 -0.666422
v -0.564550 5.177019 -0.568051
v 0.798120 5.196983 0.156216
v 0.811895 5.193620 0.158911
v 0.784344 5.193620 0.153520
v -0.688814 5.249118 0.462000
v -0.677127 5.252482 0.454162
v -0.586065 5.278827 0.590491
v -0.576121 5.282190 0.580473
v -0.665440 5.249118 0.446324
v 0.303534 5.196188 -0.735132
v 0.440595 5.195053 -0.662033
v 0.443517 5.204021 -0.666422
v 0.305546 5.187221 -0.740006
v 0.443517 5.186084 -0.666422
v 0.560832 5.185987 -0.564310
v 0.564550 5.194955 -0.568051
v 0.584380 5.194955 -0.588007
v 0.574465 5.198319 -0.578029
v 0.675606 5.188226 -0.455977
v 0.687267 5.184863 -0.463848
v 0.663945 5.184863 -0.448106
v -0.459096 5.204021 -0.689833
v -0.451306 5.207383 -0.678128
v -0.443517 5.204020 -0.666422
v 0.797494 5.152276 -0.163432
v 0.811259 5.155639 -0.166254
v 0.783730 5.155639 -0.160611
v 0.000000 5.169457 -0.829917
v 0.161240 5.176979 -0.813537
v 0.158504 5.173616 -0.799732
v 0.000000 5.166095 -0.815835
v 0.316279 5.187220 -0.766001
v 0.310913 5.183857 -0.753004
v 0.155768 5.176980 -0.785928
v 0.000000 5.169458 -0.801753
v -0.154742 5.185946 -0.780752
v 0.000000 5.178426 -0.796472
v -0.303534 5.196188 -0.735132
v -0.155768 5.176979 -0.785928
v 0.691640 5.175895 -0.466800
v 0.588099 5.185987 -0.591748
v 0.768810 5.167944 -0.323689
v -0.440595 5.195052 -0.662033
v -0.560832 5.185987 -0.564310
v 0.161892 5.342754 0.817022
v 0.159145 5.339391 0.803160
v 0.733164 5.167944 -0.308679
v 0.778568 5.164607 -0.159553
v 0.794186 5.169292 -0.003755
v -0.687267 5.166926 -0.463848
v -0.675606 5.163563 -0.455977
v -0.663945 5.166926 -0.448106
v -0.156398 5.360691 0.789298
v -0.155368 5.351723 0.784100
v 0.734297 5.209365 0.303448
v 0.661057 5.240150 0.443384
v 0.665440 5.231183 0.446324
v 0.562449 5.269858 0.566698
v 0.677127 5.227818 0.454162
v 0.452842 5.305926 0.684081
v 0.460659 5.302563 0.695887
v 0.445026 5.302563 0.672274
v 0.312095 5.331682 0.759591
v 0.317482 5.328319 0.772700
v 0.779178 5.184652 0.152509
v 0.154742 5.185946 -0.780752
v 0.659572 5.175894 -0.445155
v 0.442095 5.293595 0.667847
v -0.779178 5.184652 0.152509
v -0.734297 5.209365 0.303448
v -0.784344 5.175683 0.153520
v -0.661057 5.240151 0.443384
v -0.659572 5.175895 -0.445155
v 0.817061 5.184652 0.159922
v 0.832798 5.169292 -0.003939
v 0.000000 5.377810 0.830987
v -0.000000 5.368843 0.836274
v 0.162922 5.351722 0.822221
v 0.161892 5.360691 0.817022
v 0.319502 5.319351 0.777617
v 0.463590 5.293595 0.700315
v 0.318292 5.196188 -0.770875
v 0.162266 5.185946 -0.818713
v 0.000000 5.178426 -0.835198
v -0.768810 5.167944 -0.323689
v -0.816421 5.164607 -0.167312
v -0.832798 5.169292 -0.003939
v -0.317482 5.328319 0.772700
v -0.319502 5.319351 0.777617
v -0.162922 5.351722 0.822221
v -0.161892 5.360691 0.817022
v 0.459096 5.204020 -0.689833
v 0.462017 5.195052 -0.694223
v 0.459096 5.186084 -0.689833
v -0.589794 5.269858 0.594248
v -0.463590 5.293595 0.700315
v -0.460659 5.302563 0.695887
v -0.460659 5.284626 0.695887
v 0.816421 5.164606 -0.167312
v -0.162266 5.185947 -0.818713
v -0.161240 5.176980 -0.813537
v -0.318292 5.196188 -0.770875
v -0.769997 5.209365 0.318199
v -0.693197 5.240150 0.464939
v -0.588099 5.185987 -0.591748
v -0.691640 5.175894 -0.466800
v -0.817061 5.184652 0.159922
v -0.811895 5.175683 0.158911
v 0.451306 5.207384 -0.678128
v -0.462017 5.195053 -0.694223
v 0.159145 5.364054 0.803160
v 0.000000 5.381174 0.816888
v 0.451306 5.182721 -0.678128
v -0.452842 5.305926 0.684081
v -0.312095 5.331682 0.759590
v -0.798120 5.172320 0.156216
v -0.159145 5.364054 0.803160
v -0.158504 5.173615 -0.799732
v -0.452843 5.281264 0.684081
v 0.579805 4.803558 0.241969
v 0.615678 4.803897 0.132409
v 0.613825 4.800313 0.128994
v 0.577701 4.799938 0.239255
v 0.630755 4.803114 0.064776
v 0.631717 4.800149 0.050419
v 0.627321 4.796540 0.064334
v 0.611385 4.795507 0.131466
v 0.575575 4.794792 0.240226
v -0.236553 4.801810 0.580963
v -0.119337 4.801708 0.616510
v -0.118890 4.798344 0.611963
v -0.235677 4.798436 0.576558
v 0.002550 4.801702 0.628559
v 0.002549 4.798338 0.623966
v 0.002549 4.792935 0.623986
v -0.118444 4.792943 0.612026
v -0.234801 4.793045 0.576739
v 0.520139 4.799508 0.346987
v 0.522041 4.803021 0.350277
v 0.518233 4.794255 0.347741
v 0.441130 4.793808 0.442014
v 0.442749 4.799130 0.441456
v 0.444368 4.802573 0.445244
v -0.343278 4.798615 0.518956
v -0.344550 4.802013 0.523115
v -0.342007 4.793247 0.519315
v -0.436013 4.793551 0.442058
v -0.437631 4.798873 0.441500
v -0.439250 4.802317 0.445289
v 0.348388 4.798815 0.518921
v 0.349660 4.802215 0.523079
v 0.347116 4.793449 0.519280
v 0.239905 4.793183 0.576715
v 0.240781 4.798575 0.576534
v 0.241658 4.801949 0.580939
v -0.574667 4.803222 0.242028
v -0.572563 4.799602 0.239314
v -0.608676 4.799956 0.129056
v -0.610528 4.803541 0.132472
v -0.570437 4.794456 0.240284
v -0.606236 4.795150 0.131527
v -0.622165 4.796173 0.064397
v -0.626559 4.799782 0.050483
v -0.625598 4.802747 0.064840
v -0.515012 4.799205 0.347040
v -0.516913 4.802720 0.350329
v -0.513107 4.793953 0.347793
v 0.123990 4.798415 0.611951
v 0.124437 4.801780 0.616498
v 0.123544 4.793014 0.612014
v 0.580513 4.786606 0.287883
v 0.522952 4.783561 0.399965
v 0.522765 4.748241 0.478790
v 0.579790 4.755296 0.361285
v 0.445181 4.781069 0.499480
v 0.445086 4.742330 0.585589
v 0.444384 4.702885 0.668920
v 0.521865 4.712149 0.555117
v 0.578287 4.723105 0.432517
v 0.002554 4.777740 0.687226
v -0.119556 4.777789 0.675104
v -0.119522 4.734963 0.768012
v 0.002560 4.734846 0.780217
v -0.236987 4.778176 0.639133
v -0.236927 4.735836 0.731443
v -0.236538 4.692860 0.820668
v -0.119321 4.691513 0.857774
v 0.002565 4.691327 0.870045
v -0.234360 4.765028 0.632798
v -0.118217 4.764640 0.668378
v -0.118239 4.722362 0.761566
v -0.234409 4.723235 0.725372
v 0.002553 4.764591 0.680367
v 0.002559 4.722245 0.773645
v 0.002565 4.682561 0.865472
v -0.118428 4.682747 0.853290
v -0.234786 4.684094 0.816445
v -0.439234 4.702629 0.668965
v -0.516706 4.711848 0.555170
v -0.514774 4.694702 0.582606
v -0.437614 4.684232 0.698727
v -0.573117 4.722769 0.432576
v -0.570787 4.707081 0.458444
v -0.568897 4.714003 0.430831
v -0.512901 4.703082 0.552634
v -0.435997 4.693862 0.665734
v -0.569026 4.773121 0.285326
v -0.512108 4.770110 0.396214
v -0.512147 4.735339 0.475197
v -0.568561 4.742359 0.358836
v -0.435200 4.767664 0.494679
v -0.435295 4.729473 0.580990
v 0.575960 4.707417 0.458385
v 0.608831 4.720816 0.344149
v 0.611353 4.734456 0.319946
v 0.574066 4.714339 0.430773
v 0.607086 4.726065 0.319002
v 0.621383 4.738025 0.240636
v 0.624875 4.738423 0.240875
v 0.624792 4.744599 0.241078
v -0.341367 4.765988 0.574404
v -0.341441 4.725476 0.665147
v -0.341991 4.687593 0.754344
v 0.239470 4.765167 0.632774
v 0.346483 4.766191 0.574369
v 0.346569 4.725677 0.665112
v 0.239531 4.723374 0.725348
v 0.440324 4.767920 0.494634
v 0.440431 4.729729 0.580945
v 0.441145 4.694119 0.665689
v 0.347131 4.687794 0.754309
v 0.239920 4.684234 0.816420
v 0.123324 4.764711 0.668366
v 0.123358 4.722432 0.761554
v 0.123559 4.682817 0.853278
v 0.242099 4.778315 0.639109
v 0.124665 4.777860 0.675092
v 0.124643 4.735034 0.767999
v 0.242051 4.735975 0.731419
v 0.124453 4.691584 0.857761
v 0.241673 4.692999 0.820644
v 0.350300 4.779339 0.580069
v 0.350226 4.738278 0.670574
v 0.349676 4.696560 0.758109
v -0.623910 4.780947 0.089007
v -0.604635 4.776576 0.173479
v -0.602911 4.749806 0.247467
v -0.620602 4.757211 0.166739
v -0.601907 4.725708 0.319064
v -0.616199 4.737658 0.240699
v 0.633672 4.790082 0.089383
v 0.616234 4.789534 0.174800
v 0.614236 4.762238 0.248736
v 0.630159 4.765970 0.167119
v -0.235659 4.673144 0.852219
v -0.118872 4.671618 0.889416
v 0.002567 4.671407 0.901675
v 0.348406 4.677312 0.789206
v 0.442767 4.684489 0.698683
v 0.240799 4.673283 0.852195
v 0.574170 4.773457 0.285268
v 0.609790 4.776934 0.173417
v 0.608079 4.750164 0.247405
v 0.573717 4.742694 0.358778
v 0.629075 4.781316 0.088943
v 0.625778 4.757579 0.166675
v -0.575367 4.786270 0.287942
v -0.611076 4.789177 0.174862
v -0.609066 4.761880 0.248798
v -0.574631 4.754960 0.361343
v -0.628506 4.789713 0.089447
v -0.624981 4.765602 0.167183
v -0.619607 4.744232 0.241142
v -0.606173 4.734098 0.320008
v -0.603646 4.720459 0.344211
v -0.619687 4.738055 0.240939
v -0.440056 4.780813 0.499524
v -0.517817 4.783259 0.400018
v -0.517617 4.747940 0.478843
v -0.439948 4.742073 0.585634
v 0.519937 4.695004 0.582554
v 0.518058 4.703384 0.552582
v -0.344534 4.696358 0.758144
v -0.343260 4.677111 0.789241
v 0.124008 4.671689 0.889404
v 0.517241 4.770412 0.396162
v 0.517292 4.735641 0.475145
v -0.345182 4.779137 0.580104
v -0.345096 4.738077 0.670610
v -0.627909 4.762772 0.140467
v -0.632009 4.786205 0.059093
v 0.629893 4.793164 0.055429
v 0.637872 4.797721 0.026171
v 0.637178 4.786578 0.059028
v 0.634298 4.801555 0.055872
v 0.633089 4.763144 0.140402
v -0.624735 4.792797 0.055493
v -0.632710 4.797349 0.026236
v -0.629138 4.801187 0.055937
v -0.345105 4.798828 0.535467
v -0.236936 4.798482 0.593613
v -0.439957 4.799394 0.457020
v 0.517393 4.787892 0.357361
v 0.440422 4.787049 0.452332
v 0.574583 4.788956 0.249213
v -0.517737 4.800191 0.361059
v -0.575524 4.801220 0.251778
v -0.611670 4.802121 0.139529
v 0.610641 4.790405 0.138135
v 0.616822 4.802478 0.139466
v 0.580664 4.801556 0.251720
v -0.605491 4.790048 0.138197
v -0.569445 4.788619 0.249271
v 0.350217 4.799030 0.535432
v 0.445077 4.799650 0.456976
v 0.242042 4.798621 0.593589
v 0.124634 4.798397 0.629273
v 0.002551 4.798312 0.641363
v 0.123349 4.785796 0.622827
v 0.002550 4.785710 0.634790
v 0.239522 4.786021 0.587517
v 0.346560 4.786429 0.529970
v -0.341449 4.786228 0.530005
v -0.435304 4.786793 0.452377
v -0.234418 4.785881 0.587542
v -0.512265 4.787590 0.357414
v -0.118248 4.785725 0.622840
v -0.119531 4.798326 0.629285
v 0.522866 4.800493 0.361006

# UV coordinates
vt 0.568536 0.317754
vt 0.571132 0.320187
vt 0.561153 0.333215
vt 0.555474 0.336688
vt 0.576337 0.324599
vt 0.561756 0.341975
vt 0.547306 0.360051
vt 0.540538 0.167382
vt 0.535838 0.143018
vt 0.544655 0.142348
vt 0.548990 0.165190
vt 0.536020 0.118161
vt 0.544861 0.119037
vt 0.553542 0.119902
vt 0.553316 0.141634
vt 0.557286 0.162923
vt 0.656784 0.277418
vt 0.672054 0.288713
vt 0.658481 0.301451
vt 0.643182 0.290732
vt 0.688020 0.301763
vt 0.675098 0.315941
vt 0.660608 0.332898
vt 0.644047 0.317979
vt 0.629260 0.305803
vt 0.783455 0.094862
vt 0.788319 0.119094
vt 0.780674 0.119851
vt 0.776141 0.097137
vt 0.788386 0.143794
vt 0.780715 0.143007
vt 0.772721 0.142193
vt 0.772704 0.120598
vt 0.768497 0.099417
vt 0.724879 0.333640
vt 0.735596 0.321048
vt 0.754494 0.337063
vt 0.744264 0.349771
vt 0.743507 0.311778
vt 0.760455 0.326239
vt 0.777497 0.341233
vt 0.771207 0.352524
vt 0.762408 0.364982
vt 0.606262 0.290639
vt 0.617086 0.296878
vt 0.601429 0.313277
vt 0.590977 0.307558
vt 0.613725 0.323437
vt 0.597319 0.342688
vt 0.585204 0.332158
vt 0.554878 0.370156
vt 0.546634 0.385533
vt 0.539648 0.387171
vt 0.565329 0.381112
vt 0.552107 0.397999
vt 0.540745 0.414044
vt 0.697194 0.366220
vt 0.681214 0.385031
vt 0.662456 0.368152
vt 0.678355 0.349420
vt 0.664551 0.404635
vt 0.645840 0.387710
vt 0.628331 0.370953
vt 0.644855 0.351486
vt 0.700997 0.400906
vt 0.684381 0.420464
vt 0.716896 0.382174
vt 0.736214 0.397153
vt 0.720462 0.415742
vt 0.703938 0.435208
vt 0.553683 0.428123
vt 0.549668 0.441410
vt 0.542665 0.440724
vt 0.568318 0.442712
vt 0.559313 0.455375
vt 0.553209 0.466451
vt 0.603840 0.476033
vt 0.593223 0.488530
vt 0.574921 0.471929
vt 0.585167 0.459200
vt 0.585563 0.497552
vt 0.569087 0.482624
vt 0.752930 0.856338
vt 0.749472 0.856360
vt 0.750060 0.837946
vt 0.753238 0.837964
vt 0.745467 0.856081
vt 0.746382 0.837419
vt 0.748154 0.820491
vt 0.751199 0.821242
vt 0.753839 0.821294
vt 0.207210 0.852279
vt 0.205688 0.852211
vt 0.205891 0.833005
vt 0.207566 0.833102
vt 0.761465 0.141040
vt 0.763214 0.141223
vt 0.759262 0.160617
vt 0.757597 0.160192
vt 0.751633 0.178862
vt 0.750122 0.178208
vt 0.206347 0.814883
vt 0.208280 0.815011
vt 0.684158 0.283015
vt 0.698868 0.291046
vt 0.682694 0.275844
vt 0.709013 0.283031
vt 0.630433 0.286838
vt 0.631059 0.279559
vt 0.628401 0.336370
vt 0.611953 0.355751
vt 0.580754 0.362280
vt 0.595268 0.375386
vt 0.579136 0.394418
vt 0.611609 0.390612
vt 0.595410 0.409638
vt 0.564574 0.412044
vt 0.580582 0.427216
vt 0.582311 0.308298
vt 0.584987 0.301947
vt 0.569000 0.351480
vt 0.940970 0.823324
vt 0.948291 0.824400
vt 0.949361 0.849910
vt 0.942239 0.849237
vt 0.956316 0.826312
vt 0.957055 0.850787
vt 0.959867 0.875644
vt 0.952819 0.875838
vt 0.946058 0.875600
vt 0.946520 0.439939
vt 0.940310 0.437774
vt 0.938251 0.416190
vt 0.944323 0.417997
vt 0.600682 0.247055
vt 0.604216 0.242398
vt 0.627567 0.251895
vt 0.625074 0.256980
vt 0.652032 0.256736
vt 0.650646 0.262052
vt 0.937666 0.392311
vt 0.943468 0.393698
vt 0.938688 0.367022
vt 0.944094 0.367936
vt 0.676689 0.256713
vt 0.676439 0.262052
vt 0.700637 0.251871
vt 0.701495 0.257025
vt 0.940691 0.341304
vt 0.945723 0.341731
vt 0.942946 0.316140
vt 0.947767 0.316099
vt 0.723010 0.242383
vt 0.724894 0.247144
vt 0.743064 0.228662
vt 0.745855 0.232838
vt 0.945078 0.292410
vt 0.949804 0.291930
vt 0.946649 0.270936
vt 0.951308 0.270054
vt 0.760130 0.211223
vt 0.763684 0.214644
vt 0.773721 0.190746
vt 0.777890 0.193280
vt 0.529497 0.538414
vt 0.534144 0.539826
vt 0.532044 0.561368
vt 0.527447 0.560322
vt 0.932368 0.823504
vt 0.929723 0.824212
vt 0.932241 0.809024
vt 0.935734 0.802568
vt 0.603031 0.511472
vt 0.594284 0.512250
vt 0.581244 0.502661
vt 0.621730 0.524683
vt 0.598389 0.517381
vt 0.955849 0.901209
vt 0.949293 0.901392
vt 0.962478 0.899966
vt 0.544379 0.192724
vt 0.550286 0.190329
vt 0.564633 0.210997
vt 0.559359 0.214283
vt 0.959146 0.925068
vt 0.952662 0.925641
vt 0.963787 0.946482
vt 0.957347 0.947410
vt 0.582915 0.228575
vt 0.578442 0.232625
vt 0.968877 0.964589
vt 0.962520 0.965828
vt 0.534144 0.414098
vt 0.535131 0.387340
vt 0.947649 0.924483
vt 0.952367 0.946225
vt 0.954638 0.458116
vt 0.949611 0.458676
vt 0.951519 0.439421
vt 0.541291 0.361162
vt 0.547349 0.465126
vt 0.538179 0.440351
vt 0.940908 0.874623
vt 0.944237 0.900379
vt 0.612646 0.503990
vt 0.623555 0.491825
vt 0.642705 0.505932
vt 0.631656 0.516856
vt 0.528022 0.610363
vt 0.532479 0.610580
vt 0.531145 0.636326
vt 0.526621 0.636543
vt 0.793247 0.144303
vt 0.793156 0.118535
vt 0.788044 0.093250
vt 0.530021 0.661518
vt 0.525390 0.662163
vt 0.656591 0.270054
vt 0.682386 0.270651
vt 0.953244 0.293028
vt 0.954638 0.271141
vt 0.526196 0.539364
vt 0.524180 0.561242
vt 0.707825 0.276264
vt 0.607183 0.283674
vt 0.631244 0.274302
vt 0.949533 0.342726
vt 0.951325 0.317096
vt 0.566825 0.315482
vt 0.585424 0.297529
vt 0.948104 0.393985
vt 0.948313 0.368678
vt 0.551943 0.336900
vt 0.949211 0.417818
vt 0.654273 0.231613
vt 0.634898 0.227749
vt 0.634751 0.226384
vt 0.653814 0.230198
vt 0.616511 0.220171
vt 0.616713 0.218913
vt 0.233934 0.827812
vt 0.233879 0.811729
vt 0.234421 0.811417
vt 0.234069 0.827423
vt 0.634305 0.226096
vt 0.653282 0.229904
vt 0.563607 0.120901
vt 0.559866 0.120533
vt 0.563763 0.100324
vt 0.567341 0.101353
vt 0.557688 0.098561
vt 0.565857 0.078490
vt 0.571436 0.081316
vt 0.574688 0.082965
vt 0.212239 0.852317
vt 0.212237 0.871811
vt 0.208678 0.871808
vt 0.208689 0.852304
vt 0.212663 0.890857
vt 0.209088 0.890864
vt 0.207433 0.890843
vt 0.207133 0.871783
vt 0.693011 0.227730
vt 0.673900 0.231596
vt 0.673182 0.230190
vt 0.692091 0.226389
vt 0.672614 0.229904
vt 0.232841 0.884243
vt 0.233404 0.864786
vt 0.233587 0.864270
vt 0.233476 0.883687
vt 0.726936 0.209183
vt 0.710872 0.220149
vt 0.709802 0.218925
vt 0.725734 0.208120
vt 0.232251 0.903326
vt 0.233504 0.902746
vt 0.232011 0.921348
vt 0.233790 0.920749
vt 0.204475 0.814239
vt 0.205502 0.797701
vt 0.207429 0.798564
vt 0.740695 0.195246
vt 0.739345 0.194376
vt 0.232459 0.937657
vt 0.234433 0.937028
vt 0.209456 0.798727
vt 0.751131 0.932812
vt 0.749353 0.914689
vt 0.751860 0.914157
vt 0.753074 0.932019
vt 0.747785 0.895377
vt 0.750834 0.895119
vt 0.753476 0.894996
vt 0.754048 0.913976
vt 0.754797 0.931780
vt 0.599833 0.209144
vt 0.600400 0.208044
vt 0.753443 0.949006
vt 0.754648 0.947980
vt 0.755762 0.947689
vt 0.233728 0.798088
vt 0.234871 0.797860
vt 0.238083 0.844997
vt 0.245565 0.844983
vt 0.245452 0.863940
vt 0.237970 0.863980
vt 0.255429 0.844965
vt 0.255316 0.863887
vt 0.255430 0.883225
vt 0.245566 0.883313
vt 0.238084 0.883380
vt 0.759024 0.894918
vt 0.755408 0.894947
vt 0.755208 0.875535
vt 0.758832 0.875537
vt 0.753053 0.875570
vt 0.755201 0.856312
vt 0.758829 0.856336
vt 0.245904 0.902337
vt 0.238423 0.902430
vt 0.255768 0.902214
vt 0.256314 0.920152
vt 0.246451 0.920307
vt 0.238970 0.920425
vt 0.247188 0.936551
vt 0.239707 0.936692
vt 0.257049 0.936365
vt 0.222188 0.798880
vt 0.232011 0.798990
vt 0.230789 0.815212
vt 0.220963 0.815130
vt 0.214736 0.798797
vt 0.213510 0.815068
vt 0.766482 0.894870
vt 0.766872 0.913771
vt 0.759391 0.913862
vt 0.776315 0.894807
vt 0.776736 0.913650
vt 0.777270 0.931365
vt 0.767403 0.931521
vt 0.759918 0.931640
vt 0.768071 0.947384
vt 0.760587 0.947525
vt 0.777937 0.947199
vt 0.247188 0.797754
vt 0.257049 0.797822
vt 0.256312 0.811296
vt 0.246449 0.811253
vt 0.239707 0.797702
vt 0.238968 0.811220
vt 0.955495 0.067487
vt 0.948009 0.067466
vt 0.947938 0.048394
vt 0.955424 0.048388
vt 0.938138 0.067438
vt 0.938068 0.048401
vt 0.937836 0.030400
vt 0.947706 0.030361
vt 0.955192 0.030330
vt 0.209929 0.908724
vt 0.208228 0.908708
vt 0.213509 0.908706
vt 0.214737 0.924712
vt 0.211170 0.924741
vt 0.209552 0.924731
vt 0.233792 0.845262
vt 0.234614 0.845035
vt 0.234490 0.864032
vt 0.234576 0.883444
vt 0.234876 0.902506
vt 0.235392 0.920512
vt 0.236117 0.936789
vt 0.211157 0.798756
vt 0.209936 0.815037
vt 0.750912 0.303174
vt 0.748290 0.306204
vt 0.735444 0.296429
vt 0.732151 0.290500
vt 0.726514 0.297394
vt 0.959739 0.030546
vt 0.958694 0.030345
vt 0.958344 0.014000
vt 0.959644 0.014170
vt 0.954807 0.013999
vt 0.954284 0.000012
vt 0.957858 0.000000
vt 0.959414 0.000140
vt 0.766346 0.485865
vt 0.749768 0.501811
vt 0.752261 0.495629
vt 0.763506 0.483678
vt 0.727989 0.513606
vt 0.743510 0.496440
vt 0.758308 0.479248
vt 0.631696 0.443261
vt 0.616847 0.460727
vt 0.598096 0.443854
vt 0.612959 0.426357
vt 0.791604 0.391997
vt 0.780711 0.407612
vt 0.767612 0.394197
vt 0.777928 0.378691
vt 0.768155 0.423843
vt 0.753704 0.411172
vt 0.750552 0.380066
vt 0.753039 0.300734
vt 0.770714 0.319360
vt 0.766425 0.319628
vt 0.524839 0.610439
vt 0.523448 0.636107
vt 0.522156 0.661402
vt 0.784435 0.341371
vt 0.647819 0.424307
vt 0.667650 0.440133
vt 0.651500 0.459112
vt 0.687216 0.454867
vt 0.671017 0.473893
vt 0.786910 0.444164
vt 0.772728 0.462021
vt 0.765376 0.452609
vt 0.778962 0.434450
vt 0.749405 0.471706
vt 0.737029 0.461422
vt 0.753333 0.442084
vt 0.702397 0.525485
vt 0.702869 0.518311
vt 0.716757 0.507731
vt 0.675615 0.528665
vt 0.689641 0.514884
vt 0.704223 0.499152
vt 0.527670 0.584624
vt 0.524477 0.585208
vt 0.731783 0.286274
vt 0.935930 0.823145
vt 0.939821 0.799270
vt 0.944969 0.798877
vt 0.599949 0.520441
vt 0.624114 0.530366
vt 0.946164 0.777669
vt 0.951412 0.776841
vt 0.648925 0.531030
vt 0.647075 0.524193
vt 0.659562 0.518105
vt 0.716769 0.305002
vt 0.705876 0.317146
vt 0.711914 0.348893
vt 0.731505 0.364939
vt 0.692983 0.332201
vt 0.781555 0.365788
vt 0.788892 0.366097
vt 0.786657 0.419607
vt 0.793748 0.417822
vt 0.721713 0.449032
vt 0.738147 0.429640
vt 0.688793 0.487611
vt 0.705014 0.468656
vt 0.720361 0.480927
vt 0.673706 0.504790
vt 0.656035 0.491341
vt 0.773414 0.470710
vt 0.779256 0.467048
vt 0.732947 0.490813
vt 0.937150 0.848547
vt 0.933386 0.845888
vt 0.564089 0.488231
vt 0.560933 0.487283
vt 0.942403 0.593143
vt 0.940950 0.618032
vt 0.934939 0.619688
vt 0.936265 0.595215
vt 0.940907 0.644133
vt 0.935152 0.645321
vt 0.651161 0.000000
vt 0.677231 0.000175
vt 0.677524 0.005627
vt 0.652585 0.005446
vt 0.625272 0.004829
vt 0.627801 0.010064
vt 0.942383 0.670473
vt 0.937007 0.671154
vt 0.944868 0.696038
vt 0.939850 0.696217
vt 0.702496 0.005376
vt 0.726028 0.015362
vt 0.724154 0.020207
vt 0.701671 0.010624
vt 0.947741 0.719852
vt 0.942918 0.719575
vt 0.950549 0.741123
vt 0.945807 0.740446
vt 0.746961 0.029772
vt 0.764617 0.048026
vt 0.761046 0.051525
vt 0.744162 0.034026
vt 0.529407 0.707874
vt 0.526510 0.686241
vt 0.531207 0.685189
vt 0.534144 0.706460
vt 0.778423 0.069455
vt 0.774257 0.072061
vt 0.761525 0.121501
vt 0.763240 0.121432
vt 0.205458 0.871747
vt 0.205499 0.890843
vt 0.203848 0.871832
vt 0.203615 0.891177
vt 0.957061 0.758095
vt 0.963500 0.760064
vt 0.958094 0.778536
vt 0.962545 0.743336
vt 0.968877 0.745545
vt 0.559194 0.046790
vt 0.578202 0.028667
vt 0.582713 0.032905
vt 0.564503 0.050281
vt 0.544386 0.068195
vt 0.550341 0.070816
vt 0.947227 0.550904
vt 0.944849 0.570435
vt 0.938672 0.572867
vt 0.941042 0.553636
vt 0.600583 0.014515
vt 0.604155 0.019341
vt 0.703046 0.530044
vt 0.676729 0.535275
vt 0.727952 0.519796
vt 0.949889 0.570536
vt 0.947415 0.593194
vt 0.952321 0.551168
vt 0.650116 0.535482
vt 0.953948 0.535717
vt 0.948816 0.535482
vt 0.951901 0.759004
vt 0.636618 0.476592
vt 0.787979 0.169533
vt 0.783356 0.167982
vt 0.532176 0.585267
vt 0.794121 0.365609
vt 0.798959 0.391046
vt 0.523245 0.685446
vt 0.526031 0.706937
vt 0.798959 0.416836
vt 0.793691 0.442180
vt 0.951262 0.718413
vt 0.953948 0.739583
vt 0.948641 0.694576
vt 0.783609 0.465958
vt 0.768941 0.487251
vt 0.946573 0.669262
vt 0.945529 0.643369
vt 0.750211 0.505399
vt 0.945840 0.617746
vt 0.674671 0.030678
vt 0.673937 0.031974
vt 0.654498 0.031866
vt 0.654916 0.030557
vt 0.673357 0.032155
vt 0.654003 0.032056
vt 0.959900 0.049108
vt 0.959775 0.048643
vt 0.960273 0.030925
vt 0.635328 0.035549
vt 0.635382 0.034279
vt 0.559623 0.141107
vt 0.563321 0.161259
vt 0.563336 0.140797
vt 0.566839 0.160280
vt 0.569720 0.491375
vt 0.930560 0.840048
vt 0.711834 0.042308
vt 0.710663 0.043434
vt 0.692906 0.035891
vt 0.693892 0.034658
vt 0.960378 0.106844
vt 0.959754 0.106214
vt 0.959782 0.087222
vt 0.959955 0.087815
vt 0.692293 0.036055
vt 0.741335 0.067341
vt 0.739945 0.068129
vt 0.726512 0.054325
vt 0.727805 0.053350
vt 0.961154 0.140580
vt 0.959383 0.139925
vt 0.959660 0.123995
vt 0.960904 0.124640
vt 0.206198 0.908748
vt 0.204255 0.909324
vt 0.207720 0.924811
vt 0.752011 0.083773
vt 0.750515 0.084339
vt 0.751812 0.794776
vt 0.753745 0.795862
vt 0.752388 0.807054
vt 0.749888 0.806115
vt 0.755467 0.795965
vt 0.754575 0.807136
vt 0.617163 0.042910
vt 0.616828 0.041728
vt 0.960781 0.014455
vt 0.961154 0.000333
vt 0.600736 0.053647
vt 0.600032 0.052602
vt 0.955147 0.105887
vt 0.947661 0.105813
vt 0.947915 0.086862
vt 0.955401 0.086910
vt 0.937792 0.105715
vt 0.938045 0.086799
vt 0.760003 0.317301
vt 0.757015 0.795943
vt 0.756318 0.807112
vt 0.760587 0.795960
vt 0.759917 0.807124
vt 0.759387 0.821281
vt 0.755771 0.821269
vt 0.954204 0.139589
vt 0.946719 0.139468
vt 0.947257 0.123564
vt 0.954742 0.123663
vt 0.936851 0.139309
vt 0.937388 0.123434
vt 0.220117 0.890835
vt 0.220961 0.908661
vt 0.229944 0.890805
vt 0.230786 0.908601
vt 0.232011 0.924556
vt 0.222188 0.924645
vt 0.768071 0.796006
vt 0.767398 0.807157
vt 0.777937 0.796067
vt 0.777261 0.807201
vt 0.776677 0.821361
vt 0.766844 0.821316
vt 0.947321 0.014052
vt 0.937452 0.014122
vt 0.936931 0.000180
vt 0.946798 0.000085
vt 0.212669 0.833149
vt 0.209110 0.833127
vt 0.756345 0.931704
vt 0.757051 0.947600
vt 0.236172 0.797701
vt 0.235469 0.811231
vt 0.958657 0.105957
vt 0.958882 0.086968
vt 0.958965 0.067532
vt 0.959785 0.067775
vt 0.958902 0.048418
vt 0.776189 0.838092
vt 0.766425 0.838018
vt 0.775928 0.856477
vt 0.766204 0.856397
vt 0.759018 0.837962
vt 0.755791 0.913912
vt 0.229523 0.852366
vt 0.229520 0.871811
vt 0.219692 0.871811
vt 0.219694 0.852339
vt 0.957784 0.139678
vt 0.958291 0.123743
vt 0.220123 0.833191
vt 0.229951 0.833246
vt 0.767016 0.187031
vt 0.776021 0.165687
vt 0.759986 0.183252
vt 0.768364 0.163347
vt 0.234945 0.827214
vt 0.238420 0.827189
vt 0.754796 0.180486
vt 0.762714 0.161631
vt 0.766823 0.141592
vt 0.629109 0.407379
vt 0.755393 0.837940
vt 0.749874 0.875639
vt 0.746193 0.875624
vt 0.245902 0.827200
vt 0.255765 0.827214
vt 0.632897 0.025366
vt 0.634580 0.030998
vt 0.615286 0.038691
vt 0.612420 0.033484
vt 0.597809 0.049928
vt 0.593863 0.045345
vt 0.582959 0.064313
vt 0.578098 0.060535
vt 0.585756 0.066518
vt 0.762857 0.101079
vt 0.755189 0.082208
vt 0.760422 0.079491
vt 0.759433 0.102026
vt 0.744183 0.065219
vt 0.748831 0.061548
vt 0.730231 0.050751
vt 0.734099 0.046264
vt 0.713749 0.039330
vt 0.716679 0.034197
vt 0.695216 0.031415
vt 0.697094 0.025831
vt 0.675333 0.027293
vt 0.676071 0.021470
vt 0.654860 0.027160
vt 0.654397 0.021321
vt 0.612285 0.228408
vt 0.593857 0.216348
vt 0.597711 0.211816
vt 0.615065 0.223227
vt 0.578061 0.201007
vt 0.582849 0.197300
vt 0.585564 0.195116
vt 0.565669 0.182964
vt 0.571192 0.180226
vt 0.574376 0.178614
vt 0.748073 0.201142
vt 0.743493 0.197425
vt 0.733114 0.216372
vt 0.729299 0.211840
vt 0.715613 0.228359
vt 0.712726 0.223186
vt 0.696127 0.236651
vt 0.694288 0.231033
vt 0.675263 0.240885
vt 0.674545 0.235038
vt 0.653795 0.240911
vt 0.654241 0.235061
vt 0.766825 0.121138
vt 0.549345 0.096150
vt 0.558184 0.074627
vt 0.540838 0.093761
vt 0.632533 0.236692
vt 0.634160 0.231066
vt 0.630207 0.244369
vt 0.653079 0.248897
vt 0.608392 0.235477
vt 0.952051 0.800285
vt 0.959637 0.803147
vt 0.964931 0.782248
vt 0.676142 0.248867
vt 0.698547 0.244323
vt 0.719478 0.235425
vt 0.738257 0.222564
vt 0.754267 0.206222
vt 0.558064 0.186697
vt 0.571449 0.206063
vt 0.588507 0.222530
vt 0.676975 0.013504
vt 0.653660 0.013335
vt 0.630503 0.017665
vt 0.720591 0.027169
vt 0.699560 0.018188
vt 0.755113 0.056519
vt 0.739305 0.040120
vt 0.767510 0.075765
vt 0.588400 0.039080
vt 0.571396 0.055371
vt 0.608421 0.026364
vt 0.766239 0.875552
vt 0.776004 0.875572
vt 0.711348 0.938095
vt 0.713472 0.938729
vt 0.713405 0.901315
vt 0.711281 0.901092
vt 0.698533 0.861036
vt 0.698533 0.901085
vt 0.700657 0.901308
vt 0.700657 0.860815
vt 0.743152 0.860838
vt 0.745277 0.861061
vt 0.745344 0.824062
vt 0.743218 0.823428
vt 0.091558 0.904310
vt 0.093681 0.904078
vt 0.093678 0.864004
vt 0.091552 0.863792
vt 0.095822 0.863780
vt 0.093697 0.863993
vt 0.093693 0.904066
vt 0.095817 0.904298
vt 0.002124 0.863775
vt 0.000000 0.863998
vt 0.000000 0.904048
vt 0.002125 0.904269
vt 0.095835 0.826348
vt 0.093708 0.826971
vt 0.743218 0.938745
vt 0.745344 0.938113
vt 0.745277 0.901110
vt 0.743152 0.901331
vt 0.091570 0.941742
vt 0.093693 0.941099
vt 0.002190 0.826362
vt 0.000066 0.826995
vt 0.095853 0.797701
vt 0.093725 0.798639
vt 0.091554 0.826356
vt 0.093681 0.826979
vt 0.743341 0.967382
vt 0.745467 0.966437
vt 0.743342 0.794799
vt 0.745467 0.795747
vt 0.091564 0.797701
vt 0.093693 0.798639
vt 0.002191 0.941678
vt 0.000066 0.941047
vt 0.257192 0.659171
vt 0.257192 0.619098
vt 0.272518 0.582076
vt 0.300838 0.553744
vt 0.337839 0.538414
vt 0.377888 0.538419
vt 0.414889 0.553760
vt 0.443208 0.582100
vt 0.458535 0.619126
vt 0.458535 0.659199
vt 0.443208 0.696221
vt 0.414889 0.724553
vt 0.377888 0.739883
vt 0.337839 0.739878
vt 0.300838 0.724537
vt 0.272518 0.696197
vt 0.443208 0.783546
vt 0.414889 0.755214
vt 0.411625 0.760102
vt 0.438323 0.786813
vt 0.700847 0.794776
vt 0.700724 0.823405
vt 0.702849 0.824039
vt 0.702972 0.795724
vt 0.025563 0.941033
vt 0.025497 0.904034
vt 0.023372 0.904258
vt 0.023438 0.941667
vt 0.085194 0.941140
vt 0.085210 0.969473
vt 0.087338 0.970410
vt 0.087321 0.941763
vt 0.110705 0.969514
vt 0.110694 0.941174
vt 0.108567 0.941796
vt 0.108577 0.970451
vt 0.029936 0.969346
vt 0.029813 0.941031
vt 0.027688 0.941665
vt 0.027811 0.970294
vt 0.021437 0.969351
vt 0.021314 0.941035
vt 0.019188 0.941669
vt 0.019312 0.970299
vt 0.076684 0.827061
vt 0.076680 0.864086
vt 0.078804 0.863854
vt 0.078806 0.826418
vt 0.049063 0.904516
vt 0.049076 0.941948
vt 0.051198 0.941304
vt 0.051187 0.904283
vt 0.078809 0.904372
vt 0.078822 0.941804
vt 0.080945 0.941161
vt 0.080933 0.904140
vt 0.726220 0.938736
vt 0.728346 0.938104
vt 0.728279 0.901101
vt 0.726153 0.901322
vt 0.719847 0.938100
vt 0.721971 0.938733
vt 0.721904 0.901320
vt 0.719780 0.901097
vt 0.734843 0.794794
vt 0.734719 0.823424
vt 0.736845 0.824058
vt 0.736968 0.795742
vt 0.057569 0.797866
vt 0.057559 0.826521
vt 0.059686 0.827143
vt 0.059697 0.798803
vt 0.726344 0.967373
vt 0.728469 0.966427
vt 0.038435 0.969342
vt 0.038312 0.941026
vt 0.036187 0.941660
vt 0.036310 0.970290
vt 0.038245 0.863978
vt 0.038311 0.826975
vt 0.036186 0.826343
vt 0.036119 0.863757
vt 0.080933 0.827040
vt 0.080929 0.864066
vt 0.083053 0.863833
vt 0.083055 0.826397
vt 0.006373 0.863773
vt 0.006440 0.826359
vt 0.004316 0.826993
vt 0.004250 0.863996
vt 0.087308 0.904331
vt 0.089443 0.941120
vt 0.089432 0.904099
vt 0.717721 0.938731
vt 0.717655 0.901318
vt 0.123443 0.864136
vt 0.123454 0.827115
vt 0.121331 0.826472
vt 0.121318 0.863903
vt 0.724030 0.861050
vt 0.724030 0.901099
vt 0.726154 0.860828
vt 0.114955 0.969534
vt 0.114944 0.941194
vt 0.112817 0.941817
vt 0.112827 0.970471
vt 0.046949 0.941325
vt 0.046966 0.969657
vt 0.049094 0.970595
vt 0.134080 0.826533
vt 0.134098 0.797886
vt 0.131970 0.798823
vt 0.131953 0.827156
vt 0.046744 0.863973
vt 0.046811 0.826970
vt 0.044685 0.826339
vt 0.044619 0.863752
vt 0.074557 0.826438
vt 0.074554 0.863874
vt 0.053313 0.904495
vt 0.053325 0.941927
vt 0.055448 0.941284
vt 0.055437 0.904263
vt 0.076684 0.904160
vt 0.076695 0.941181
vt 0.724097 0.938102
vt 0.129817 0.863945
vt 0.129830 0.826513
vt 0.127703 0.827135
vt 0.127692 0.864157
vt 0.730403 0.860831
vt 0.730403 0.901324
vt 0.732529 0.901104
vt 0.732529 0.861054
vt 0.125565 0.941878
vt 0.125563 0.904442
vt 0.123439 0.904210
vt 0.123443 0.941235
vt 0.042684 0.969339
vt 0.042562 0.941024
vt 0.040436 0.941658
vt 0.040559 0.970287
vt 0.080961 0.969493
vt 0.083089 0.970430
vt 0.083071 0.941783
vt 0.004439 0.969360
vt 0.004316 0.941044
vt 0.002314 0.970308
vt 0.063936 0.827122
vt 0.063931 0.864148
vt 0.066055 0.863916
vt 0.066058 0.826479
vt 0.008499 0.863994
vt 0.008565 0.826991
vt 0.083058 0.904352
vt 0.085183 0.904119
vt 0.715598 0.938097
vt 0.715531 0.901094
vt 0.125568 0.863924
vt 0.125581 0.826492
vt 0.721904 0.860826
vt 0.121315 0.941858
vt 0.121313 0.904422
vt 0.119190 0.904189
vt 0.119193 0.941215
vt 0.042495 0.904025
vt 0.040370 0.904248
vt 0.100084 0.826369
vt 0.100102 0.797722
vt 0.097974 0.798659
vt 0.097957 0.826992
vt 0.722094 0.967371
vt 0.724220 0.966425
vt 0.061809 0.826500
vt 0.061806 0.863936
vt 0.014872 0.863768
vt 0.014938 0.826355
vt 0.012815 0.826989
vt 0.012748 0.863991
vt 0.074560 0.904393
vt 0.074573 0.941825
vt 0.730470 0.938738
vt 0.131941 0.864177
vt 0.728280 0.861052
vt 0.127692 0.941256
vt 0.127688 0.904230
vt 0.038246 0.904027
vt 0.036120 0.904251
vt 0.008565 0.941042
vt 0.008500 0.904043
vt 0.006374 0.904267
vt 0.006440 0.941676
vt 0.059682 0.864168
vt 0.138329 0.826554
vt 0.138347 0.797907
vt 0.136219 0.798844
vt 0.136202 0.827176
vt 0.016998 0.863989
vt 0.017064 0.826986
vt 0.068185 0.904201
vt 0.068196 0.941222
vt 0.070323 0.941845
vt 0.070311 0.904413
vt 0.119205 0.827094
vt 0.119193 0.864116
vt 0.719780 0.861047
vt 0.044685 0.941655
vt 0.044619 0.904246
vt 0.046934 0.798647
vt 0.044808 0.797701
vt 0.074567 0.797784
vt 0.076695 0.798721
vt 0.019122 0.863766
vt 0.019188 0.826353
vt 0.008688 0.969357
vt 0.006563 0.970306
vt 0.066061 0.904434
vt 0.066073 0.941866
vt 0.709222 0.938727
vt 0.709156 0.901313
vt 0.134067 0.863965
vt 0.734653 0.901327
vt 0.734653 0.860833
vt 0.129815 0.941899
vt 0.129812 0.904463
vt 0.034062 0.941028
vt 0.033997 0.904030
vt 0.031871 0.904253
vt 0.031937 0.941662
vt 0.010690 0.941674
vt 0.010623 0.904265
vt 0.078816 0.797763
vt 0.080945 0.798700
vt 0.063947 0.941243
vt 0.063963 0.969575
vt 0.066092 0.970512
vt 0.063936 0.904222
vt 0.057556 0.863957
vt 0.707099 0.938093
vt 0.707032 0.901090
vt 0.138316 0.863986
vt 0.136191 0.864198
vt 0.717655 0.860824
vt 0.117064 0.904401
vt 0.117066 0.941837
vt 0.046811 0.941022
vt 0.046745 0.904023
vt 0.004250 0.904046
vt 0.021314 0.826984
vt 0.021437 0.798661
vt 0.019311 0.797715
vt 0.068213 0.969555
vt 0.070341 0.970492
vt 0.704973 0.938724
vt 0.705096 0.967362
vt 0.707222 0.966416
vt 0.704906 0.901311
vt 0.021247 0.863987
vt 0.140440 0.864218
vt 0.140451 0.827197
vt 0.715531 0.861045
vt 0.131941 0.941276
vt 0.131938 0.904251
vt 0.012815 0.941040
vt 0.012749 0.904041
vt 0.017188 0.798663
vt 0.015062 0.797717
vt 0.713596 0.794783
vt 0.713472 0.823412
vt 0.715597 0.824046
vt 0.715721 0.795731
vt 0.709345 0.967364
vt 0.711471 0.966418
vt 0.738969 0.938743
vt 0.739092 0.967380
vt 0.741217 0.966434
vt 0.741095 0.938111
vt 0.741028 0.901108
vt 0.061811 0.904454
vt 0.061824 0.941886
vt 0.713406 0.860821
vt 0.134064 0.941920
vt 0.134062 0.904483
vt 0.097946 0.941112
vt 0.097942 0.904087
vt 0.095819 0.941735
vt 0.049070 0.797907
vt 0.049060 0.826562
vt 0.051187 0.827184
vt 0.051198 0.798844
vt 0.070317 0.797804
vt 0.070307 0.826459
vt 0.072434 0.827082
vt 0.072446 0.798741
vt 0.717845 0.794785
vt 0.717721 0.823415
vt 0.719847 0.824048
vt 0.719970 0.795733
vt 0.136202 0.969637
vt 0.136191 0.941297
vt 0.134074 0.970574
vt 0.046938 0.827204
vt 0.046934 0.864230
vt 0.049057 0.863998
vt 0.125599 0.797845
vt 0.123471 0.798782
vt 0.711282 0.861043
vt 0.702849 0.938091
vt 0.702783 0.901088
vt 0.136187 0.904271
vt 0.100069 0.941755
vt 0.100066 0.904319
vt 0.014939 0.941671
vt 0.014873 0.904262
vt 0.012938 0.798665
vt 0.010812 0.797720
vt 0.010689 0.826357
vt 0.059697 0.941263
vt 0.059714 0.969596
vt 0.061842 0.970533
vt 0.131953 0.969616
vt 0.129825 0.970554
vt 0.102207 0.969473
vt 0.102195 0.941133
vt 0.100079 0.970410
vt 0.117082 0.826451
vt 0.117100 0.797804
vt 0.114972 0.798741
vt 0.114955 0.827074
vt 0.040369 0.863755
vt 0.040435 0.826341
vt 0.138313 0.941940
vt 0.138311 0.904504
vt 0.738902 0.901329
vt 0.102192 0.904107
vt 0.017064 0.941038
vt 0.016999 0.904039
vt 0.025563 0.826982
vt 0.025686 0.798658
vt 0.023561 0.797713
vt 0.023438 0.826350
vt 0.722095 0.794787
vt 0.721971 0.823417
vt 0.724096 0.824051
vt 0.724220 0.795735
vt 0.700723 0.938722
vt 0.700847 0.967359
vt 0.702972 0.966414
vt 0.106456 0.969493
vt 0.106445 0.941153
vt 0.104318 0.941776
vt 0.104328 0.970430
vt 0.034185 0.969344
vt 0.032060 0.970292
vt 0.033996 0.863980
vt 0.034062 0.826977
vt 0.031936 0.826346
vt 0.031870 0.863759
vt 0.072430 0.864107
vt 0.104315 0.904339
vt 0.709156 0.860819
vt 0.019123 0.904260
vt 0.066068 0.797825
vt 0.068185 0.827102
vt 0.068196 0.798762
vt 0.709346 0.794780
vt 0.709223 0.823410
vt 0.711348 0.824044
vt 0.711471 0.795729
vt 0.127703 0.969596
vt 0.125575 0.970533
vt 0.734719 0.938740
vt 0.734842 0.967378
vt 0.736968 0.966432
vt 0.736845 0.938109
vt 0.121349 0.797825
vt 0.119221 0.798762
vt 0.042495 0.863976
vt 0.042561 0.826973
vt 0.085183 0.827020
vt 0.085178 0.864045
vt 0.087302 0.863813
vt 0.087305 0.826377
vt 0.010623 0.863771
vt 0.021248 0.904036
vt 0.140440 0.941317
vt 0.140437 0.904292
vt 0.029813 0.826979
vt 0.029936 0.798656
vt 0.027810 0.797711
vt 0.027687 0.826348
vt 0.055464 0.969616
vt 0.057592 0.970554
vt 0.057575 0.941907
vt 0.140451 0.969657
vt 0.138323 0.970595
vt 0.051183 0.864209
vt 0.129848 0.797866
vt 0.127720 0.798803
vt 0.068181 0.864127
vt 0.046938 0.904304
vt 0.072446 0.941202
vt 0.072434 0.904181
vt 0.061819 0.797845
vt 0.063947 0.798782
vt 0.106441 0.904128
vt 0.705097 0.794778
vt 0.704973 0.823408
vt 0.707098 0.824042
vt 0.707222 0.795726
vt 0.089460 0.969452
vt 0.091588 0.970389
vt 0.730593 0.967375
vt 0.732718 0.966430
vt 0.732595 0.938107
vt 0.112833 0.826430
vt 0.112851 0.797784
vt 0.110723 0.798721
vt 0.110705 0.827053
vt 0.051215 0.969637
vt 0.053343 0.970574
vt 0.739092 0.794796
vt 0.738969 0.823426
vt 0.741094 0.824060
vt 0.741217 0.795744
vt 0.097957 0.969452
vt 0.095829 0.970389
vt 0.029746 0.863982
vt 0.027620 0.863762
vt 0.093697 0.941092
vt 0.034185 0.798654
vt 0.032060 0.797708
vt 0.108565 0.904360
vt 0.741028 0.861059
vt 0.707032 0.861040
vt 0.736778 0.901106
vt 0.059686 0.904242
vt 0.023371 0.863764
vt 0.055437 0.827163
vt 0.055432 0.864189
vt 0.046934 0.969337
vt 0.044809 0.970285
vt 0.104333 0.826389
vt 0.104352 0.797743
vt 0.102223 0.798680
vt 0.102206 0.827012
vt 0.119205 0.969555
vt 0.117076 0.970492
vt 0.730594 0.794792
vt 0.730470 0.823421
vt 0.732595 0.824055
vt 0.732718 0.795740
vt 0.004439 0.798670
vt 0.002314 0.797724
vt 0.038435 0.798652
vt 0.036309 0.797706
vt 0.027622 0.904255
vt 0.110691 0.904148
vt 0.738903 0.860835
vt 0.704906 0.860817
vt 0.698600 0.938088
vt 0.057562 0.904475
vt 0.025496 0.863985
vt 0.053309 0.826541
vt 0.053307 0.863977
vt 0.089432 0.827000
vt 0.089428 0.864025
vt 0.012938 0.969355
vt 0.010813 0.970303
vt 0.717844 0.967368
vt 0.719970 0.966423
vt 0.076712 0.969514
vt 0.078840 0.970451
vt 0.087315 0.797722
vt 0.089443 0.798659
vt 0.053319 0.797886
vt 0.055448 0.798823
vt 0.029747 0.904032
vt 0.112814 0.904381
vt 0.736778 0.861056
vt 0.702783 0.861038
vt 0.108583 0.826410
vt 0.108601 0.797763
vt 0.106473 0.798700
vt 0.106456 0.827033
vt 0.123454 0.969575
vt 0.121325 0.970513
vt 0.726344 0.794790
vt 0.726221 0.823419
vt 0.728346 0.824053
vt 0.728469 0.795738
vt 0.008688 0.798668
vt 0.006563 0.797722
vt 0.042684 0.798649
vt 0.040559 0.797704
vt 0.114940 0.904169
vt 0.070304 0.863895
vt 0.025686 0.969348
vt 0.023561 0.970296
vt 0.017187 0.969353
vt 0.015062 0.970301
vt 0.713595 0.967366
vt 0.715721 0.966421
vt 0.072462 0.969534
vt 0.074590 0.970471
vt 0.083066 0.797742
vt 0.085194 0.798680
vt 0.117069 0.863883
vt 0.114944 0.864095
vt 0.112820 0.863862
vt 0.110694 0.864075
vt 0.108570 0.863842
vt 0.106445 0.864054
vt 0.104321 0.863821
vt 0.102195 0.864034
vt 0.100071 0.863801
vt 0.097946 0.864013
vt 0.698599 0.824037
vt 0.414889 0.926007
vt 0.443208 0.897666
vt 0.438323 0.894401
vt 0.411625 0.921119
vt 0.300838 0.926023
vt 0.337839 0.941353
vt 0.338985 0.935587
vt 0.304102 0.921134
vt 0.272518 0.783570
vt 0.257192 0.820595
vt 0.262954 0.821741
vt 0.277403 0.786835
vt 0.377888 0.739883
vt 0.337839 0.739889
vt 0.338985 0.745654
vt 0.376742 0.745649
vt 0.458535 0.860641
vt 0.452773 0.859495
vt 0.458535 0.820567
vt 0.452773 0.821715
vt 0.257192 0.860669
vt 0.262954 0.859521
vt 0.377888 0.941347
vt 0.376742 0.935582
vt 0.272518 0.897690
vt 0.277403 0.894424
vt 0.300838 0.755230
vt 0.304102 0.760117
vt 0.458542 0.672942
vt 0.458555 0.699653
vt 0.521656 0.699431
vt 0.521642 0.672720
vt 0.458555 0.538636
vt 0.458542 0.565354
vt 0.521643 0.565132
vt 0.521656 0.538414
vt 0.521643 0.726586
vt 0.521656 0.699875
vt 0.458542 0.726364
vt 0.521656 0.860893
vt 0.521642 0.834175
vt 0.458542 0.833953
vt 0.458555 0.860671
vt 0.521637 0.968441
vt 0.521699 0.933560
vt 0.458598 0.933535
vt 0.458537 0.968417
vt 0.458535 0.600260
vt 0.521636 0.600038
vt 0.203553 0.870344
vt 0.203553 0.832587
vt 0.140451 0.832612
vt 0.140451 0.870369
vt 0.521636 0.799269
vt 0.458535 0.799047
vt 0.203615 0.905225
vt 0.140514 0.905250
vt 0.521636 0.761489
vt 0.458535 0.761266
vt 0.458535 0.638040
vt 0.521636 0.637818
vt 0.521699 0.895802
vt 0.458598 0.895778
vt 0.203615 0.797701
vt 0.140514 0.797727
vt 0.521636 0.860917
vt 0.458535 0.860893
vt 0.963500 0.561438
vt 0.963500 0.597060
vt 0.953948 0.597060
vt 0.953948 0.561438
vt 0.972819 0.453415
vt 0.972819 0.493278
vt 0.963268 0.493278
vt 0.963268 0.453415
vt 0.963500 0.636926
vt 0.963500 0.674966
vt 0.953948 0.674966
vt 0.953948 0.636926
vt 0.522156 0.782237
vt 0.522157 0.742572
vt 0.531709 0.742572
vt 0.531708 0.782237
vt 0.522156 0.820831
vt 0.531708 0.820831
vt 0.522156 0.852478
vt 0.531708 0.852478
vt 0.522156 0.707874
vt 0.531708 0.707874
vt 0.972819 0.531330
vt 0.963268 0.531330
vt 0.963500 0.535482
vt 0.953948 0.535482
vt 0.946403 0.255612
vt 0.936851 0.255612
vt 0.936851 0.219533
vt 0.946403 0.219533
vt 0.955954 0.250436
vt 0.946403 0.250436
vt 0.946403 0.209873
vt 0.955954 0.209873
vt 0.946403 0.179139
vt 0.936851 0.179139
vt 0.936851 0.140580
vt 0.946403 0.140580
vt 0.777937 0.832219
vt 0.787489 0.832219
vt 0.787490 0.872743
vt 0.777938 0.872743
vt 0.777937 0.794776
vt 0.787489 0.794776
vt 0.955954 0.171218
vt 0.946403 0.171218
vt 0.955954 0.140580
vt 0.787489 0.910192
vt 0.777937 0.910192
vt 0.787489 0.938866
vt 0.777937 0.938866
vt 0.894665 0.741971
vt 0.895194 0.743336
vt 0.855449 0.735430
vt 0.855442 0.734169
vt 0.896577 0.206351
vt 0.896954 0.207854
vt 0.857108 0.200014
vt 0.857354 0.198550
vt 0.935799 0.198550
vt 0.936851 0.199811
vt 0.266256 0.474591
vt 0.267448 0.474591
vt 0.267448 0.484142
vt 0.266256 0.484142
vt 0.933887 0.734169
vt 0.934939 0.735430
vt 0.896577 0.001365
vt 0.897106 0.000000
vt 0.936851 0.007906
vt 0.935799 0.009167
vt 0.267919 0.538414
vt 0.266388 0.538414
vt 0.266388 0.528862
vt 0.267919 0.528862
vt 0.801886 0.143081
vt 0.801153 0.143603
vt 0.793247 0.103858
vt 0.794084 0.103858
vt 0.792172 0.639478
vt 0.791335 0.639478
vt 0.799241 0.599733
vt 0.799974 0.600255
vt 0.824103 0.031385
vt 0.823667 0.030419
vt 0.857361 0.007906
vt 0.857355 0.009167
vt 0.822191 0.567004
vt 0.821674 0.566007
vt 0.855196 0.543322
vt 0.855442 0.544786
vt 0.894665 0.536985
vt 0.895042 0.535482
vt 0.934939 0.543525
vt 0.933887 0.544786
vt 0.824103 0.176332
vt 0.823586 0.177329
vt 0.801886 0.064636
vt 0.801153 0.064113
vt 0.822191 0.711951
vt 0.821755 0.712917
vt 0.799241 0.679223
vt 0.799974 0.678700
vt 0.543744 0.264705
vt 0.544464 0.263984
vt 0.545483 0.264000
vt 0.546204 0.264742
vt 0.546204 0.265776
vt 0.545483 0.266497
vt 0.544464 0.266481
vt 0.543744 0.265739
vt 0.548166 0.266474
vt 0.548166 0.263880
vt 0.549969 0.262052
vt 0.552519 0.262061
vt 0.554323 0.263901
vt 0.554323 0.266495
vt 0.552520 0.268323
vt 0.549969 0.268314
vt 0.566442 0.266635
vt 0.571474 0.266635
vt 0.571127 0.268287
vt 0.566095 0.268287
vt 0.566198 0.262052
vt 0.571230 0.262052
vt 0.571516 0.264052
vt 0.566484 0.264052
vt 0.600378 0.262127
vt 0.600378 0.267231
vt 0.598392 0.267156
vt 0.598392 0.262052
vt 0.571861 0.263704
vt 0.576894 0.263704
vt 0.576937 0.266287
vt 0.571904 0.266287
vt 0.595807 0.267167
vt 0.595807 0.262062
vt 0.576652 0.268287
vt 0.571619 0.268287
vt 0.571516 0.262052
vt 0.576549 0.262052
vt 0.542015 0.266440
vt 0.542015 0.263854
vt 0.543817 0.262052
vt 0.546364 0.262090
vt 0.548166 0.263946
vt 0.548166 0.266532
vt 0.546364 0.268334
vt 0.543817 0.268296
vt 0.561856 0.264712
vt 0.562522 0.263939
vt 0.563464 0.263873
vt 0.564130 0.264550
vt 0.564130 0.265575
vt 0.563464 0.266347
vt 0.562522 0.266415
vt 0.561856 0.265737
vt 0.588179 0.268100
vt 0.587333 0.265905
vt 0.587333 0.263401
vt 0.588179 0.262052
vt 0.589376 0.262650
vt 0.590222 0.264845
vt 0.590222 0.267350
vt 0.589376 0.268698
vt 0.267762 0.488936
vt 0.266736 0.488936
vt 0.266256 0.486539
vt 0.267282 0.486539
vt 0.607440 0.262120
vt 0.608580 0.262052
vt 0.608350 0.264131
vt 0.607210 0.264199
vt 0.591262 0.267210
vt 0.591262 0.264704
vt 0.606070 0.262052
vt 0.607210 0.262120
vt 0.606978 0.264683
vt 0.605839 0.264614
vt 0.608580 0.266693
vt 0.607440 0.266761
vt 0.590416 0.262510
vt 0.607210 0.266761
vt 0.606070 0.266693
vt 0.266736 0.484142
vt 0.267762 0.484142
vt 0.560410 0.266714
vt 0.560410 0.264150
vt 0.562075 0.262219
vt 0.564430 0.262052
vt 0.566095 0.263746
vt 0.566095 0.266310
vt 0.564430 0.268240
vt 0.562075 0.268408
vt 0.556717 0.266437
vt 0.556004 0.265703
vt 0.556004 0.264666
vt 0.556717 0.263932
vt 0.557725 0.263933
vt 0.558438 0.264667
vt 0.558438 0.265704
vt 0.557725 0.266438
vt 0.537647 0.262081
vt 0.540206 0.262052
vt 0.542015 0.263862
vt 0.542015 0.266450
vt 0.540206 0.268301
vt 0.537647 0.268330
vt 0.535838 0.266520
vt 0.535838 0.263931
vt 0.587333 0.266572
vt 0.587239 0.268306
vt 0.582136 0.268320
vt 0.582231 0.266585
vt 0.587239 0.262052
vt 0.587333 0.263981
vt 0.582231 0.263995
vt 0.582136 0.262066
vt 0.591262 0.262588
vt 0.593219 0.262052
vt 0.593219 0.266902
vt 0.591262 0.267438
vt 0.576937 0.266572
vt 0.576937 0.263981
vt 0.582039 0.263995
vt 0.582039 0.266586
vt 0.595808 0.262109
vt 0.595808 0.266959
vt 0.577034 0.262052
vt 0.582136 0.262066
vt 0.577034 0.268306
vt 0.582136 0.268321
vt 0.556106 0.268315
vt 0.554323 0.266480
vt 0.560410 0.266482
vt 0.558627 0.268316
vt 0.558627 0.262053
vt 0.560410 0.263888
vt 0.554323 0.263886
vt 0.556106 0.262052
vt 0.793401 0.231705
vt 0.793401 0.229548
vt 0.797138 0.229541
vt 0.797138 0.231697
vt 0.793369 0.227835
vt 0.797106 0.227829
vt 0.800842 0.227821
vt 0.800874 0.229533
vt 0.800874 0.231689
vt 0.798964 0.480114
vt 0.802700 0.480113
vt 0.802715 0.482267
vt 0.798979 0.482268
vt 0.806437 0.480112
vt 0.806451 0.482266
vt 0.806495 0.483966
vt 0.802759 0.483966
vt 0.799022 0.483966
vt 0.267079 0.528830
vt 0.267081 0.525062
vt 0.267919 0.525094
vt 0.267919 0.528862
vt 0.267084 0.521294
vt 0.267919 0.521325
vt 0.802821 0.475334
vt 0.806558 0.475330
vt 0.806459 0.476242
vt 0.802723 0.476244
vt 0.799084 0.475338
vt 0.798986 0.476246
vt 0.793353 0.235560
vt 0.793392 0.233860
vt 0.797128 0.233851
vt 0.797089 0.235550
vt 0.800865 0.233843
vt 0.800826 0.235541
vt 0.802695 0.477956
vt 0.798959 0.477958
vt 0.806432 0.477955
vt 0.267084 0.506029
vt 0.267081 0.502261
vt 0.267919 0.502229
vt 0.267919 0.505998
vt 0.267079 0.498493
vt 0.267919 0.498461
vt 0.604969 0.265895
vt 0.604971 0.262158
vt 0.605838 0.262052
vt 0.605838 0.265789
vt 0.604968 0.269632
vt 0.605838 0.269525
vt 0.797005 0.226919
vt 0.800742 0.226914
vt 0.793268 0.226923
vt 0.266244 0.502293
vt 0.266244 0.498524
vt 0.266244 0.506061
vt 0.796984 0.236420
vt 0.793247 0.236431
vt 0.800721 0.236409
vt 0.266244 0.525030
vt 0.266244 0.521262
vt 0.266244 0.528799
vt 0.793396 0.212691
vt 0.797135 0.212669
vt 0.797126 0.214820
vt 0.793387 0.214842
vt 0.797088 0.216510
vt 0.793349 0.216533
vt 0.800865 0.214798
vt 0.800828 0.216487
vt 0.800875 0.212647
vt 0.800875 0.222120
vt 0.800875 0.224274
vt 0.797135 0.224252
vt 0.797135 0.222098
vt 0.793396 0.224230
vt 0.793396 0.222076
vt 0.797104 0.225968
vt 0.793365 0.225947
vt 0.800844 0.225989
vt 0.267079 0.513693
vt 0.267919 0.513662
vt 0.267919 0.517430
vt 0.267081 0.517462
vt 0.267919 0.521198
vt 0.267084 0.521230
vt 0.796987 0.217408
vt 0.797088 0.218258
vt 0.793349 0.218235
vt 0.793247 0.217384
vt 0.800727 0.217433
vt 0.800828 0.218281
vt 0.793365 0.208820
vt 0.797104 0.208800
vt 0.797135 0.210515
vt 0.793396 0.210537
vt 0.800875 0.210494
vt 0.800844 0.208779
vt 0.800865 0.219970
vt 0.797126 0.219948
vt 0.793387 0.219926
vt 0.267084 0.506093
vt 0.267919 0.506125
vt 0.267919 0.509893
vt 0.267081 0.509861
vt 0.267079 0.513630
vt 0.797007 0.226895
vt 0.800747 0.226914
vt 0.793267 0.226877
vt 0.800727 0.217335
vt 0.796987 0.217359
vt 0.266244 0.509830
vt 0.266244 0.513598
vt 0.266244 0.506061
vt 0.793267 0.207891
vt 0.797007 0.207872
vt 0.800747 0.207854
vt 0.266244 0.517493
vt 0.266244 0.513725
vt 0.800725 0.258146
vt 0.796988 0.258146
vt 0.796984 0.256020
vt 0.800720 0.256020
vt 0.797009 0.254442
vt 0.800745 0.254443
vt 0.793247 0.256020
vt 0.793273 0.254442
vt 0.793252 0.258146
vt 0.806527 0.488331
vt 0.806513 0.490456
vt 0.802777 0.490456
vt 0.802791 0.488331
vt 0.799040 0.490457
vt 0.799054 0.488331
vt 0.802738 0.492022
vt 0.799002 0.492022
vt 0.806475 0.492022
vt 0.604394 0.269620
vt 0.603820 0.269650
vt 0.603820 0.265882
vt 0.604394 0.265851
vt 0.603820 0.262113
vt 0.604394 0.262083
vt 0.802695 0.483966
vt 0.802770 0.484627
vt 0.799034 0.484627
vt 0.798959 0.483966
vt 0.806432 0.483966
vt 0.806506 0.484627
vt 0.800777 0.261837
vt 0.797041 0.261837
vt 0.797002 0.260271
vt 0.800739 0.260271
vt 0.793266 0.260271
vt 0.793304 0.261837
vt 0.806532 0.486205
vt 0.802795 0.486205
vt 0.799059 0.486205
vt 0.600951 0.262083
vt 0.601525 0.262113
vt 0.601525 0.265882
vt 0.600951 0.265851
vt 0.601525 0.269650
vt 0.600951 0.269620
vt 0.608580 0.265788
vt 0.609213 0.265869
vt 0.609213 0.269605
vt 0.608580 0.269525
vt 0.608580 0.262052
vt 0.609213 0.262132
vt 0.793348 0.253781
vt 0.797084 0.253781
vt 0.800820 0.253781
vt 0.600378 0.265820
vt 0.600378 0.269589
vt 0.600378 0.262052
vt 0.800858 0.262470
vt 0.797121 0.262470
vt 0.793385 0.262469
vt 0.604968 0.265820
vt 0.604968 0.262052
vt 0.604968 0.269589
vt 0.793392 0.240728
vt 0.793371 0.238607
vt 0.797110 0.238607
vt 0.797131 0.240728
vt 0.793328 0.237050
vt 0.797067 0.237050
vt 0.800806 0.237050
vt 0.800850 0.238607
vt 0.800871 0.240728
vt 0.800871 0.249484
vt 0.797132 0.249484
vt 0.797144 0.247360
vt 0.800883 0.247360
vt 0.793392 0.249484
vt 0.793405 0.247360
vt 0.793386 0.245780
vt 0.797126 0.245780
vt 0.800865 0.245780
vt 0.603247 0.262083
vt 0.603247 0.265851
vt 0.602673 0.265820
vt 0.602673 0.262052
vt 0.603247 0.269620
vt 0.602673 0.269589
vt 0.796987 0.253781
vt 0.793247 0.253781
vt 0.793328 0.253163
vt 0.797067 0.253163
vt 0.800726 0.253781
vt 0.800806 0.253162
vt 0.793386 0.244432
vt 0.793404 0.242852
vt 0.797144 0.242853
vt 0.797125 0.244432
vt 0.800883 0.242853
vt 0.800865 0.244433
vt 0.797110 0.251605
vt 0.800850 0.251605
vt 0.793371 0.251605
vt 0.602099 0.269620
vt 0.602099 0.265851
vt 0.602099 0.262083
vt 0.797056 0.245106
vt 0.800795 0.245106
vt 0.793316 0.245106
vt 0.796987 0.236431
vt 0.800726 0.236431
vt 0.601525 0.265882
vt 0.601525 0.262113
vt 0.601525 0.269650
vt 0.797056 0.245106
vt 0.793316 0.245106
vt 0.800795 0.245106
vt 0.799010 0.518807
vt 0.798959 0.516656
vt 0.799439 0.516646
vt 0.799489 0.518768
vt 0.799229 0.520507
vt 0.799679 0.520333
vt 0.802274 0.526483
vt 0.802223 0.528634
vt 0.801744 0.528594
vt 0.801794 0.526473
vt 0.802005 0.530331
vt 0.801554 0.530159
vt 0.802274 0.516580
vt 0.802274 0.518732
vt 0.801794 0.518713
vt 0.801794 0.516590
vt 0.802096 0.520439
vt 0.801641 0.520286
vt 0.798959 0.528559
vt 0.798959 0.526406
vt 0.799439 0.526416
vt 0.799438 0.528539
vt 0.799138 0.530268
vt 0.799592 0.530112
vt 0.800677 0.521531
vt 0.799852 0.521383
vt 0.800103 0.520968
vt 0.800669 0.521048
vt 0.800561 0.531358
vt 0.799740 0.531172
vt 0.800001 0.530768
vt 0.800564 0.530874
vt 0.799852 0.521679
vt 0.800669 0.522015
vt 0.800103 0.522094
vt 0.799229 0.522555
vt 0.799679 0.522729
vt 0.799739 0.511890
vt 0.800561 0.511704
vt 0.800564 0.512188
vt 0.800001 0.512294
vt 0.799138 0.512794
vt 0.799591 0.512950
vt 0.798959 0.514503
vt 0.799438 0.514523
vt 0.802096 0.522624
vt 0.802274 0.524330
vt 0.801794 0.524350
vt 0.801641 0.522777
vt 0.802004 0.512731
vt 0.802223 0.514428
vt 0.801744 0.514468
vt 0.801554 0.512903
vt 0.799010 0.524255
vt 0.799489 0.524294
vt 0.801503 0.521339
vt 0.801232 0.520941
vt 0.801391 0.531204
vt 0.801129 0.530795
vt 0.801503 0.521723
vt 0.801232 0.522120
vt 0.801391 0.511858
vt 0.801129 0.512267
vt 0.798959 0.496971
vt 0.798959 0.494815
vt 0.799439 0.494837
vt 0.799439 0.496964
vt 0.799138 0.493105
vt 0.799592 0.493263
vt 0.802278 0.504657
vt 0.802278 0.506813
vt 0.801797 0.506805
vt 0.801798 0.504679
vt 0.802099 0.502949
vt 0.801644 0.503104
vt 0.802227 0.494759
vt 0.802278 0.496913
vt 0.801797 0.496921
vt 0.801748 0.494796
vt 0.802008 0.493058
vt 0.801557 0.493228
vt 0.798959 0.506755
vt 0.799010 0.504600
vt 0.799489 0.504637
vt 0.799439 0.506763
vt 0.799230 0.502897
vt 0.799680 0.503069
vt 0.799740 0.492203
vt 0.800563 0.492022
vt 0.800566 0.492506
vt 0.800002 0.492609
vt 0.799853 0.502016
vt 0.800679 0.501863
vt 0.800671 0.502347
vt 0.800105 0.502430
vt 0.800563 0.511704
vt 0.799740 0.511523
vt 0.800002 0.511117
vt 0.800566 0.511220
vt 0.799138 0.510621
vt 0.799592 0.510463
vt 0.799853 0.501710
vt 0.800105 0.501297
vt 0.800671 0.501379
vt 0.799230 0.500829
vt 0.799680 0.500657
vt 0.799010 0.499126
vt 0.799489 0.499089
vt 0.802227 0.508967
vt 0.802008 0.510668
vt 0.801557 0.510499
vt 0.801748 0.508930
vt 0.802278 0.499069
vt 0.802099 0.500777
vt 0.801644 0.500622
vt 0.801798 0.499047
vt 0.798959 0.508911
vt 0.799439 0.508889
vt 0.801393 0.492181
vt 0.801132 0.492589
vt 0.801506 0.502051
vt 0.801235 0.502450
vt 0.801393 0.511545
vt 0.801132 0.511137
vt 0.801506 0.501675
vt 0.801235 0.501276
vt 0.958952 0.300814
vt 0.958952 0.339219
vt 0.954638 0.339219
vt 0.954638 0.300814
vt 0.960269 0.186975
vt 0.960268 0.226486
vt 0.955954 0.226486
vt 0.955955 0.186975
vt 0.960269 0.149631
vt 0.955955 0.149631
vt 0.960269 0.260628
vt 0.955955 0.260628
vt 0.958952 0.270054
vt 0.954638 0.270054
vt 0.965468 0.110843
vt 0.961154 0.110843
vt 0.961154 0.073558
vt 0.965468 0.073558
vt 0.958953 0.456691
vt 0.963267 0.456691
vt 0.963268 0.496730
vt 0.958953 0.496730
vt 0.958953 0.419225
vt 0.963267 0.419225
vt 0.963267 0.531330
vt 0.958953 0.531330
vt 0.965468 0.139600
vt 0.961154 0.139600
vt 0.575410 0.979100
vt 0.575051 0.979925
vt 0.547819 0.949916
vt 0.548536 0.949485
vt 0.630731 0.845291
vt 0.630013 0.844860
vt 0.657245 0.814850
vt 0.657604 0.815675
vt 0.536980 0.871896
vt 0.536108 0.871293
vt 0.553253 0.834785
vt 0.554216 0.835600
vt 0.692059 0.798330
vt 0.692397 0.799326
vt 0.610203 0.995450
vt 0.609864 0.996446
vt 0.535041 0.911840
vt 0.534144 0.911769
vt 0.619174 0.922879
vt 0.618303 0.923483
vt 0.616339 0.883007
vt 0.617235 0.882936
vt 0.636410 0.959176
vt 0.635447 0.959991
vt 0.960269 0.147375
vt 0.964584 0.147375
vt 0.964584 0.149631
vt 0.958952 0.380415
vt 0.954638 0.380415
vt 0.666514 0.987466
vt 0.666063 0.988644
vt 0.965468 0.031628
vt 0.969783 0.031628
vt 0.969783 0.073558
vt 0.583869 0.806131
vt 0.584320 0.807310
vt 0.698505 0.998739
vt 0.698533 1.000000
vt 0.958952 0.410338
vt 0.954638 0.410338
vt 0.616339 0.794776
vt 0.616311 0.796037
vt 0.965468 0.000000
vt 0.969783 0.000000
vt 0.612229 0.996530
vt 0.616339 0.999071
vt 0.615901 1.000000
vt 0.611883 0.997503
vt 0.694077 0.797272
vt 0.694423 0.798245
vt 0.958953 0.416990
vt 0.963267 0.416990
vt 0.958953 0.411636
vt 0.960557 0.410724
vt 0.963267 0.412295
vt 0.954638 0.416990
vt 0.954638 0.412295
vt 0.957348 0.410724
vt 0.698096 0.794776
vt 0.698533 0.795705
vt 0.955955 0.147375
vt 0.955955 0.142581
vt 0.958673 0.140972
vt 0.960269 0.141870
vt 0.532327 0.795765
vt 0.532327 0.791451
vt 0.533276 0.791451
vt 0.533276 0.795765
vt 0.532327 0.800080
vt 0.533276 0.800080
vt 0.267528 0.492550
vt 0.266537 0.492542
vt 0.266244 0.489831
vt 0.267224 0.489831
vt 0.961865 0.140972
vt 0.964584 0.142581
vt 0.954638 0.419225
vt 0.961154 0.031628
vt 0.961154 0.000000
vt 0.963267 0.380415
vt 0.963267 0.410338
vt 0.963267 0.339219
vt 0.969783 0.139600
vt 0.969783 0.110843
vt 0.954638 0.496730
vt 0.954638 0.531330
vt 0.954638 0.456691
vt 0.963267 0.270054
vt 0.963267 0.300814
vt 0.964583 0.226486
vt 0.964584 0.260628
vt 0.964584 0.186975
vt 0.960269 0.140580
vt 0.958953 0.410338
vt 0.267602 0.494146
vt 0.266608 0.494146
vt 0.267528 0.495742
vt 0.266537 0.495750
vt 0.267224 0.498461
vt 0.266244 0.498461
vt 0.534144 0.418475
vt 0.529026 0.444346
vt 0.526853 0.443704
vt 0.531884 0.418271
vt 0.519027 0.468567
vt 0.517024 0.467513
vt 0.515025 0.466413
vt 0.524684 0.443015
vt 0.529629 0.418021
vt 0.414009 0.270185
vt 0.439824 0.275040
vt 0.439166 0.277249
vt 0.413790 0.272474
vt 0.464148 0.284782
vt 0.463077 0.286829
vt 0.462011 0.288829
vt 0.438513 0.279411
vt 0.413575 0.274717
vt 0.070683 0.285298
vt 0.094875 0.275214
vt 0.095533 0.277413
vt 0.071752 0.287328
vt 0.120545 0.270060
vt 0.120767 0.272346
vt 0.120974 0.274586
vt 0.096176 0.279567
vt 0.072806 0.289312
vt 0.282908 0.342230
vt 0.284912 0.343315
vt 0.275122 0.367623
vt 0.272950 0.366955
vt 0.286920 0.344354
vt 0.277299 0.368245
vt 0.272438 0.393398
vt 0.270176 0.393215
vt 0.267919 0.392987
vt 0.005383 0.363381
vt 0.007558 0.364082
vt 0.002398 0.389322
vt 0.000133 0.389057
vt 0.009719 0.364738
vt 0.004648 0.389542
vt 0.004519 0.415020
vt 0.002267 0.415247
vt 0.000000 0.415429
vt 0.283791 0.197043
vt 0.298357 0.219518
vt 0.297677 0.219997
vt 0.283019 0.197380
vt 0.316909 0.238797
vt 0.316347 0.239397
vt 0.029717 0.050018
vt 0.048359 0.030625
vt 0.048895 0.031348
vt 0.030370 0.050619
vt 0.015085 0.072629
vt 0.015831 0.073088
vt 0.141324 0.797591
vt 0.115923 0.797701
vt 0.115989 0.796789
vt 0.141223 0.796680
vt 0.091021 0.792901
vt 0.091251 0.792019
vt 0.649995 0.536272
vt 0.625300 0.541031
vt 0.625045 0.540271
vt 0.649903 0.535482
vt 0.675204 0.536393
vt 0.675279 0.535605
vt 0.228638 0.750906
vt 0.210754 0.769288
vt 0.210195 0.768560
vt 0.227961 0.750298
vt 0.189692 0.783507
vt 0.189272 0.782687
vt 0.744273 0.564554
vt 0.723321 0.550414
vt 0.723716 0.549717
vt 0.744807 0.563949
vt 0.762061 0.582826
vt 0.762712 0.582341
vt 0.242633 0.605958
vt 0.252264 0.629362
vt 0.251430 0.629550
vt 0.241862 0.606300
vt 0.257192 0.654358
vt 0.256326 0.654382
vt 0.785583 0.703591
vt 0.790495 0.678761
vt 0.791335 0.678908
vt 0.786391 0.703902
vt 0.775987 0.726835
vt 0.776732 0.727300
vt 0.015005 0.466192
vt 0.017019 0.465154
vt 0.031339 0.487251
vt 0.029571 0.488667
vt 0.019018 0.464070
vt 0.033092 0.485790
vt 0.051016 0.504421
vt 0.049577 0.506207
vt 0.048122 0.507946
vt 0.362011 0.275003
vt 0.362673 0.277216
vt 0.338855 0.287360
vt 0.337781 0.285319
vt 0.363340 0.279383
vt 0.339933 0.289355
vt 0.318863 0.304016
vt 0.317415 0.302275
vt 0.315972 0.300489
vt 0.251153 0.339973
vt 0.261123 0.364199
vt 0.258960 0.364886
vt 0.249158 0.341072
vt 0.266225 0.390073
vt 0.263975 0.390322
vt 0.261710 0.390525
vt 0.256781 0.365528
vt 0.247149 0.342125
vt 0.273257 0.445037
vt 0.275424 0.444382
vt 0.285404 0.467955
vt 0.283409 0.469017
vt 0.277595 0.443682
vt 0.287403 0.466846
vt 0.301552 0.487584
vt 0.299801 0.489057
vt 0.298055 0.490485
vt 0.146748 0.270273
vt 0.146525 0.272557
vt 0.172433 0.275608
vt 0.171776 0.277802
vt 0.171103 0.279950
vt 0.146288 0.274794
vt 0.266225 0.416586
vt 0.263976 0.416387
vt 0.261154 0.442748
vt 0.258992 0.442108
vt 0.256814 0.441422
vt 0.261711 0.416142
vt 0.504515 0.318540
vt 0.519046 0.340976
vt 0.517043 0.342079
vt 0.502759 0.320020
vt 0.529058 0.365796
vt 0.526885 0.366481
vt 0.524716 0.367120
vt 0.515045 0.343135
vt 0.501007 0.321454
vt 0.218249 0.300038
vt 0.236668 0.318347
vt 0.234920 0.319814
vt 0.216813 0.301816
vt 0.233157 0.321234
vt 0.215363 0.303549
vt 0.486056 0.508484
vt 0.464343 0.522857
vt 0.463267 0.520879
vt 0.484612 0.506751
vt 0.440199 0.532891
vt 0.439533 0.530742
vt 0.438872 0.528548
vt 0.462197 0.518855
vt 0.483173 0.504972
vt 0.007213 0.440841
vt 0.005031 0.441463
vt 0.009380 0.440174
vt 0.251169 0.467562
vt 0.249177 0.466504
vt 0.236665 0.489989
vt 0.234920 0.488554
vt 0.233161 0.487074
vt 0.247170 0.465400
vt 0.068293 0.553137
vt 0.068671 0.553829
vt 0.047734 0.567668
vt 0.047218 0.567069
vt 0.602687 0.779212
vt 0.602283 0.780026
vt 0.581221 0.766083
vt 0.581764 0.765361
vt 0.563259 0.748473
vt 0.563921 0.747867
vt 0.029862 0.585154
vt 0.029227 0.584670
vt 0.030248 0.317943
vt 0.032002 0.319418
vt 0.017571 0.340514
vt 0.015568 0.339405
vt 0.033742 0.320847
vt 0.019559 0.341578
vt 0.196564 0.285653
vt 0.195497 0.287677
vt 0.194415 0.289655
vt 0.270291 0.419141
vt 0.268036 0.419359
vt 0.272551 0.418876
vt 0.388329 0.538414
vt 0.362649 0.533246
vt 0.363300 0.531093
vt 0.388543 0.536174
vt 0.338449 0.523149
vt 0.339510 0.521166
vt 0.340575 0.519137
vt 0.363954 0.528894
vt 0.388762 0.533887
vt 0.116462 0.538414
vt 0.141775 0.538623
vt 0.141669 0.539410
vt 0.116522 0.539201
vt 0.166590 0.543780
vt 0.166321 0.544533
vt 0.675695 0.793670
vt 0.700337 0.788560
vt 0.700580 0.789435
vt 0.675774 0.794580
vt 0.650557 0.793866
vt 0.650470 0.794776
vt 0.299034 0.048794
vt 0.284354 0.070256
vt 0.283585 0.069788
vt 0.298359 0.048189
vt 0.274169 0.094232
vt 0.273336 0.093916
vt 0.015588 0.200221
vt 0.005372 0.176088
vt 0.006180 0.175895
vt 0.016331 0.199875
vt 0.030328 0.221826
vt 0.030977 0.221344
vt 0.189902 0.553486
vt 0.189479 0.554175
vt 0.210849 0.567380
vt 0.210288 0.567978
vt 0.723508 0.778930
vt 0.744346 0.765139
vt 0.744880 0.765859
vt 0.723904 0.779742
vt 0.387741 0.270054
vt 0.387968 0.272347
vt 0.388199 0.274594
vt 0.005202 0.628561
vt 0.005996 0.628754
vt 0.000956 0.653394
vt 0.000130 0.653364
vt 0.540121 0.704256
vt 0.539302 0.704571
vt 0.534257 0.679766
vt 0.535110 0.679614
vt 0.534144 0.654288
vt 0.534997 0.654303
vt 0.000827 0.678705
vt 0.000000 0.678842
vt 0.504510 0.490185
vt 0.502753 0.488763
vt 0.501000 0.487296
vt 0.166238 0.792912
vt 0.165973 0.792031
vt 0.699978 0.541057
vt 0.700218 0.540299
vt 0.014497 0.727893
vt 0.015229 0.727434
vt 0.029210 0.749013
vt 0.028569 0.749613
vt 0.549383 0.605580
vt 0.548625 0.605243
vt 0.562672 0.583529
vt 0.563337 0.584007
vt 0.580568 0.564905
vt 0.581115 0.565504
vt 0.047016 0.767524
vt 0.046493 0.768246
vt 0.299205 0.321223
vt 0.297448 0.319760
vt 0.300967 0.322640
vt 0.071038 0.521132
vt 0.069953 0.523126
vt 0.072108 0.519091
vt 0.095545 0.529074
vt 0.094886 0.531287
vt 0.094212 0.533453
vt 0.005656 0.703694
vt 0.004860 0.703997
vt 0.539004 0.629135
vt 0.539825 0.629316
vt 0.091663 0.543393
vt 0.091887 0.544149
vt 0.625912 0.788905
vt 0.625662 0.789782
vt 0.015772 0.605747
vt 0.015043 0.605401
vt 0.549110 0.727736
vt 0.549864 0.727267
vt 0.067968 0.782099
vt 0.067584 0.782917
vt 0.601637 0.550244
vt 0.602047 0.550939
vt 0.257192 0.679976
vt 0.256326 0.679831
vt 0.252294 0.705255
vt 0.251460 0.704945
vt 0.790495 0.653312
vt 0.785614 0.628194
vt 0.786422 0.628007
vt 0.791335 0.653290
vt 0.242649 0.729234
vt 0.241879 0.728767
vt 0.776006 0.604366
vt 0.776750 0.604022
vt 0.228642 0.585067
vt 0.227964 0.585547
vt 0.762055 0.747580
vt 0.762707 0.748183
vt 0.268786 0.146280
vt 0.273817 0.172314
vt 0.272982 0.172494
vt 0.267919 0.146295
vt 0.005063 0.097510
vt 0.005872 0.097813
vt 0.000000 0.123707
vt 0.000841 0.123845
vt 0.415065 0.269145
vt 0.415126 0.269933
vt 0.388667 0.270054
vt 0.388773 0.269264
vt 0.147019 0.000133
vt 0.146931 0.001044
vt 0.120664 0.000913
vt 0.120584 0.000000
vt 0.094934 0.005862
vt 0.094690 0.004979
vt 0.362729 0.265064
vt 0.362999 0.264304
vt 0.338740 0.253977
vt 0.338316 0.254672
vt 0.070307 0.015360
vt 0.070704 0.016178
vt 0.339469 0.016149
vt 0.339051 0.015336
vt 0.363397 0.005187
vt 0.363660 0.006064
vt 0.070978 0.254699
vt 0.071371 0.254008
vt 0.095571 0.264105
vt 0.095333 0.264860
vt 0.121251 0.269272
vt 0.121175 0.270060
vt 0.389230 0.000000
vt 0.389330 0.000910
vt 0.519938 0.070822
vt 0.520669 0.070358
vt 0.530703 0.094738
vt 0.529909 0.095048
vt 0.252705 0.199768
vt 0.251949 0.199426
vt 0.261948 0.175205
vt 0.262768 0.175393
vt 0.267067 0.149334
vt 0.267919 0.149358
vt 0.535838 0.120776
vt 0.535011 0.120922
vt 0.465136 0.254575
vt 0.465516 0.255273
vt 0.441080 0.265062
vt 0.440855 0.264303
vt 0.197477 0.014820
vt 0.197071 0.015641
vt 0.172746 0.005899
vt 0.172998 0.005018
vt 0.317654 0.030571
vt 0.317098 0.029849
vt 0.049038 0.240174
vt 0.049569 0.239575
vt 0.505452 0.220838
vt 0.506089 0.221324
vt 0.487458 0.240466
vt 0.486938 0.239861
vt 0.238101 0.048792
vt 0.237437 0.049399
vt 0.218902 0.030367
vt 0.219448 0.029639
vt 0.268919 0.119908
vt 0.268053 0.119756
vt 0.000118 0.150246
vt 0.000958 0.150217
vt 0.415599 0.000215
vt 0.415533 0.001123
vt 0.147444 0.269072
vt 0.147535 0.269858
vt 0.173121 0.263750
vt 0.173375 0.264502
vt 0.441448 0.005582
vt 0.441219 0.006458
vt 0.529941 0.173597
vt 0.530735 0.173785
vt 0.520685 0.198755
vt 0.519956 0.198411
vt 0.262800 0.096345
vt 0.261980 0.096655
vt 0.251968 0.071835
vt 0.252724 0.071369
vt 0.487034 0.030887
vt 0.487555 0.030168
vt 0.506092 0.048594
vt 0.505454 0.049196
vt 0.219525 0.239940
vt 0.218978 0.239343
vt 0.237432 0.221044
vt 0.238096 0.221524
vt 0.535838 0.147457
vt 0.535011 0.147435
vt 0.267067 0.122821
vt 0.267919 0.122676
vt 0.050308 0.301505
vt 0.048869 0.299720
vt 0.051732 0.303244
vt 0.465733 0.015692
vt 0.465350 0.016503
vt 0.197265 0.253716
vt 0.197673 0.254405
vt 0.146278 0.538294
vt 0.119986 0.538414
vt 0.120224 0.536167
vt 0.146071 0.536051
vt 0.120447 0.533874
vt 0.145848 0.533763
vt 0.318078 0.506979
vt 0.316647 0.508717
vt 0.319513 0.505194
vt 0.218152 0.509011
vt 0.216722 0.507256
vt 0.196349 0.523726
vt 0.195290 0.521724
vt 0.194216 0.519677
vt 0.215277 0.505456
vt 0.534144 0.391962
vt 0.531885 0.392206
vt 0.529629 0.392404
vt 0.172068 0.533453
vt 0.171423 0.531290
vt 0.170762 0.529082
vt 0.414522 0.538213
vt 0.414292 0.535975
vt 0.414066 0.533691
vt 0.485980 0.299508
vt 0.484538 0.301308
vt 0.483102 0.303062
vt 0.532422 0.739801
vt 0.532935 0.721332
vt 0.533577 0.720874
vt 0.533067 0.739462
vt 0.533531 0.710156
vt 0.534144 0.707874
vt 0.970153 0.590456
vt 0.969316 0.603441
vt 0.968861 0.601065
vt 0.969378 0.589937
vt 0.971052 0.571882
vt 0.970206 0.571608
vt 0.966346 0.282898
vt 0.969594 0.270054
vt 0.970285 0.270635
vt 0.967050 0.283430
vt 0.266894 0.474591
vt 0.266829 0.455181
vt 0.267384 0.455108
vt 0.267448 0.474447
vt 0.266850 0.363081
vt 0.266808 0.343742
vt 0.267681 0.343743
vt 0.267723 0.363010
vt 0.266932 0.381300
vt 0.267803 0.381162
vt 0.532958 0.758311
vt 0.532327 0.758747
vt 0.970693 0.552805
vt 0.971555 0.553040
vt 0.970684 0.535482
vt 0.971555 0.535678
vt 0.533320 0.775669
vt 0.532700 0.776194
vt 0.964926 0.298891
vt 0.964212 0.298422
vt 0.267919 0.397492
vt 0.267053 0.397690
vt 0.966886 0.607606
vt 0.967758 0.607443
vt 0.965508 0.624790
vt 0.964632 0.625004
vt 0.963988 0.316410
vt 0.963267 0.316018
vt 0.534144 0.790856
vt 0.533533 0.791451
vt 0.267060 0.270060
vt 0.267919 0.270329
vt 0.267805 0.286673
vt 0.266939 0.286462
vt 0.267725 0.304824
vt 0.266854 0.304680
vt 0.266889 0.397690
vt 0.267448 0.397828
vt 0.267384 0.416046
vt 0.266829 0.415975
vt 0.965055 0.354700
vt 0.965784 0.354900
vt 0.968199 0.373453
vt 0.967460 0.373133
vt 0.963523 0.663520
vt 0.964384 0.663214
vt 0.965322 0.681655
vt 0.964535 0.682203
vt 0.966073 0.692659
vt 0.965659 0.695027
vt 0.970285 0.386157
vt 0.969367 0.384036
vt 0.964281 0.335324
vt 0.963556 0.335025
vt 0.964372 0.643627
vt 0.963500 0.643887
vt 0.267363 0.435389
vt 0.266808 0.435389
vt 0.267683 0.324096
vt 0.266810 0.324023
vt 0.890012 0.752607
vt 0.873113 0.761910
vt 0.859160 0.761942
vt 0.877117 0.752726
vt 0.858122 0.774478
vt 0.842870 0.774495
vt 0.827988 0.774612
vt 0.845531 0.762090
vt 0.864491 0.752971
vt 0.829934 0.846004
vt 0.831747 0.865735
vt 0.815227 0.865732
vt 0.813397 0.846005
vt 0.837138 0.884711
vt 0.820737 0.884704
vt 0.804756 0.884643
vt 0.799137 0.865703
vt 0.797292 0.846007
vt 0.844910 0.335021
vt 0.839558 0.353825
vt 0.823035 0.353807
vt 0.828508 0.334999
vt 0.837758 0.373351
vt 0.821218 0.373336
vt 0.805056 0.373328
vt 0.806894 0.353767
vt 0.812493 0.334929
vt 0.827988 0.917396
vt 0.845531 0.929913
vt 0.840372 0.929602
vt 0.822405 0.917135
vt 0.524075 0.933185
vt 0.527624 0.915770
vt 0.529083 0.920226
vt 0.525707 0.937946
vt 0.848143 0.289454
vt 0.867480 0.280297
vt 0.872035 0.280590
vt 0.853139 0.289746
vt 0.830124 0.302024
vt 0.835649 0.302275
vt 0.897413 0.280573
vt 0.880633 0.289888
vt 0.866694 0.289872
vt 0.884537 0.280644
vt 0.865746 0.302421
vt 0.850502 0.302394
vt 0.943343 0.477420
vt 0.944763 0.473503
vt 0.947917 0.488390
vt 0.946761 0.492015
vt 0.867480 0.465566
vt 0.872035 0.465248
vt 0.889476 0.470487
vt 0.885392 0.470783
vt 0.901932 0.472741
vt 0.901921 0.473306
vt 0.949403 0.502828
vt 0.948447 0.502908
vt 0.853710 0.317668
vt 0.837661 0.317643
vt 0.822003 0.317548
vt 0.844910 0.411573
vt 0.853710 0.428798
vt 0.837661 0.428798
vt 0.828508 0.411569
vt 0.865746 0.443871
vt 0.850501 0.443877
vt 0.835649 0.443987
vt 0.822003 0.428882
vt 0.812493 0.411623
vt 0.839558 0.392849
vt 0.823035 0.392839
vt 0.806894 0.392863
vt 0.837137 0.807295
vt 0.831747 0.826272
vt 0.815227 0.826278
vt 0.820736 0.807306
vt 0.799137 0.826311
vt 0.804756 0.807369
vt 0.846001 0.789810
vt 0.829949 0.789825
vt 0.814299 0.789916
vt 0.927272 0.271501
vt 0.914364 0.274700
vt 0.901659 0.274986
vt 0.914193 0.272056
vt 0.889476 0.275161
vt 0.901932 0.272796
vt 0.947062 0.525401
vt 0.943528 0.513967
vt 0.945077 0.502766
vt 0.947935 0.513794
vt 0.938701 0.499612
vt 0.940932 0.488339
vt 0.798823 0.884503
vt 0.793179 0.865632
vt 0.806472 0.334798
vt 0.800809 0.353705
vt 0.798959 0.373338
vt 0.791335 0.846008
vt 0.808463 0.790123
vt 0.822405 0.774874
vt 0.798823 0.807512
vt 0.816142 0.429098
vt 0.806472 0.411775
vt 0.830124 0.444259
vt 0.967400 0.564210
vt 0.966968 0.583052
vt 0.963693 0.571008
vt 0.963500 0.552239
vt 0.966798 0.597064
vt 0.964036 0.584410
vt 0.901660 0.470635
vt 0.914193 0.473422
vt 0.884537 0.465191
vt 0.523137 0.891332
vt 0.527346 0.874973
vt 0.528820 0.887258
vt 0.525275 0.903716
vt 0.530675 0.862356
vt 0.531490 0.875066
vt 0.531996 0.887038
vt 0.530463 0.899110
vt 0.531661 0.903232
vt 0.532972 0.887223
vt 0.885392 0.274894
vt 0.901921 0.272234
vt 0.858122 0.917523
vt 0.873113 0.930088
vt 0.859160 0.930058
vt 0.842870 0.917508
vt 0.890012 0.939386
vt 0.877118 0.939269
vt 0.864491 0.939027
vt 0.938624 0.462874
vt 0.940228 0.458676
vt 0.840372 0.762403
vt 0.848143 0.456622
vt 0.853139 0.456309
vt 0.814299 0.902094
vt 0.808463 0.901889
vt 0.816142 0.317352
vt 0.793179 0.826384
vt 0.800809 0.392945
vt 0.880633 0.456191
vt 0.866694 0.456189
vt 0.897413 0.465268
vt 0.846001 0.902193
vt 0.829949 0.902182
vt 0.918463 0.270861
vt 0.932070 0.270173
vt 0.532972 0.871140
vt 0.532407 0.857910
vt 0.927273 0.473934
vt 0.933010 0.474061
vt 0.937666 0.475330
vt 0.932070 0.475223
vt 0.968238 0.602517
vt 0.968687 0.607443
vt 0.929723 0.743336
vt 0.926260 0.744331
vt 0.924304 0.744486
vt 0.925534 0.743914
vt 0.948782 0.529577
vt 0.948237 0.534551
vt 0.946487 0.530481
vt 0.918464 0.474589
vt 0.949403 0.517483
vt 0.966694 0.694127
vt 0.966345 0.699010
vt 0.933010 0.271363
vt 0.937666 0.270054
vt 0.531905 0.852479
vt 0.530145 0.856809
vt 0.926260 0.947656
vt 0.929723 0.948650
vt 0.925534 0.948073
vt 0.924304 0.947501
vt 0.847283 0.884639
vt 0.855923 0.902090
vt 0.853883 0.902180
vt 0.845190 0.884701
vt 0.867548 0.917392
vt 0.865617 0.917506
vt 0.875199 0.444016
vt 0.889333 0.456364
vt 0.887505 0.456221
vt 0.873243 0.443894
vt 0.969382 0.570092
vt 0.969795 0.551189
vt 0.903754 0.465338
vt 0.881734 0.929940
vt 0.879976 0.930074
vt 0.897914 0.939272
vt 0.896335 0.939411
vt 0.914269 0.945066
vt 0.913129 0.945251
vt 0.526653 0.869093
vt 0.522156 0.885241
vt 0.968643 0.588804
vt 0.914269 0.746923
vt 0.913128 0.746738
vt 0.897914 0.752721
vt 0.896335 0.752582
vt 0.942789 0.519342
vt 0.937666 0.505172
vt 0.965981 0.680585
vt 0.965112 0.661779
vt 0.920465 0.274560
vt 0.903754 0.280509
vt 0.967254 0.675194
vt 0.967758 0.689011
vt 0.867548 0.774607
vt 0.855923 0.789912
vt 0.853883 0.789822
vt 0.865617 0.774493
vt 0.847283 0.807365
vt 0.845189 0.807303
vt 0.841974 0.826307
vt 0.839858 0.826275
vt 0.840174 0.846003
vt 0.838053 0.846003
vt 0.847923 0.373367
vt 0.849717 0.392902
vt 0.847658 0.392862
vt 0.845866 0.373359
vt 0.855007 0.411660
vt 0.852954 0.411590
vt 0.863616 0.428915
vt 0.861588 0.428817
vt 0.875199 0.302304
vt 0.863616 0.317580
vt 0.861588 0.317662
vt 0.873243 0.302411
vt 0.855007 0.334967
vt 0.852954 0.335020
vt 0.965159 0.642103
vt 0.889333 0.289740
vt 0.887505 0.289869
vt 0.849717 0.353806
vt 0.847658 0.353829
vt 0.841974 0.865698
vt 0.839858 0.865730
vt 0.881734 0.762056
vt 0.879976 0.761922

# vertex normals
vn 0.487301 0.870501 -0.069035
vn 0.130072 0.987781 -0.085850
vn 0.133796 0.985619 -0.103216
vn 0.440092 0.897061 -0.040011
vn 0.041506 0.995443 -0.085851
vn 0.075474 0.989800 -0.120826
vn 0.344620 0.938030 -0.036562
vn 0.151192 -0.740913 0.654361
vn 0.044588 -0.709935 0.702855
vn 0.014985 -0.831130 0.555877
vn 0.086705 -0.858356 0.505675
vn 0.000000 -0.696112 0.717933
vn 0.000000 -0.820324 0.571899
vn 0.000000 -0.857207 0.514972
vn 0.013154 -0.867073 0.498008
vn 0.074284 -0.892352 0.445184
vn 0.211922 0.968144 -0.133367
vn 0.120000 0.992108 -0.036348
vn 0.114813 0.993371 -0.005707
vn 0.103034 0.994598 -0.012635
vn 0.119850 0.991545 -0.049747
vn 0.152047 0.987972 -0.028170
vn 0.186657 0.981870 -0.033022
vn 0.123998 0.992260 -0.006623
vn 0.085697 0.996320 0.001251
vn -0.176827 -0.909708 -0.375718
vn -0.120336 -0.916698 -0.381029
vn -0.063327 -0.993396 -0.095677
vn -0.065982 -0.992509 -0.102818
vn 0.000000 -0.923156 -0.384425
vn 0.000000 -0.995653 -0.093144
vn 0.000000 -0.999995 0.003327
vn -0.040529 -0.999177 -0.001526
vn -0.029969 -0.999488 -0.011200
vn 0.000000 0.992892 -0.119023
vn 0.000000 0.985022 -0.172431
vn -0.066531 0.985575 -0.155616
vn -0.094791 0.990945 -0.095097
vn 0.000000 0.961301 -0.275499
vn -0.056063 0.954660 -0.292371
vn -0.122502 0.929785 -0.347121
vn -0.102361 0.986498 -0.127844
vn -0.119850 0.991545 -0.049747
vn 0.289441 0.951883 -0.100712
vn 0.096746 0.995233 -0.012330
vn 0.070437 0.997072 -0.029756
vn 0.078160 0.995814 -0.047397
vn 0.087711 0.995802 -0.026155
vn 0.093572 0.991967 -0.085118
vn 0.057132 0.994889 -0.083256
vn 0.092015 0.982163 -0.163979
vn 0.112280 0.980579 -0.160805
vn 0.336595 0.941635 0.005219
vn 0.101994 0.978805 -0.177590
vn 0.118477 0.979919 -0.160380
vn 0.291797 0.955383 0.045810
vn 0.000000 0.995845 -0.091070
vn 0.000000 0.994672 -0.103093
vn 0.197369 0.976317 -0.088598
vn 0.168372 0.983160 -0.071048
vn 0.000000 0.992090 -0.125526
vn 0.212201 0.969995 -0.118659
vn 0.238352 0.965310 -0.106602
vn 0.218211 0.974016 -0.060642
vn -0.197369 0.976317 -0.088598
vn -0.212172 0.970002 -0.118660
vn -0.168372 0.983160 -0.071048
vn -0.186657 0.981870 -0.033022
vn -0.218211 0.974016 -0.060642
vn -0.238352 0.965310 -0.106602
vn 0.160528 0.980565 -0.112797
vn 0.180609 0.981600 -0.061983
vn 0.307696 0.933680 0.183208
vn 0.207802 0.971136 -0.117101
vn 0.218978 0.973849 -0.060551
vn 0.322191 0.899248 0.295883
vn 0.000000 0.993745 -0.111671
vn 0.000000 0.995072 -0.099156
vn 0.194347 0.977686 -0.079747
vn 0.186900 0.976039 -0.111426
vn 0.000000 0.998888 -0.047152
vn 0.226088 0.971984 0.064274
vn 0.000000 0.005127 0.999987
vn 0.000000 -0.152807 0.988256
vn -0.166789 -0.159403 0.973022
vn -0.174721 0.009766 0.984570
vn 0.000000 -0.532504 0.846428
vn -0.114571 -0.551245 0.826440
vn -0.255294 -0.599858 0.758284
vn -0.354385 -0.178596 0.917886
vn -0.367237 0.019655 0.929920
vn 0.000000 -0.315569 -0.948903
vn 0.000000 -0.660738 -0.750617
vn 0.163037 -0.629470 -0.759728
vn 0.187967 -0.292800 -0.937516
vn 0.000000 -0.936982 -0.349377
vn 0.100379 -0.924438 -0.367883
vn 0.182534 -0.902356 -0.390430
vn 0.320972 -0.570926 -0.755659
vn 0.370929 -0.249951 -0.894392
vn 0.117376 0.988174 -0.098668
vn 0.102361 0.986498 -0.127844
vn 0.192697 0.953932 -0.229961
vn 0.122536 0.929778 -0.347129
vn 0.112830 0.993436 -0.018831
vn 0.263224 0.957066 -0.121403
vn 0.142279 0.989117 -0.037477
vn 0.159493 0.982687 -0.094274
vn 0.099493 0.984372 -0.145303
vn 0.167977 0.974689 -0.147530
vn 0.163336 0.971869 -0.169684
vn 0.242353 0.959250 -0.145272
vn 0.232770 0.960315 -0.153664
vn 0.153480 0.975295 -0.158882
vn 0.217112 0.965955 -0.140692
vn 0.125495 0.989830 -0.066990
vn 0.403980 0.909527 -0.097783
vn 0.064426 0.988248 -0.138619
vn 0.000000 -0.156807 0.987629
vn 0.000000 -0.486508 0.873676
vn 0.095250 -0.496425 0.862838
vn 0.170787 -0.142526 0.974945
vn 0.247995 -0.515887 0.819975
vn 0.362716 -0.115453 0.924720
vn 0.919228 -0.066989 0.387986
vn 0.739367 -0.546178 0.393733
vn 0.800937 -0.557915 0.217325
vn 0.977154 -0.069858 0.200723
vn 0.438446 -0.840695 0.317801
vn 0.461380 -0.868865 0.179450
vn 0.453851 -0.890581 0.029726
vn 0.819499 -0.572630 0.022706
vn 0.997841 -0.065676 0.000610
vn 0.791022 -0.588345 -0.167732
vn 0.978570 -0.047000 -0.200481
vn 0.415611 -0.903399 -0.105535
vn 0.357804 -0.910777 -0.206064
vn 0.724265 -0.602919 -0.334558
vn 0.920544 -0.022828 -0.389971
vn 0.632339 -0.612684 -0.474094
vn 0.827451 -0.002564 -0.561532
vn 0.294599 -0.915049 -0.275494
vn 0.238875 -0.914603 -0.326251
vn 0.526119 -0.615296 -0.587035
vn 0.703533 0.010651 -0.710583
vn 0.418242 -0.613996 -0.669389
vn 0.554508 0.016175 -0.832021
vn 0.201060 -0.910751 -0.360705
vn 0.176827 -0.909708 -0.375718
vn 0.313917 -0.617671 -0.721068
vn 0.386249 0.005585 -0.922378
vn 0.000000 0.594547 0.804061
vn 0.000000 0.920969 0.389635
vn -0.165596 0.911693 0.376024
vn -0.253066 0.756147 0.603489
vn -0.226088 0.971984 0.064274
vn -0.322191 0.899248 0.295883
vn 0.415064 -0.526734 0.741804
vn 0.551666 -0.086430 0.829575
vn 0.270368 -0.767461 0.581296
vn 0.347492 -0.787763 0.508604
vn 0.546108 -0.530482 0.648347
vn 0.707525 -0.067417 0.703466
vn 0.650164 -0.536782 0.537729
vn 0.828990 -0.063907 0.555600
vn 0.397176 -0.811717 0.428214
vn 0.634834 0.599005 0.488036
vn 0.725473 0.589815 0.354694
vn 0.794988 0.561274 0.230143
vn 0.412099 0.491571 0.767158
vn 0.534090 0.565128 0.628791
vn -0.194347 0.977686 -0.079747
vn -0.186900 0.976039 -0.111426
vn -0.207802 0.971136 -0.117101
vn -0.218978 0.973849 -0.060551
vn 0.000000 -0.045503 -0.998964
vn 0.000000 -0.642849 -0.765993
vn -0.182965 -0.632426 -0.752703
vn -0.201642 -0.025545 -0.979126
vn -0.313923 -0.617652 -0.721082
vn -0.386249 0.005585 -0.922378
vn 0.524350 0.708319 -0.472590
vn 0.413961 0.705143 -0.575682
vn 0.276777 0.672366 -0.686527
vn 0.712534 0.642889 -0.281052
vn 0.621190 0.685738 -0.379324
vn 0.873414 0.485796 -0.033906
vn 0.801001 0.572047 -0.176522
vn 0.849438 0.515498 0.112768
vn -0.081548 -0.996669 0.001312
vn 0.001617 -0.998911 0.046633
vn 0.193675 -0.979242 0.059787
vn 0.047273 -0.998814 -0.011658
vn 0.200479 -0.966079 0.162788
vn 0.710584 -0.627754 0.317799
vn 0.917568 -0.035860 0.395959
vn 0.953819 -0.198955 0.225049
vn 0.763675 -0.645598 0.001923
vn 0.000000 -0.797466 0.603364
vn -0.043948 -0.811934 0.582093
vn -0.013154 -0.867073 0.498008
vn -0.074284 -0.892352 0.445184
vn -0.123604 -0.847255 0.516605
vn 0.000000 -0.023592 -0.999722
vn -0.191689 -0.023103 -0.981184
vn -0.192211 -0.096258 -0.976621
vn 0.000000 -0.102087 -0.994776
vn -0.378828 -0.022035 -0.925205
vn -0.379351 -0.084355 -0.921399
vn -0.370929 -0.249951 -0.894392
vn -0.187965 -0.292828 -0.937508
vn 0.079959 -0.990150 -0.114933
vn -0.035829 -0.998672 -0.037019
vn 0.268444 -0.956737 -0.112218
vn 0.476598 -0.836640 -0.269978
vn 0.762913 -0.624174 -0.168434
vn 0.843435 -0.400354 -0.358237
vn 0.238570 -0.919518 -0.312365
vn 0.185953 -0.957659 -0.219798
vn 0.575567 -0.684461 -0.447477
vn 0.556466 -0.577403 -0.597454
vn 0.796214 -0.271376 -0.540738
vn 0.685620 -0.224471 -0.692487
vn 0.233934 -0.897737 -0.373286
vn 0.460255 -0.543083 -0.702300
vn 0.540252 -0.222119 -0.811659
vn 0.433255 -0.743485 0.509431
vn 0.379169 -0.662478 0.646029
vn 0.534355 -0.210824 0.818546
vn 0.673875 -0.268787 0.688219
vn 0.255294 -0.599858 0.758284
vn 0.354385 -0.178596 0.917886
vn 0.367237 0.019655 0.929920
vn 0.553160 0.027406 0.832624
vn 0.708378 0.029085 0.705234
vn 0.382440 -0.857782 0.343437
vn 0.755145 -0.386988 0.529148
vn 0.830427 0.018434 0.556823
vn 0.999851 -0.017182 -0.001984
vn 0.999858 -0.016694 -0.002289
vn 0.980200 -0.016724 -0.197303
vn 0.980237 -0.018067 -0.197000
vn 0.980206 -0.016724 -0.197274
vn 0.922766 -0.016816 -0.384994
vn 0.922750 -0.016816 -0.385031
vn 0.922827 -0.018922 -0.384750
vn 0.362909 -0.028230 0.931397
vn 0.365318 0.003968 0.930874
vn 0.172921 -0.010163 0.984883
vn 0.169715 -0.044100 0.984506
vn 0.174721 0.009766 0.984570
vn 0.000000 -0.017273 0.999851
vn 0.000000 -0.052463 0.998623
vn 0.829637 -0.016969 -0.558046
vn 0.829710 -0.019624 -0.557850
vn 0.829660 -0.016969 -0.558010
vn 0.704832 -0.017182 -0.709166
vn 0.704786 -0.017183 -0.709212
vn 0.704899 -0.020265 -0.709019
vn 0.552642 -0.017488 -0.833235
vn 0.552794 -0.021028 -0.833052
vn 0.552698 -0.017487 -0.833198
vn 0.378586 -0.018006 -0.925391
vn 0.378596 -0.018007 -0.925387
vn 0.378828 -0.022035 -0.925205
vn 0.358081 -0.030733 0.933185
vn 0.550507 -0.020448 0.834580
vn 0.551936 -0.018189 0.833688
vn 0.355853 -0.030702 0.934038
vn 0.549864 -0.020448 0.835004
vn 0.708995 -0.017457 0.704997
vn 0.709010 -0.017457 0.704982
vn 0.709080 -0.015381 0.704960
vn 0.833121 -0.016969 0.552830
vn 0.833042 -0.015229 0.553001
vn 0.833145 -0.016969 0.552795
vn 0.924735 -0.016816 0.380240
vn 0.924724 -0.016816 0.380266
vn 0.924643 -0.015656 0.380514
vn -0.999851 -0.017182 -0.001984
vn -0.999858 -0.016694 -0.002289
vn -0.981098 -0.016724 0.192789
vn -0.981051 -0.016327 0.193061
vn -0.981103 -0.016725 0.192760
vn -0.924735 -0.016816 0.380240
vn -0.924724 -0.016816 0.380266
vn -0.924643 -0.015656 0.380514
vn -0.553038 -0.074528 -0.829816
vn -0.540252 -0.222119 -0.811659
vn -0.552794 -0.021028 -0.833052
vn -0.704883 -0.020265 -0.709034
vn -0.704901 -0.069645 -0.705878
vn -0.685606 -0.224466 -0.692503
vn 0.999592 -0.027864 0.006348
vn 0.980523 -0.051303 -0.189586
vn 0.923052 -0.064487 -0.379231
vn 0.829727 -0.068211 -0.553986
vn 0.704901 -0.069645 -0.705878
vn 0.553038 -0.074528 -0.829816
vn 0.379351 -0.084355 -0.921399
vn 0.000000 0.792500 -0.609872
vn 0.000000 0.890114 -0.455739
vn 0.027925 0.894133 -0.446929
vn 0.066410 0.845989 -0.529049
vn 0.056063 0.954660 -0.292371
vn -0.917568 -0.035860 0.395959
vn -0.922753 0.011628 0.385216
vn -0.831367 0.017610 0.555445
vn -0.830427 0.018434 0.556823
vn -0.833042 -0.015229 0.553001
vn -0.709080 -0.015381 0.704960
vn -0.707955 0.017854 0.706032
vn -0.708378 0.029085 0.705234
vn -0.487301 0.870501 -0.069035
vn -0.440092 0.897061 -0.040011
vn -0.133826 0.985615 -0.103216
vn -0.130072 0.987781 -0.085850
vn -0.344593 0.938040 -0.036562
vn -0.075504 0.989798 -0.120826
vn -0.041506 0.995441 -0.085881
vn 0.000000 0.990609 -0.136724
vn 0.000000 0.992498 -0.122258
vn 0.192757 0.973185 -0.125524
vn 0.202648 0.969171 -0.140145
vn -0.211922 0.968144 -0.133367
vn -0.103034 0.994598 -0.012635
vn -0.114813 0.993371 -0.005707
vn -0.120000 0.992108 -0.036348
vn -0.085697 0.996320 0.001251
vn -0.123998 0.992260 -0.006623
vn -0.152047 0.987972 -0.028170
vn 0.000000 0.559424 -0.828882
vn -0.134683 0.608195 -0.782279
vn -0.066410 0.845989 -0.529049
vn -0.276777 0.672366 -0.686527
vn 0.000000 0.989945 -0.141456
vn -0.211683 0.967038 -0.141519
vn -0.202648 0.969171 -0.140145
vn -0.242353 0.959250 -0.145272
vn -0.232770 0.960315 -0.153664
vn -0.289441 0.951883 -0.100712
vn -0.078160 0.995814 -0.047397
vn -0.070439 0.997072 -0.029757
vn -0.096746 0.995233 -0.012330
vn -0.057162 0.994887 -0.083256
vn -0.093572 0.991970 -0.085088
vn -0.087711 0.995802 -0.026155
vn -0.336595 0.941635 0.005219
vn -0.112280 0.980579 -0.160805
vn -0.092015 0.982163 -0.163979
vn -0.291797 0.955383 0.045810
vn -0.118477 0.979919 -0.160380
vn -0.101994 0.978805 -0.177590
vn 0.201642 -0.025545 -0.979126
vn 0.134680 0.608180 -0.782291
vn 0.000000 0.274032 0.961721
vn -0.253100 0.386167 0.887026
vn -0.170787 -0.142526 0.974945
vn -0.412099 0.491571 0.767158
vn -0.362716 -0.115453 0.924720
vn -0.307696 0.933680 0.183208
vn -0.180609 0.981600 -0.061983
vn -0.160528 0.980565 -0.112797
vn 0.066531 0.985575 -0.155616
vn 0.094791 0.990945 -0.095097
vn 0.000000 0.995512 -0.094641
vn -0.131902 0.988685 -0.071445
vn 0.131902 0.988685 -0.071445
vn -0.117376 0.988174 -0.098668
vn -0.192697 0.953932 -0.229961
vn -0.112830 0.993436 -0.018831
vn -0.263224 0.957066 -0.121403
vn -0.159493 0.982687 -0.094274
vn -0.142279 0.989117 -0.037477
vn -0.163336 0.971869 -0.169684
vn -0.167977 0.974689 -0.147530
vn -0.099493 0.984372 -0.145303
vn -0.153480 0.975295 -0.158882
vn -0.217112 0.965955 -0.140692
vn -0.125465 0.989834 -0.066990
vn -0.403980 0.909527 -0.097783
vn -0.064426 0.988248 -0.138619
vn 0.253100 0.386167 0.887026
vn 0.253066 0.756147 0.603489
vn -0.919228 -0.066989 0.387986
vn -0.977154 -0.069858 0.200723
vn -0.800937 -0.557915 0.217325
vn -0.739367 -0.546178 0.393733
vn -0.997841 -0.065676 0.000610
vn -0.819499 -0.572630 0.022706
vn -0.453851 -0.890581 0.029726
vn -0.461380 -0.868865 0.179450
vn -0.438446 -0.840695 0.317801
vn -0.978570 -0.047000 -0.200481
vn -0.791022 -0.588345 -0.167732
vn -0.920544 -0.022828 -0.389971
vn -0.724265 -0.602919 -0.334558
vn -0.357804 -0.910777 -0.206064
vn -0.415611 -0.903399 -0.105535
vn -0.827451 -0.002533 -0.561532
vn -0.632339 -0.612684 -0.474094
vn -0.703533 0.010651 -0.710583
vn -0.526119 -0.615296 -0.587035
vn -0.238875 -0.914603 -0.326251
vn -0.294599 -0.915049 -0.275494
vn -0.554508 0.016175 -0.832021
vn -0.418268 -0.613988 -0.669381
vn -0.201060 -0.910751 -0.360705
vn -0.163033 -0.629455 -0.759741
vn -0.100379 -0.924438 -0.367883
vn -0.320972 -0.570926 -0.755659
vn -0.182536 -0.902367 -0.390404
vn -0.551666 -0.086430 0.829575
vn -0.415070 -0.526712 0.741816
vn -0.247995 -0.515887 0.819975
vn -0.707540 -0.067418 0.703450
vn -0.546108 -0.530482 0.648347
vn -0.347492 -0.787763 0.508604
vn -0.270368 -0.767461 0.581296
vn -0.151192 -0.740913 0.654361
vn -0.828990 -0.063907 0.555600
vn -0.650153 -0.536774 0.537750
vn -0.397150 -0.811727 0.428219
vn -0.725487 0.589802 0.354687
vn -0.634834 0.599005 0.488036
vn -0.794994 0.561278 0.230114
vn -0.534090 0.565128 0.628791
vn -0.192757 0.973185 -0.125524
vn 0.182965 -0.632426 -0.752703
vn 0.120338 -0.916709 -0.381003
vn -0.413961 0.705143 -0.575682
vn -0.524350 0.708319 -0.472590
vn -0.621190 0.685738 -0.379324
vn -0.712534 0.642889 -0.281052
vn -0.801001 0.572047 -0.176522
vn -0.873414 0.485796 -0.033906
vn -0.849438 0.515498 0.112768
vn 0.081578 -0.996666 0.001312
vn -0.047397 -0.998808 -0.011658
vn -0.193887 -0.979200 0.059787
vn -0.001617 -0.998911 0.046633
vn -0.763844 -0.645398 0.001923
vn -0.953824 -0.198926 0.225050
vn -0.710584 -0.627754 0.317799
vn -0.200479 -0.966079 0.162788
vn 0.043947 -0.811958 0.582059
vn 0.123604 -0.847255 0.516605
vn 0.114571 -0.551245 0.826440
vn 0.165596 0.911693 0.376024
vn -0.079959 -0.990150 -0.114933
vn -0.476621 -0.836628 -0.269974
vn -0.268472 -0.956729 -0.112217
vn 0.035829 -0.998672 -0.037019
vn -0.843454 -0.400318 -0.358232
vn -0.762982 -0.624089 -0.168436
vn -0.238570 -0.919518 -0.312365
vn -0.556487 -0.577393 -0.597444
vn -0.575588 -0.684449 -0.447469
vn -0.185953 -0.957659 -0.219798
vn -0.796214 -0.271376 -0.540738
vn -0.460265 -0.543095 -0.702285
vn -0.233927 -0.897743 -0.373276
vn -0.433255 -0.743485 0.509431
vn -0.673875 -0.268787 0.688219
vn -0.534355 -0.210824 0.818546
vn -0.379169 -0.662478 0.646029
vn -0.553160 0.027406 0.832624
vn -0.755132 -0.386981 0.529170
vn -0.382440 -0.857782 0.343437
vn -0.922827 -0.018922 -0.384750
vn -0.922750 -0.016816 -0.385031
vn -0.980200 -0.016724 -0.197303
vn -0.980237 -0.018067 -0.197000
vn -0.922766 -0.016816 -0.384994
vn -0.980206 -0.016724 -0.197274
vn -0.027925 0.894121 -0.446954
vn -0.552002 0.014039 0.833725
vn -0.551915 -0.018190 0.833702
vn -0.362909 -0.028230 0.931397
vn -0.365318 0.003968 0.930874
vn -0.704786 -0.017183 -0.709212
vn -0.829637 -0.016969 -0.558046
vn -0.829710 -0.019624 -0.557850
vn -0.704832 -0.017182 -0.709166
vn -0.829660 -0.016969 -0.558010
vn -0.378623 -0.018007 -0.925376
vn -0.552642 -0.017488 -0.833235
vn -0.378586 -0.018006 -0.925391
vn -0.552698 -0.017487 -0.833198
vn -0.709010 -0.017457 0.704982
vn -0.550507 -0.020448 0.834580
vn -0.708995 -0.017457 0.704997
vn -0.549864 -0.020448 0.835004
vn -0.355853 -0.030702 0.934038
vn -0.358081 -0.030733 0.933185
vn -0.833121 -0.016969 0.552830
vn -0.833145 -0.016969 0.552795
vn 0.191689 -0.023103 -0.981184
vn 0.192211 -0.096258 -0.976621
vn 0.707955 0.017854 0.706032
vn 0.831367 0.017610 0.555445
vn 0.922753 0.011628 0.385216
vn -0.923052 -0.064487 -0.379231
vn -0.980523 -0.051303 -0.189586
vn -0.999592 -0.027864 0.006348
vn -0.979747 -0.003845 0.200204
vn -0.161020 -0.046908 0.985836
vn -0.163921 -0.046969 0.985355
vn 0.000000 -0.055544 0.998456
vn -0.169715 -0.044100 0.984506
vn 0.552002 0.014039 0.833725
vn 0.000000 -0.018861 -0.999822
vn -0.191444 -0.018586 -0.981328
vn -0.191479 -0.018586 -0.981321
vn -0.829727 -0.068211 -0.553986
vn 0.191479 -0.018586 -0.981321
vn 0.191444 -0.018586 -0.981328
vn 0.065982 -0.992509 -0.102818
vn 0.063327 -0.993396 -0.095677
vn 0.029969 -0.999488 -0.011200
vn 0.040529 -0.999177 -0.001526
vn 0.979747 -0.003815 0.200204
vn 0.981051 -0.016327 0.193061
vn 0.059543 -0.995021 -0.079930
vn 0.048861 -0.996622 -0.066012
vn 0.000000 -0.998400 -0.056552
vn 0.211683 0.967038 -0.141519
vn -0.172921 -0.010163 0.984883
vn 0.166788 -0.159433 0.973017
vn 0.981098 -0.016724 0.192789
vn 0.981103 -0.016725 0.192760
vn -0.069431 -0.985069 0.157540
vn -0.082096 -0.986890 0.138953
vn -0.156228 -0.959403 0.234815
vn -0.112461 -0.965521 0.234781
vn -0.201608 -0.922375 0.329513
vn -0.142770 -0.942531 0.302081
vn -0.192635 -0.885231 0.423389
vn -0.134588 -0.918858 0.370925
vn -0.059543 -0.995021 -0.079930
vn -0.034150 -0.996193 -0.080203
vn 0.015961 -0.999712 -0.017915
vn 0.007508 -0.997193 -0.074498
vn 0.058994 -0.997856 -0.028352
vn 0.041537 -0.996638 -0.070621
vn 0.074803 -0.996155 -0.045596
vn 0.057438 -0.996702 -0.057315
vn 0.063846 -0.996656 -0.050997
vn 0.059969 -0.997719 -0.031007
vn 0.042390 -0.998630 -0.030671
vn 0.041963 -0.999097 0.006623
vn 0.014191 -0.999777 0.015656
vn -0.007782 -0.998124 0.060733
vn -0.024384 -0.996436 0.080753
vn 0.069431 -0.985069 0.157540
vn 0.112461 -0.965521 0.234781
vn 0.156228 -0.959403 0.234815
vn 0.082096 -0.986890 0.138953
vn 0.142770 -0.942531 0.302081
vn 0.201608 -0.922375 0.329513
vn 0.134591 -0.918854 0.370935
vn 0.192606 -0.885236 0.423391
vn -0.015961 -0.999712 -0.017915
vn 0.034150 -0.996193 -0.080203
vn -0.058994 -0.997856 -0.028352
vn -0.007508 -0.997193 -0.074498
vn -0.074803 -0.996155 -0.045596
vn -0.041537 -0.996638 -0.070621
vn -0.063846 -0.996656 -0.050997
vn -0.057468 -0.996701 -0.057315
vn -0.042390 -0.998630 -0.030671
vn -0.059969 -0.997719 -0.031007
vn -0.014191 -0.999777 0.015656
vn -0.041963 -0.999097 0.006623
vn -0.048861 -0.996622 -0.066012
vn -0.014985 -0.831130 0.555877
vn -0.086705 -0.858356 0.505675
vn -0.044588 -0.709935 0.702855
vn 0.024384 -0.996436 0.080753
vn 0.007782 -0.998124 0.060733
vn 0.146949 -0.981860 0.119818
vn 0.116798 -0.992826 0.025575
vn 0.169990 -0.961280 0.216897
vn -0.095250 -0.496425 0.862838
vn 0.082829 -0.995356 -0.049044
vn 0.048251 -0.994720 -0.090581
vn 0.020356 -0.994391 -0.103794
vn 0.013489 -0.994360 -0.105198
vn 0.033937 -0.993745 -0.106388
vn 0.163796 -0.885787 0.434226
vn 0.191507 -0.909619 0.368670
vn 0.185432 -0.935036 0.302197
vn -0.116798 -0.992826 0.025575
vn -0.146979 -0.981856 0.119818
vn -0.169990 -0.961280 0.216897
vn -0.048251 -0.994720 -0.090581
vn -0.082860 -0.995354 -0.049044
vn -0.013520 -0.994359 -0.105198
vn -0.020356 -0.994391 -0.103794
vn -0.033937 -0.993749 -0.106357
vn -0.191507 -0.909619 0.368670
vn -0.163796 -0.885787 0.434226
vn -0.185432 -0.935036 0.302197
vn 0.163921 -0.046969 0.985355
vn 0.161020 -0.046908 0.985836
vn 0.624136 0.471929 -0.622685
vn 0.624509 0.471929 -0.622311
vn 0.338108 0.471858 -0.814268
vn 0.337884 0.471858 -0.814361
vn -0.000285 0.947264 -0.320454
vn 0.123654 0.947224 -0.295763
vn 0.123663 0.947224 -0.295759
vn -0.000287 0.947264 -0.320454
vn 0.000133 -0.473316 -0.880893
vn 0.000049 -0.473316 -0.880893
vn -0.336851 -0.473194 -0.814014
vn -0.336427 -0.473194 -0.814189
vn -0.813479 -0.472627 -0.338933
vn -0.813820 -0.472626 -0.338115
vn -0.881418 -0.472336 -0.001205
vn -0.881416 -0.472337 -0.002086
vn 0.815198 -0.472186 0.335400
vn 0.814887 -0.472185 0.336156
vn 0.881361 -0.472443 -0.001117
vn 0.881359 -0.472443 -0.002018
vn -0.338085 -0.471914 0.814245
vn -0.337867 -0.471914 0.814336
vn 0.000138 -0.471898 0.881653
vn 0.000202 -0.471898 0.881653
vn 0.624642 -0.472022 0.622108
vn 0.624202 -0.472022 0.622549
vn 0.622194 -0.473060 -0.623770
vn 0.622645 -0.473060 -0.623320
vn 0.336935 -0.473263 -0.813939
vn 0.336651 -0.473263 -0.814057
vn -0.622076 -0.472938 -0.623980
vn -0.622602 -0.472938 -0.623456
vn -0.624494 -0.471974 0.622292
vn -0.624128 -0.471974 0.622660
vn 0.338419 -0.471931 0.814097
vn 0.338089 -0.471931 0.814234
vn -0.815207 -0.472107 0.335488
vn -0.814923 -0.472107 0.336177
vn 0.813479 -0.472765 -0.338741
vn 0.813803 -0.472764 -0.337962
vn 0.000294 -0.999994 -0.003529
vn 0.000295 -0.999994 -0.003531
vn 0.000294 -0.999994 -0.003528
vn 0.000294 -0.999994 -0.003528
vn 0.000295 -0.999994 -0.003531
vn -0.622011 -0.473058 -0.623953
vn -0.336382 -0.473363 -0.814110
vn -0.336829 -0.473363 -0.813925
vn -0.622566 -0.473058 -0.623401
vn 0.336831 0.473273 0.813976
vn -0.000049 0.473404 0.880845
vn -0.000136 0.473404 0.880845
vn 0.336398 0.473274 0.814155
vn -0.624222 0.471916 -0.622609
vn -0.338113 0.471779 -0.814313
vn -0.338465 0.471779 -0.814166
vn -0.624687 0.471917 -0.622142
vn 0.624140 0.471881 -0.622717
vn 0.814941 0.472049 -0.336215
vn 0.815237 0.472049 -0.335496
vn 0.624524 0.471881 -0.622333
vn 0.622593 0.472981 0.623432
vn 0.336841 0.473261 0.813980
vn 0.336411 0.473261 0.814157
vn 0.622056 0.472981 0.623967
vn 0.622596 0.473006 0.623409
vn 0.336849 0.473298 0.813955
vn 0.336414 0.473298 0.814134
vn 0.622054 0.473007 0.623950
vn -0.813780 0.472823 0.337935
vn -0.881353 0.472458 0.001094
vn -0.881351 0.472459 0.002031
vn -0.813443 0.472824 0.338744
vn -0.813440 -0.472685 -0.338947
vn -0.813800 -0.472684 -0.338083
vn -0.813463 -0.472649 -0.338942
vn -0.622037 -0.472987 -0.623982
vn -0.622571 -0.472986 -0.623449
vn -0.813809 -0.472648 -0.338110
vn 0.622184 -0.473103 -0.623747
vn 0.622645 -0.473102 -0.623287
vn 0.336927 -0.473327 -0.813905
vn 0.336637 -0.473328 -0.814025
vn 0.624139 0.471905 -0.622701
vn 0.624518 0.471905 -0.622321
vn 0.338112 0.471825 -0.814286
vn 0.337885 0.471825 -0.814380
vn -0.622064 -0.472960 -0.623975
vn -0.336415 -0.473225 -0.814176
vn -0.336843 -0.473225 -0.813999
vn -0.622595 -0.472960 -0.623445
vn -0.624549 -0.471850 0.622331
vn -0.815251 -0.472034 0.335484
vn -0.814953 -0.472034 0.336208
vn -0.624164 -0.471850 0.622717
vn 0.813476 -0.472779 -0.338729
vn 0.813807 -0.472778 -0.337933
vn 0.622598 0.472959 0.623443
vn 0.336850 0.473230 0.813994
vn 0.336424 0.473230 0.814170
vn 0.622067 0.472959 0.623973
vn -0.336929 0.473306 0.813917
vn -0.622643 0.473087 0.623301
vn -0.622187 0.473087 0.623756
vn -0.336644 0.473306 0.814034
vn -0.813771 0.472838 0.337936
vn -0.881346 0.472471 0.001088
vn -0.881343 0.472472 0.002031
vn -0.813432 0.472839 0.338750
vn -0.338080 -0.471900 0.814255
vn -0.624499 -0.471960 0.622298
vn -0.624131 -0.471960 0.622668
vn -0.337862 -0.471900 0.814346
vn -0.813472 -0.472635 -0.338938
vn -0.622064 -0.472957 -0.623978
vn -0.622593 -0.472957 -0.623451
vn -0.813815 -0.472634 -0.338115
vn 0.622165 -0.473138 -0.623740
vn 0.622631 -0.473137 -0.623275
vn 0.336923 -0.473371 -0.813881
vn 0.336630 -0.473371 -0.814002
vn 0.813818 0.472640 0.338101
vn 0.813469 0.472641 0.338938
vn -0.000143 0.471796 -0.881708
vn 0.337877 0.471813 -0.814390
vn 0.338105 0.471813 -0.814295
vn -0.000209 0.471796 -0.881708
vn 0.624130 0.471900 -0.622714
vn 0.814923 0.472077 -0.336220
vn 0.815217 0.472078 -0.335506
vn 0.624511 0.471900 -0.622331
vn -0.229092 0.946944 -0.225418
vn -0.124206 0.947165 -0.295722
vn -0.124223 0.947165 -0.295715
vn -0.229126 0.946944 -0.225384
vn 0.624684 -0.471917 0.622145
vn 0.338455 -0.471789 0.814164
vn 0.338104 -0.471789 0.814310
vn 0.624219 -0.471916 0.622612
vn -0.123566 0.945685 0.300683
vn -0.228200 0.945817 0.230987
vn -0.228112 0.945817 0.231076
vn -0.123507 0.945685 0.300708
vn -0.815221 -0.472083 0.335490
vn -0.881420 -0.472329 -0.002090
vn -0.881422 -0.472328 -0.001188
vn -0.814929 -0.472082 0.336198
vn -0.813452 -0.472669 -0.338940
vn -0.622023 -0.473045 -0.623952
vn -0.622574 -0.473044 -0.623403
vn -0.813810 -0.472668 -0.338081
vn -0.814898 0.472147 -0.336182
vn -0.624224 0.471935 -0.622592
vn -0.624685 0.471936 -0.622130
vn -0.815222 0.472148 -0.335395
vn 0.622177 -0.473123 -0.623739
vn 0.622641 -0.473123 -0.623277
vn 0.336924 -0.473355 -0.813890
vn 0.336632 -0.473355 -0.814011
vn 0.815230 -0.472139 0.335387
vn 0.624695 -0.471920 0.622131
vn 0.624233 -0.471920 0.622595
vn 0.814903 -0.472139 0.336181
vn 0.000132 -0.473369 -0.880864
vn 0.336650 -0.473318 -0.814025
vn 0.336939 -0.473318 -0.813906
vn 0.000047 -0.473369 -0.880864
vn 0.813459 -0.472805 -0.338733
vn 0.881352 -0.472456 -0.002026
vn 0.881354 -0.472455 -0.001088
vn 0.813795 -0.472804 -0.337925
vn 0.622588 0.472954 0.623458
vn 0.336847 0.473211 0.814006
vn 0.336422 0.473211 0.814182
vn 0.622059 0.472954 0.623984
vn -0.624221 0.471930 -0.622599
vn -0.338106 0.471805 -0.814300
vn -0.338457 0.471806 -0.814154
vn -0.624684 0.471930 -0.622135
vn 0.622559 0.473066 0.623402
vn 0.336821 0.473367 0.813926
vn 0.336376 0.473367 0.814110
vn 0.622005 0.473066 0.623953
vn -0.813797 0.472791 0.337941
vn -0.881355 0.472453 0.001102
vn -0.881353 0.472454 0.002023
vn -0.813464 0.472792 0.338738
vn -0.336927 0.473423 0.813850
vn -0.622610 0.473191 0.623255
vn -0.622138 0.473192 0.623726
vn -0.336631 0.473423 0.813972
vn -0.813479 -0.472629 -0.338929
vn -0.813824 -0.472629 -0.338102
vn 0.624143 0.471915 -0.622689
vn 0.624519 0.471915 -0.622312
vn 0.338110 0.471841 -0.814277
vn 0.337885 0.471842 -0.814371
vn 0.815209 -0.472164 0.335404
vn 0.624668 -0.471941 0.622143
vn 0.624209 -0.471940 0.622604
vn 0.814885 -0.472163 0.336192
vn 0.000135 -0.473409 -0.880842
vn 0.000049 -0.473409 -0.880843
vn 0.813451 -0.472815 -0.338739
vn 0.881347 -0.472466 -0.002031
vn 0.881349 -0.472465 -0.001098
vn 0.813786 -0.472814 -0.337935
vn -0.000047 0.473334 0.880883
vn -0.000132 0.473334 0.880883
vn 0.624646 -0.472012 0.622111
vn 0.338416 -0.471921 0.814104
vn 0.338083 -0.471920 0.814243
vn 0.624203 -0.472012 0.622556
vn 0.813466 -0.472794 -0.338731
vn 0.813799 -0.472793 -0.337932
vn -0.815237 -0.472050 0.335494
vn -0.881428 -0.472314 -0.002104
vn -0.881430 -0.472313 -0.001187
vn -0.814941 -0.472050 0.336215
vn -0.338084 -0.471865 0.814274
vn -0.624503 -0.471937 0.622311
vn -0.624130 -0.471936 0.622686
vn -0.337863 -0.471865 0.814366
vn -0.813461 -0.472651 -0.338942
vn -0.622040 -0.472992 -0.623975
vn -0.622577 -0.472991 -0.623439
vn -0.813810 -0.472650 -0.338106
vn 0.338116 0.471787 -0.814306
vn 0.337886 0.471787 -0.814402
vn 0.813817 0.472636 0.338109
vn 0.813472 0.472636 0.338937
vn 0.000136 -0.473382 -0.880857
vn 0.000050 -0.473382 -0.880857
vn 0.814928 0.472082 -0.336202
vn 0.881429 0.472315 0.001198
vn 0.881427 0.472315 0.002095
vn 0.815216 0.472082 -0.335501
vn -0.000044 0.473359 0.880870
vn -0.000130 0.473359 0.880870
vn 0.336830 0.473345 0.813935
vn -0.000048 0.473482 0.880804
vn -0.000136 0.473482 0.880804
vn 0.336388 0.473345 0.814118
vn -0.813785 0.472797 0.337960
vn -0.881355 0.472453 0.001105
vn -0.881353 0.472454 0.002022
vn -0.813455 0.472797 0.338752
vn 0.624707 -0.471894 0.622139
vn 0.338464 -0.471765 0.814174
vn 0.338111 -0.471765 0.814321
vn 0.624239 -0.471894 0.622609
vn -0.336926 0.473391 0.813868
vn -0.622621 0.473162 0.623266
vn -0.622153 0.473163 0.623733
vn -0.336634 0.473391 0.813989
vn -0.814894 0.472156 -0.336178
vn -0.624220 0.471953 -0.622583
vn -0.624675 0.471953 -0.622126
vn -0.815214 0.472157 -0.335401
vn 0.622158 -0.473157 -0.623733
vn 0.622626 -0.473156 -0.623266
vn 0.336919 -0.473390 -0.813872
vn 0.336624 -0.473390 -0.813994
vn 0.815217 -0.472155 0.335396
vn 0.624682 -0.471943 0.622127
vn 0.624225 -0.471943 0.622586
vn 0.814894 -0.472155 0.336180
vn -0.000146 0.471806 -0.881702
vn -0.000212 0.471806 -0.881702
vn 0.814936 0.472067 -0.336201
vn 0.881427 0.472318 0.001193
vn 0.881425 0.472319 0.002095
vn 0.815227 0.472068 -0.335495
vn 0.000213 -0.471713 0.881752
vn 0.000144 -0.471713 0.881752
vn -0.298304 0.946041 0.126576
vn -0.298248 0.946040 0.126712
vn -0.624516 -0.471918 0.622313
vn -0.624141 -0.471918 0.622689
vn -0.338098 -0.471842 0.814282
vn -0.337875 -0.471842 0.814374
vn 0.622568 0.473051 0.623404
vn 0.622017 0.473051 0.623953
vn -0.813461 -0.472656 -0.338935
vn -0.622037 -0.473007 -0.623966
vn -0.622581 -0.473007 -0.623424
vn -0.813814 -0.472655 -0.338090
vn 0.622137 -0.473175 -0.623740
vn 0.622607 -0.473174 -0.623271
vn 0.336910 -0.473408 -0.813865
vn 0.336614 -0.473408 -0.813988
vn 0.815224 -0.472142 0.335398
vn 0.814896 -0.472141 0.336196
vn -0.000141 0.471758 -0.881728
vn 0.337877 0.471777 -0.814411
vn 0.338108 0.471777 -0.814315
vn -0.000209 0.471758 -0.881728
vn 0.813434 -0.472840 -0.338745
vn 0.881344 -0.472470 -0.002036
vn 0.881347 -0.472469 -0.001093
vn 0.813772 -0.472839 -0.337933
vn 0.336839 0.473240 0.813992
vn -0.000052 0.473368 0.880865
vn -0.000138 0.473368 0.880865
vn 0.336411 0.473240 0.814169
vn 0.338423 -0.471901 0.814113
vn 0.000210 -0.471862 0.881672
vn 0.000145 -0.471862 0.881672
vn 0.338088 -0.471901 0.814252
vn -0.815225 -0.472078 0.335485
vn -0.814936 -0.472078 0.336188
vn -0.624199 0.471978 -0.622585
vn -0.338094 0.471862 -0.814272
vn -0.338436 0.471862 -0.814130
vn -0.624651 0.471979 -0.622131
vn -0.814885 0.472170 -0.336183
vn -0.815203 0.472170 -0.335410
vn -0.881426 -0.472318 -0.002103
vn -0.881428 -0.472317 -0.001180
vn 0.624136 0.471943 -0.622675
vn 0.624507 0.471943 -0.622303
vn 0.338101 0.471879 -0.814259
vn 0.337879 0.471879 -0.814351
vn 0.815235 -0.472131 0.335388
vn 0.814905 -0.472130 0.336190
vn 0.000136 -0.473431 -0.880831
vn 0.000049 -0.473431 -0.880831
vn 0.814933 0.472067 -0.336210
vn 0.881431 0.472311 0.001192
vn 0.881429 0.472312 0.002100
vn 0.815225 0.472067 -0.335500
vn 0.123078 0.945730 0.300742
vn -0.000254 0.945658 0.325164
vn -0.000272 0.945658 0.325164
vn 0.122991 0.945730 0.300778
vn 0.000203 -0.471885 0.881660
vn 0.000139 -0.471885 0.881660
vn -0.622626 0.473146 0.623274
vn -0.813789 0.472808 0.337936
vn -0.813453 0.472808 0.338742
vn -0.622160 0.473146 0.623738
vn -0.338107 0.471841 -0.814279
vn -0.338451 0.471841 -0.814135
vn 0.622140 -0.473188 -0.623727
vn 0.813449 -0.472822 -0.338734
vn 0.813789 -0.472821 -0.337917
vn 0.622613 -0.473187 -0.623255
vn 0.336909 -0.473427 -0.813854
vn 0.336611 -0.473427 -0.813978
vn -0.336926 0.473375 0.813878
vn -0.336636 0.473375 0.813998
vn 0.297897 0.946158 0.126662
vn 0.227743 0.945904 0.231081
vn 0.227644 0.945904 0.231179
vn 0.297841 0.946157 0.126795
vn -0.000141 0.471821 -0.881694
vn -0.000207 0.471821 -0.881694
vn 0.814930 0.472085 -0.336192
vn 0.881422 0.472328 0.001201
vn 0.881420 0.472329 0.002093
vn 0.815217 0.472085 -0.335494
vn 0.000205 -0.471737 0.881739
vn 0.000137 -0.471737 0.881739
vn 0.336835 0.473328 0.813942
vn -0.000052 0.473472 0.880809
vn -0.000140 0.473472 0.880809
vn 0.336396 0.473329 0.814124
vn -0.622025 -0.473027 -0.623964
vn -0.336393 -0.473312 -0.814135
vn -0.336832 -0.473312 -0.813953
vn -0.622571 -0.473026 -0.623419
vn 0.622185 -0.473080 -0.623764
vn 0.813482 -0.472764 -0.338734
vn 0.813808 -0.472764 -0.337951
vn 0.622639 -0.473079 -0.623311
vn 0.624167 0.471833 -0.622727
vn 0.624557 0.471833 -0.622336
vn 0.338146 0.471734 -0.814324
vn 0.337912 0.471734 -0.814422
vn -0.813453 -0.472664 -0.338944
vn -0.813807 -0.472663 -0.338094
vn 0.000133 -0.473444 -0.880824
vn 0.000047 -0.473444 -0.880824
vn 0.881357 -0.472447 -0.002035
vn 0.881359 -0.472446 -0.001087
vn 0.814947 0.472031 -0.336227
vn 0.881424 0.472325 0.001179
vn 0.881422 0.472326 0.002112
vn 0.815248 0.472032 -0.335494
vn -0.624546 -0.471829 0.622350
vn -0.815253 -0.472023 0.335495
vn -0.814951 -0.472023 0.336228
vn -0.624156 -0.471829 0.622741
vn -0.624502 -0.471916 0.622328
vn -0.815224 -0.472075 0.335492
vn -0.814931 -0.472074 0.336204
vn -0.624124 -0.471916 0.622707
vn -0.336394 -0.473295 -0.814144
vn -0.336831 -0.473295 -0.813964
vn 0.624125 0.471957 -0.622675
vn 0.814919 0.472104 -0.336191
vn 0.815205 0.472105 -0.335497
vn 0.624494 0.471958 -0.622305
vn -0.323182 0.946332 0.003210
vn -0.323181 0.946331 0.003341
vn 0.338445 -0.471819 0.814151
vn 0.338099 -0.471819 0.814295
vn -0.000145 0.471848 -0.881680
vn -0.000211 0.471848 -0.881680
vn 0.338088 0.471897 -0.814254
vn 0.337867 0.471897 -0.814346
vn 0.881414 0.472343 0.001203
vn 0.881412 0.472344 0.002090
vn 0.881357 -0.472446 -0.002015
vn 0.881360 -0.472445 -0.001108
vn 0.338422 -0.471885 0.814122
vn 0.000208 -0.471848 0.881680
vn 0.000143 -0.471848 0.881680
vn 0.338085 -0.471885 0.814262
vn -0.622615 0.473176 0.623262
vn -0.622145 0.473176 0.623731
vn -0.624216 0.471980 -0.622567
vn -0.338104 0.471882 -0.814256
vn -0.338443 0.471882 -0.814115
vn -0.624665 0.471981 -0.622116
vn 0.624158 0.471849 -0.622725
vn 0.814948 0.472032 -0.336222
vn 0.815248 0.472033 -0.335494
vn 0.624545 0.471849 -0.622336
vn 0.624656 -0.471966 0.622136
vn 0.338433 -0.471853 0.814136
vn 0.338091 -0.471853 0.814278
vn 0.624202 -0.471966 0.622591
vn -0.338121 -0.471755 0.814323
vn -0.624545 -0.471848 0.622336
vn -0.624158 -0.471848 0.622725
vn -0.337891 -0.471755 0.814418
vn 0.813437 -0.472838 -0.338740
vn 0.881352 -0.472457 -0.002031
vn 0.881354 -0.472456 -0.001078
vn 0.813779 -0.472836 -0.337919
vn 0.336924 -0.473289 -0.813928
vn 0.336638 -0.473289 -0.814047
vn 0.881433 0.472307 0.001180
vn 0.881431 0.472308 0.002108
vn 0.336833 0.473303 0.813958
vn -0.000049 0.473440 0.880826
vn -0.000136 0.473440 0.880826
vn 0.336396 0.473303 0.814139
vn -0.622625 0.473130 0.623287
vn -0.813790 0.472799 0.337945
vn -0.813456 0.472800 0.338746
vn -0.622162 0.473130 0.623748
vn -0.622045 -0.473001 -0.623964
vn -0.336408 -0.473278 -0.814148
vn -0.336843 -0.473277 -0.813969
vn -0.622585 -0.473000 -0.623425
vn 0.622132 -0.473199 -0.623726
vn 0.622607 -0.473198 -0.623252
vn 0.624141 0.471869 -0.622725
vn 0.814945 0.472041 -0.336217
vn 0.815243 0.472042 -0.335494
vn 0.624526 0.471870 -0.622339
vn 0.622583 0.472975 0.623447
vn 0.622049 0.472975 0.623979
vn -0.336933 0.473314 0.813910
vn -0.622622 0.473106 0.623308
vn -0.622164 0.473106 0.623765
vn -0.336646 0.473314 0.814029
vn -0.881350 0.472463 0.001090
vn -0.881348 0.472463 0.002022
vn 0.813464 -0.472788 -0.338743
vn 0.881353 -0.472454 -0.002026
vn 0.881355 -0.472453 -0.001114
vn 0.813792 -0.472788 -0.337956
vn 0.000137 -0.473469 -0.880811
vn 0.000049 -0.473469 -0.880811
vn 0.338441 -0.471854 0.814132
vn 0.000210 -0.471818 0.881696
vn 0.000144 -0.471818 0.881696
vn 0.338101 -0.471854 0.814274
vn -0.624515 -0.471888 0.622337
vn -0.815233 -0.472058 0.335494
vn -0.814938 -0.472058 0.336210
vn -0.624134 -0.471888 0.622718
vn -0.622004 -0.473042 -0.623973
vn -0.336378 -0.473329 -0.814131
vn -0.336820 -0.473328 -0.813949
vn -0.622553 -0.473041 -0.623426
vn 0.622188 -0.473085 -0.623756
vn 0.622645 -0.473085 -0.623301
vn 0.338452 -0.471827 0.814143
vn 0.338107 -0.471827 0.814287
vn -0.336937 0.473279 0.813929
vn -0.622639 0.473072 0.623316
vn -0.622186 0.473072 0.623769
vn -0.336653 0.473279 0.814047
vn -0.813772 0.472840 0.337930
vn -0.881355 0.472453 0.001086
vn -0.881353 0.472454 0.002034
vn -0.813432 0.472841 0.338748
vn -0.338074 -0.471883 0.814268
vn -0.624492 -0.471952 0.622311
vn -0.624122 -0.471952 0.622683
vn -0.337854 -0.471883 0.814360
vn -0.000048 0.473435 0.880829
vn -0.000135 0.473435 0.880829
vn 0.298499 0.946782 -0.120423
vn 0.322792 0.946464 0.003250
vn 0.322791 0.946464 0.003364
vn 0.298526 0.946782 -0.120358
vn -0.622637 0.473115 0.623286
vn -0.622177 0.473115 0.623745
vn -0.624196 0.472002 -0.622570
vn -0.338094 0.471899 -0.814251
vn -0.338431 0.471899 -0.814110
vn -0.624642 0.472003 -0.622122
vn 0.228595 0.947052 -0.225470
vn 0.228619 0.947052 -0.225446
vn -0.881428 -0.472313 -0.002112
vn -0.881431 -0.472312 -0.001179
vn 0.338455 -0.471797 0.814160
vn 0.338107 -0.471797 0.814305
vn -0.338120 -0.471768 0.814316
vn -0.337890 -0.471768 0.814411
vn -0.881425 -0.472319 -0.002102
vn -0.881427 -0.472318 -0.001190
vn -0.298933 0.946648 -0.120405
vn -0.298967 0.946647 -0.120321
vn -0.813460 -0.472657 -0.338937
vn -0.813810 -0.472656 -0.338097
vn -0.624524 -0.471880 0.622333
vn -0.624142 -0.471880 0.622717
vn 0.881426 0.472320 0.001186
vn 0.881424 0.472321 0.002109
vn -0.336382 -0.473343 -0.814121
vn -0.336826 -0.473343 -0.813938
vn -0.624230 0.471905 -0.622610
vn -0.338108 0.471774 -0.814317
vn -0.338463 0.471774 -0.814170
vn -0.624698 0.471905 -0.622140
vn 0.622183 -0.473104 -0.623747
vn 0.813460 -0.472797 -0.338741
vn 0.813790 -0.472796 -0.337950
vn 0.622641 -0.473104 -0.623290
vn 0.624659 -0.471971 0.622129
vn 0.624208 -0.471970 0.622582
vn -0.338125 -0.471730 0.814336
vn -0.337892 -0.471730 0.814432
vn -0.881425 -0.472320 -0.002094
vn -0.881427 -0.472319 -0.001198
vn -0.336932 0.473409 0.813856
vn -0.336638 0.473409 0.813977
vn -0.814887 0.472158 -0.336193
vn -0.815213 0.472159 -0.335402
vn 0.813812 0.472636 0.338120
vn 0.813469 0.472636 0.338944
vn -0.624207 0.472004 -0.622557
vn -0.338088 0.471916 -0.814243
vn -0.338423 0.471916 -0.814104
vn -0.624650 0.472004 -0.622112
vn 0.000205 -0.471810 0.881700
vn 0.000138 -0.471810 0.881700
vn -0.336420 -0.473218 -0.814178
vn -0.336846 -0.473217 -0.814002
vn -0.338108 -0.471792 0.814306
vn -0.337881 -0.471792 0.814401
vn -0.336931 0.473341 0.813895
vn -0.336643 0.473341 0.814014
vn -0.815220 -0.472086 0.335487
vn -0.881424 -0.472321 -0.002091
vn -0.881426 -0.472321 -0.001200
vn -0.814932 -0.472086 0.336186
vn -0.336907 0.473447 0.813844
vn -0.622595 0.473210 0.623256
vn -0.622120 0.473210 0.623729
vn -0.336610 0.473448 0.813966
vn -0.814896 0.472142 -0.336195
vn -0.815224 0.472142 -0.335398
vn 0.813816 0.472635 0.338112
vn 0.813469 0.472636 0.338945
vn 0.881351 -0.472459 -0.002026
vn 0.881353 -0.472458 -0.001109
vn -0.000137 0.471719 -0.881749
vn -0.000206 0.471719 -0.881749
vn -0.000146 0.471864 -0.881671
vn -0.000211 0.471864 -0.881671
vn 0.336914 -0.473440 -0.813845
vn 0.336615 -0.473440 -0.813968
vn 0.338130 0.471751 -0.814321
vn 0.337897 0.471751 -0.814418
vn -0.814889 0.472171 -0.336170
vn -0.815205 0.472171 -0.335402
vn -0.338091 -0.471830 0.814292
vn -0.337867 -0.471830 0.814385
vn -0.813806 0.472767 0.337950
vn -0.881357 0.472449 0.001105
vn -0.881355 0.472450 0.002016
vn -0.813478 0.472768 0.338739
vn 0.624647 -0.472002 0.622117
vn 0.624202 -0.472002 0.622564
vn -0.336407 -0.473246 -0.814167
vn -0.336837 -0.473246 -0.813990
vn -0.813774 0.472843 0.337922
vn -0.813431 0.472844 0.338745
vn 0.000210 -0.471787 0.881712
vn 0.000142 -0.471787 0.881712
vn 0.881426 0.472321 0.001190
vn 0.881424 0.472321 0.002107
vn 0.000138 -0.473340 -0.880880
vn 0.000053 -0.473340 -0.880880
vn 0.000139 -0.473480 -0.880805
vn 0.000051 -0.473480 -0.880805
vn 0.336942 -0.473297 -0.813917
vn 0.336655 -0.473297 -0.814035
vn -0.813444 -0.472675 -0.338949
vn -0.813801 -0.472674 -0.338095
vn -0.336929 0.473351 0.813890
vn -0.336640 0.473351 0.814010
vn -0.815248 -0.472034 0.335491
vn -0.881426 -0.472318 -0.002107
vn -0.881428 -0.472317 -0.001179
vn -0.814948 -0.472033 0.336220
vn -0.881354 0.472455 0.001080
vn -0.881352 0.472456 0.002032
vn 0.622572 0.473033 0.623413
vn 0.622024 0.473034 0.623959
vn -0.338108 0.471812 -0.814295
vn -0.338457 0.471812 -0.814150
vn -0.815207 -0.472108 0.335487
vn -0.814921 -0.472107 0.336181
vn -0.000057 0.473398 0.880849
vn -0.000144 0.473398 0.880849
vn 0.881361 -0.472440 -0.002026
vn 0.881363 -0.472439 -0.001104
vn -0.000145 0.471729 -0.881744
vn -0.000214 0.471729 -0.881744
vn -0.000145 0.471884 -0.881661
vn -0.000210 0.471884 -0.881661
vn -0.814901 0.472135 -0.336192
vn -0.815230 0.472136 -0.335391
vn -0.814878 0.472187 -0.336175
vn -0.815192 0.472187 -0.335411
vn -0.338102 -0.471803 0.814303
vn -0.337876 -0.471803 0.814397
vn -0.813798 0.472774 0.337961
vn -0.881353 0.472457 0.001109
vn -0.881351 0.472458 0.002015
vn -0.813472 0.472775 0.338745
vn -0.881412 -0.472344 -0.002082
vn -0.881414 -0.472343 -0.001196
vn 0.624653 -0.471985 0.622124
vn 0.624205 -0.471985 0.622574
vn -0.336410 -0.473253 -0.814162
vn -0.336843 -0.473253 -0.813983
vn 0.000216 -0.471774 0.881719
vn 0.000148 -0.471774 0.881719
vn 0.881416 0.472338 0.001188
vn 0.881414 0.472339 0.002100
vn 0.000134 -0.473352 -0.880873
vn 0.000049 -0.473352 -0.880873
vn 0.000137 -0.473506 -0.880791
vn 0.000049 -0.473506 -0.880791
vn -0.814888 0.472165 -0.336181
vn -0.624218 0.471952 -0.622586
vn -0.624675 0.471953 -0.622126
vn -0.815210 0.472166 -0.335399
vn -0.814888 0.472182 -0.336158
vn -0.815200 0.472182 -0.335399
vn -0.881359 0.472446 0.001098
vn -0.881357 0.472447 0.002025
vn 0.622571 0.473002 0.623438
vn 0.622031 0.473003 0.623976
vn -0.881421 -0.472327 -0.002097
vn -0.881423 -0.472326 -0.001190
vn 0.622572 0.473025 0.623419
vn 0.622026 0.473026 0.623963
vn -0.338096 0.471840 -0.814284
vn -0.338442 0.471840 -0.814140
vn -0.000045 0.473508 0.880790
vn -0.000133 0.473508 0.880790
vn 0.000208 -0.471748 0.881733
vn 0.000140 -0.471748 0.881733
vn 0.881352 -0.472455 -0.002030
vn 0.881355 -0.472454 -0.001103
vn -0.000140 0.471765 -0.881724
vn -0.000207 0.471765 -0.881724
vn 0.813813 0.472646 0.338104
vn 0.813462 0.472647 0.338946
vn 0.815209 -0.472165 0.335402
vn 0.814889 -0.472164 0.336181
vn 0.813809 0.472661 0.338092
vn 0.813457 0.472662 0.338938
vn 0.815209 -0.472165 0.335402
vn 0.814891 -0.472164 0.336176
vn 0.813802 0.472671 0.338096
vn 0.813447 0.472672 0.338947
vn 0.815208 -0.472170 0.335398
vn 0.814891 -0.472169 0.336167
vn 0.813799 0.472676 0.338094
vn 0.813443 0.472677 0.338950
vn 0.815205 -0.472175 0.335397
vn 0.814890 -0.472175 0.336163
vn 0.813806 0.472672 0.338085
vn 0.813448 0.472673 0.338945
vn 0.815199 -0.472185 0.335398
vn 0.814887 -0.472184 0.336158
vn 0.813797 0.472689 0.338083
vn 0.813437 0.472690 0.338948
vn 0.000291 -0.999994 -0.003528
vn 0.000295 -0.999994 -0.003530
vn 0.000295 -0.999994 -0.003530
vn 0.000291 -0.999994 -0.003528
vn 0.000285 -0.999994 -0.003525
vn 0.000294 -0.999994 -0.003522
vn 0.000294 -0.999994 -0.003522
vn 0.000285 -0.999994 -0.003525
vn 0.000302 -0.999994 -0.003529
vn 0.000305 -0.999994 -0.003531
vn 0.000305 -0.999994 -0.003531
vn 0.000302 -0.999994 -0.003529
vn 0.000293 -0.999994 -0.003525
vn 0.000291 -0.999994 -0.003526
vn 0.000291 -0.999994 -0.003526
vn 0.000293 -0.999994 -0.003525
vn 0.000291 -0.999994 -0.003530
vn 0.000291 -0.999994 -0.003530
vn 0.000291 -0.999994 -0.003531
vn 0.000291 -0.999994 -0.003531
vn 0.000302 -0.999994 -0.003533
vn 0.000302 -0.999994 -0.003533
vn 0.000297 -0.999994 -0.003523
vn 0.000297 -0.999994 -0.003523
vn 0.000295 -0.999994 -0.003531
vn 0.000295 -0.999994 -0.003531
vn 0.000291 -0.999994 -0.003527
vn 0.000291 -0.999994 -0.003527
vn -0.707067 -0.000000 -0.707146
vn -0.382712 -0.000000 -0.923868
vn -0.383082 -0.000000 -0.923714
vn -0.707542 -0.000000 -0.706671
vn -0.707505 0.000000 0.706708
vn -0.924117 0.000000 0.382109
vn -0.923818 0.000000 0.382831
vn -0.707103 0.000000 0.707110
vn 0.707542 0.000000 0.706671
vn 0.383083 0.000000 0.923714
vn 0.382711 0.000000 0.923868
vn 0.707067 0.000000 0.707147
vn 0.707103 -0.000000 -0.707110
vn 0.923818 -0.000000 -0.382832
vn 0.924117 -0.000000 -0.382109
vn 0.707505 -0.000000 -0.706708
vn -0.000011 -0.000000 -1.000000
vn -0.000083 -0.000000 -1.000000
vn -1.000000 -0.000000 -0.000485
vn -1.000000 0.000000 0.000391
vn 0.000084 0.000000 1.000000
vn -0.382959 0.000000 0.923765
vn -0.382711 0.000000 0.923868
vn 0.000011 0.000000 1.000000
vn 1.000000 -0.000000 -0.000391
vn 1.000000 0.000000 0.000485
vn 0.924103 0.000000 0.382144
vn 0.923782 0.000000 0.382918
vn -0.923782 -0.000000 -0.382919
vn -0.924103 -0.000000 -0.382144
vn 0.382712 -0.000000 -0.923868
vn 0.382958 -0.000000 -0.923766
vn 0.707107 -0.000000 -0.707107
vn 0.923880 -0.000000 -0.382683
vn -0.980785 0.000000 0.195092
vn -1.000000 0.000000 0.000001
vn 1.000000 0.000000 0.000000
vn 0.980785 0.000000 0.195090
vn -0.382686 -0.000000 -0.923879
vn -0.000000 -0.000000 -1.000000
vn -0.000000 -0.000000 -1.000000
vn -0.382684 -0.000000 -0.923880
vn -0.707108 -0.000000 -0.707106
vn -0.923880 -0.000000 -0.382683
vn 0.382684 -0.000000 -0.923879
vn 0.382682 -0.000000 -0.923880
vn -0.707106 0.000000 0.707108
vn -0.923879 0.000000 0.382684
vn 0.980281 -0.000000 -0.197608
vn 0.999997 -0.000000 -0.002330
vn -1.000000 -0.000000 -0.000000
vn -0.980785 -0.000000 -0.195091
vn 0.381723 0.000000 0.924277
vn 0.381721 0.000000 0.924278
vn 0.000000 0.000000 1.000000
vn 0.000000 0.000000 1.000000
vn 0.704281 0.000000 0.709922
vn 0.923150 0.000000 0.384440
vn -0.382681 0.000000 0.923880
vn -0.382683 0.000000 0.923880
vn -0.000004 1.000000 -0.000000
vn -0.000008 1.000000 -0.000000
vn 0.000003 1.000000 -0.000000
vn 0.000003 1.000000 -0.000000
vn -0.000004 -1.000000 0.000000
vn -0.000008 -1.000000 0.000000
vn 0.000003 -1.000000 0.000000
vn 0.000002 -1.000000 0.000000
vn -0.000018 -1.000000 0.000000
vn 0.640304 -0.000000 -0.768122
vn -0.000014 1.000000 -0.000000
vn -0.000024 -1.000000 0.000000
vn -0.000012 -1.000000 0.000000
vn 0.000007 -1.000000 0.000000
vn -0.640304 -0.000000 -0.768122
vn -0.000010 -1.000000 0.000003
vn -0.000005 -1.000000 0.000002
vn -0.000001 -1.000000 0.000006
vn -0.000001 -1.000000 0.000006
vn -0.000004 1.000000 -0.000006
vn -0.000004 1.000000 -0.000006
vn 0.000021 1.000000 -0.000002
vn 0.000018 1.000000 -0.000003
vn -0.000004 -1.000000 0.000000
vn -0.000001 -1.000000 0.000000
vn -0.000027 -1.000000 0.000000
vn -0.000014 -1.000000 0.000000
vn 0.000024 1.000000 -0.000000
vn 0.000021 1.000000 -0.000000
vn 0.000027 1.000000 -0.000000
vn 0.000025 1.000000 -0.000000
vn -0.000002 1.000000 -0.000000
vn -0.000015 1.000000 -0.000000
vn -0.000050 1.000000 -0.000000
vn 0.000003 -1.000000 0.000000
vn 0.000002 -1.000000 0.000000
vn 0.000006 -1.000000 0.000003
vn 0.000002 -1.000000 0.000002
vn 0.000000 1.000000 -0.000000
vn 0.000001 1.000000 -0.000000
vn -0.000009 1.000000 -0.000002
vn -0.000011 1.000000 -0.000003
vn 0.940504 0.128698 -0.314468
vn 0.965194 0.182229 -0.187600
vn 0.989821 0.128698 -0.060763
vn 0.999966 -0.000488 -0.008210
vn 0.989691 -0.129705 -0.060732
vn 0.965009 -0.183236 -0.187569
vn 0.940372 -0.129735 -0.314434
vn 0.930224 -0.000488 -0.366993
vn -0.723179 0.549282 -0.418691
vn -0.766829 0.000275 -0.641852
vn -0.723715 -0.548684 -0.418548
vn -0.619051 -0.776072 0.120368
vn -0.514187 -0.548643 0.659244
vn -0.470547 0.000336 0.882375
vn -0.513645 0.549322 0.659101
vn -0.618288 0.776713 0.120154
vn 0.410149 -0.597995 -0.688607
vn 0.363205 -0.000305 -0.931709
vn 0.638255 -0.597969 0.484833
vn 0.524096 -0.845548 -0.101840
vn 0.638862 0.597447 0.484678
vn 0.685798 -0.000214 0.727792
vn 0.410730 0.597417 -0.688762
vn 0.524925 0.845008 -0.102055
vn 0.578248 0.128700 0.805646
vn 0.464344 0.182228 0.866705
vn 0.350426 0.128701 0.927705
vn 0.303206 -0.000488 0.952925
vn 0.350357 -0.129705 0.927592
vn 0.464261 -0.183238 0.866537
vn 0.578186 -0.129737 0.805524
vn 0.625394 -0.000488 0.780309
vn 0.186380 0.549283 -0.814586
vn 0.386710 0.000275 -0.922201
vn 0.186108 -0.548680 -0.815054
vn -0.297840 -0.776050 -0.555912
vn -0.781699 -0.548651 -0.296528
vn -0.982000 0.000336 -0.188880
vn -0.781417 0.549317 -0.296038
vn -0.297439 0.776711 -0.555203
vn 0.779036 -0.597995 0.188426
vn 0.997420 -0.000305 0.071781
vn -0.274671 -0.597958 0.752995
vn 0.252089 -0.845565 0.470607
vn -0.274338 0.597447 0.753522
vn -0.492727 -0.000213 0.870184
vn 0.779345 0.597419 0.188976
vn 0.252544 0.845007 0.471364
vn -0.940504 0.128698 -0.314468
vn -0.930224 -0.000488 -0.366993
vn -0.940372 -0.129735 -0.314434
vn -0.965009 -0.183236 -0.187569
vn -0.989691 -0.129705 -0.060732
vn -0.999966 -0.000488 -0.008210
vn -0.989821 0.128698 -0.060763
vn -0.965194 0.182229 -0.187600
vn 0.723179 0.549282 -0.418691
vn 0.618288 0.776713 0.120154
vn 0.513645 0.549322 0.659101
vn 0.470547 0.000336 0.882375
vn 0.514187 -0.548643 0.659244
vn 0.619051 -0.776072 0.120368
vn 0.723715 -0.548684 -0.418548
vn 0.766829 0.000275 -0.641852
vn -0.410149 -0.597995 -0.688607
vn -0.363205 -0.000305 -0.931709
vn -0.638255 -0.597969 0.484833
vn -0.524096 -0.845548 -0.101840
vn -0.638862 0.597447 0.484678
vn -0.685798 -0.000214 0.727792
vn -0.410730 0.597417 -0.688762
vn -0.524925 0.845008 -0.102055
vn 0.609516 -0.000003 0.792774
vn 0.608240 0.065099 0.791079
vn 0.608242 0.064953 0.791090
vn 0.609510 -0.000002 0.792778
vn 0.569550 0.356613 0.740568
vn 0.570157 0.354044 0.741333
vn 0.570757 0.351481 0.742090
vn 0.608244 0.064809 0.791100
vn 0.609504 0.000000 0.792783
vn -0.609507 0.000002 -0.792781
vn -0.609507 0.000001 -0.792781
vn -0.608239 0.064949 -0.791092
vn -0.608245 0.064805 -0.791100
vn -0.609507 0.000000 -0.792781
vn -0.608233 0.065097 -0.791085
vn -0.569550 0.356602 -0.740573
vn -0.570135 0.354045 -0.741349
vn -0.570718 0.351479 -0.742121
vn -0.003804 -0.999980 -0.004972
vn -0.000001 -1.000000 -0.000001
vn -0.121433 -0.979897 -0.158292
vn -0.122311 -0.979600 -0.159451
vn 0.003803 -0.999980 0.004971
vn -0.120511 -0.980206 -0.157076
vn -0.501211 -0.569425 -0.651570
vn -0.500871 -0.570328 -0.651040
vn -0.569567 -0.356603 -0.740559
vn -0.570138 -0.354037 -0.741350
vn -0.501560 -0.568494 -0.652114
vn -0.570706 -0.351472 -0.742134
vn 0.569542 -0.356610 0.740575
vn 0.608229 -0.065096 0.791088
vn 0.608240 -0.064951 0.791092
vn 0.570139 -0.354033 0.741351
vn 0.608251 -0.064802 0.791095
vn 0.570732 -0.351455 0.742121
vn -0.608241 -0.064949 -0.791091
vn -0.608246 -0.064800 -0.791099
vn -0.608237 -0.065093 -0.791082
vn 0.003840 0.999980 0.005006
vn -0.000001 1.000000 0.000036
vn -0.121522 0.979883 -0.158309
vn -0.120570 0.980196 -0.157096
vn -0.003838 0.999981 -0.004930
vn -0.122430 0.979582 -0.159465
vn -0.501207 0.569433 -0.651565
vn -0.501588 0.568508 -0.652080
vn -0.500837 0.570332 -0.651064
vn 0.501252 0.569427 0.651536
vn 0.501669 0.568493 0.652030
vn 0.500845 0.570335 0.651054
vn 0.121521 0.979872 0.158379
vn 0.120568 0.980183 0.157178
vn 0.122430 0.979573 0.159525
vn 0.501215 -0.569415 0.651575
vn 0.500837 -0.570337 0.651059
vn 0.501604 -0.568466 0.652104
vn 0.121432 -0.979897 0.158291
vn 0.122311 -0.979600 0.159448
vn 0.120511 -0.980206 0.157077
vn -0.609518 -0.000001 0.792772
vn -0.609511 -0.000001 0.792778
vn -0.608241 0.064954 0.791090
vn -0.608242 0.065098 0.791077
vn -0.570151 0.354046 0.741336
vn -0.569543 0.356616 0.740572
vn -0.608240 0.064810 0.791103
vn -0.570753 0.351482 0.742093
vn -0.609503 0.000000 0.792784
vn 0.609510 0.000001 -0.792778
vn 0.608246 0.064805 -0.791099
vn 0.608241 0.064948 -0.791090
vn 0.609509 0.000000 -0.792779
vn 0.608237 0.065096 -0.791082
vn 0.609508 -0.000000 -0.792780
vn 0.570140 0.354044 -0.741346
vn 0.569553 0.356603 -0.740570
vn 0.570723 0.351477 -0.742118
vn 0.003780 -0.999981 -0.004971
vn 0.122296 -0.979602 -0.159449
vn 0.121410 -0.979900 -0.158291
vn -0.000015 -1.000000 -0.000000
vn 0.120480 -0.980210 -0.157075
vn -0.003810 -0.999980 0.004971
vn 0.501215 -0.569418 -0.651572
vn 0.570140 -0.354034 -0.741350
vn 0.569564 -0.356602 -0.740562
vn 0.500864 -0.570325 -0.651049
vn 0.501576 -0.568485 -0.652110
vn 0.570713 -0.351466 -0.742131
vn -0.569544 -0.356609 0.740574
vn -0.570140 -0.354034 0.741351
vn -0.608241 -0.064952 0.791091
vn -0.608227 -0.065096 0.791089
vn -0.608255 -0.064804 0.791092
vn -0.570731 -0.351459 0.742120
vn 0.608247 -0.064802 -0.791098
vn 0.608243 -0.064949 -0.791089
vn 0.608239 -0.065093 -0.791080
vn -0.003831 0.999980 0.005004
vn 0.120570 0.980196 -0.157098
vn 0.121522 0.979883 -0.158310
vn 0.000013 1.000000 0.000035
vn 0.122430 0.979582 -0.159465
vn 0.003853 0.999981 -0.004930
vn 0.501211 0.569432 -0.651563
vn 0.501597 0.568504 -0.652076
vn 0.500836 0.570332 -0.651064
vn -0.501666 0.568493 0.652033
vn -0.501241 0.569431 0.651541
vn -0.500828 0.570342 0.651062
vn -0.121498 0.979875 0.158379
vn -0.120538 0.980186 0.157178
vn -0.122414 0.979575 0.159524
vn -0.500849 -0.570329 0.651057
vn -0.501217 -0.569413 0.651576
vn -0.501595 -0.568470 0.652108
vn -0.121439 -0.979896 0.158290
vn -0.122294 -0.979602 0.159447
vn -0.120541 -0.980202 0.157076
vn -0.609506 0.000001 -0.792781
vn -0.609507 0.000001 -0.792781
vn -0.608370 -0.061137 -0.791296
vn -0.608366 -0.061242 -0.791290
vn -0.573539 -0.338468 -0.745984
vn -0.572977 -0.340964 -0.745279
vn -0.608373 -0.061034 -0.791301
vn -0.574102 -0.335947 -0.746690
vn -0.609508 -0.000000 -0.792780
vn 0.609500 -0.000001 0.792786
vn 0.608379 -0.061030 0.791296
vn 0.608372 -0.061130 0.791294
vn 0.609503 0.000001 0.792784
vn 0.608365 -0.061235 0.791292
vn 0.609505 0.000002 0.792782
vn 0.573529 -0.338475 0.745989
vn 0.572972 -0.340967 0.745282
vn 0.574090 -0.335946 0.746700
vn 0.003261 0.999986 0.004304
vn 0.096938 0.987264 0.126145
vn 0.096981 0.987262 0.126133
vn -0.000007 1.000000 0.000001
vn 0.097026 0.987259 0.126120
vn -0.003279 0.999985 -0.004304
vn 0.509861 0.547978 0.663146
vn 0.573545 0.338457 0.745984
vn 0.572994 0.340961 0.745267
vn 0.509871 0.547973 0.663141
vn 0.509849 0.547983 0.663151
vn 0.574099 0.335923 0.746704
vn -0.572983 0.340966 -0.745273
vn -0.573540 0.338455 -0.745989
vn -0.608358 0.061136 -0.791305
vn -0.608355 0.061236 -0.791299
vn -0.608361 0.061032 -0.791310
vn -0.574098 0.335914 -0.746708
vn 0.608372 0.061030 0.791302
vn 0.608366 0.061134 0.791298
vn 0.608360 0.061235 0.791295
vn -0.003288 -0.999985 -0.004336
vn 0.096948 -0.987264 0.126142
vn 0.096971 -0.987259 0.126161
vn 0.000004 -1.000000 -0.000027
vn 0.096992 -0.987255 0.126178
vn 0.003300 -0.999985 0.004282
vn 0.509822 -0.548009 0.663150
vn 0.509824 -0.548031 0.663131
vn 0.509820 -0.547987 0.663169
vn -0.509875 -0.548014 -0.663105
vn -0.509866 -0.547991 -0.663131
vn -0.509857 -0.547968 -0.663157
vn -0.096958 -0.987253 -0.126214
vn -0.096993 -0.987251 -0.126202
vn -0.096926 -0.987255 -0.126225
vn -0.509841 0.547980 -0.663159
vn -0.509862 0.547972 -0.663150
vn -0.509883 0.547963 -0.663141
vn -0.096998 0.987260 -0.126132
vn -0.096982 0.987260 -0.126143
vn -0.097015 0.987260 -0.126120
vn 0.609503 0.000001 -0.792784
vn 0.608365 -0.061243 -0.791291
vn 0.608372 -0.061138 -0.791294
vn 0.609506 0.000001 -0.792781
vn 0.572975 -0.340965 -0.745280
vn 0.573541 -0.338469 -0.745982
vn 0.574107 -0.335947 -0.746686
vn 0.608378 -0.061034 -0.791297
vn 0.609509 -0.000000 -0.792779
vn -0.609496 -0.000002 0.792789
vn -0.609500 0.000000 0.792786
vn -0.608373 -0.061130 0.791293
vn -0.608380 -0.061030 0.791296
vn -0.609503 0.000001 0.792784
vn -0.608367 -0.061235 0.791290
vn -0.572965 -0.340970 0.745286
vn -0.573528 -0.338476 0.745989
vn -0.574093 -0.335947 0.746697
vn -0.003255 0.999986 0.004304
vn 0.000021 1.000000 0.000001
vn -0.096959 0.987264 0.126133
vn -0.096917 0.987266 0.126145
vn 0.003301 0.999985 -0.004304
vn -0.097004 0.987261 0.126120
vn -0.509852 0.547980 0.663151
vn -0.509854 0.547978 0.663151
vn -0.572990 0.340964 0.745269
vn -0.573546 0.338458 0.745984
vn -0.509850 0.547982 0.663151
vn -0.574104 0.335923 0.746700
vn 0.572987 0.340966 -0.745271
vn 0.608351 0.061237 -0.791302
vn 0.608356 0.061136 -0.791306
vn 0.573547 0.338453 -0.745985
vn 0.608361 0.061032 -0.791311
vn 0.574108 0.335912 -0.746702
vn -0.608368 0.061134 0.791297
vn -0.608373 0.061030 0.791301
vn -0.608363 0.061234 0.791293
vn 0.003298 -0.999985 -0.004336
vn 0.000002 -1.000000 -0.000027
vn -0.096960 -0.987260 0.126161
vn -0.096915 -0.987267 0.126142
vn -0.003300 -0.999985 0.004282
vn -0.097003 -0.987254 0.126178
vn -0.509815 -0.548012 0.663153
vn -0.509829 -0.548031 0.663126
vn -0.509802 -0.547994 0.663178
vn 0.509866 -0.547991 -0.663131
vn 0.509880 -0.548014 -0.663101
vn 0.509852 -0.547967 -0.663161
vn 0.096958 -0.987254 -0.126213
vn 0.097004 -0.987250 -0.126202
vn 0.096915 -0.987256 -0.126224
vn 0.509877 0.547967 -0.663142
vn 0.509853 0.547977 -0.663152
vn 0.509901 0.547957 -0.663132
vn 0.097004 0.987259 -0.126132
vn 0.097004 0.987258 -0.126143
vn 0.097004 0.987261 -0.126120
vn 0.793133 -0.003083 -0.609041
vn 0.792797 -0.000002 -0.609486
vn 0.792797 -0.000002 -0.609486
vn 0.793134 -0.003089 -0.609039
vn 0.797684 -0.012229 -0.602952
vn 0.797726 -0.012296 -0.602895
vn -0.792801 0.000000 0.609481
vn -0.793120 0.003093 0.609058
vn -0.793121 0.003100 0.609057
vn -0.792801 0.000000 0.609481
vn -0.797591 0.012360 0.603073
vn -0.797654 0.012465 0.602987
vn 0.792797 -0.000002 -0.609486
vn 0.793126 0.003089 -0.609050
vn 0.793127 0.003096 -0.609049
vn 0.792797 -0.000002 -0.609486
vn 0.797606 0.012363 -0.603053
vn 0.797669 0.012467 -0.602967
vn -0.793138 -0.003086 0.609034
vn -0.792792 0.000001 0.609493
vn -0.792792 0.000001 0.609493
vn -0.793139 -0.003092 0.609033
vn -0.797695 -0.012220 0.602938
vn -0.797737 -0.012287 0.602881
vn 0.817192 0.000363 -0.576366
vn 0.809735 -0.015402 -0.586593
vn 0.809585 -0.015473 -0.586799
vn 0.817192 0.000304 -0.576365
vn -0.817219 0.000347 0.576327
vn -0.809744 -0.015385 0.586581
vn -0.809593 -0.015456 0.586788
vn -0.817219 0.000288 0.576327
vn -0.809754 0.015412 0.586567
vn -0.817197 -0.000363 0.576358
vn -0.817198 -0.000303 0.576358
vn -0.809603 0.015483 0.586774
vn -0.797681 0.012241 0.602955
vn -0.797723 0.012308 0.602898
vn 0.809744 0.015429 -0.586580
vn 0.817190 -0.000317 -0.576368
vn 0.817191 -0.000258 -0.576367
vn 0.809593 0.015500 -0.586787
vn 0.797677 0.012240 -0.602961
vn 0.797719 0.012308 -0.602904
vn 0.793141 0.003089 -0.609031
vn 0.793142 0.003095 -0.609030
vn -0.797560 -0.012376 0.603112
vn -0.793141 -0.003090 0.609030
vn -0.793142 -0.003096 0.609029
vn -0.797623 -0.012481 0.603028
vn 0.797577 -0.012357 -0.603091
vn 0.793126 -0.003089 -0.609050
vn 0.793127 -0.003096 -0.609049
vn 0.797640 -0.012461 -0.603005
vn -0.793143 0.003089 0.609028
vn -0.793144 0.003095 0.609027
vn 0.809496 0.015939 -0.586909
vn 0.809548 0.015916 -0.586838
vn -0.809510 0.015914 0.586890
vn -0.809563 0.015890 0.586819
vn -0.809416 -0.015957 0.587019
vn -0.809468 -0.015934 0.586947
vn 0.809447 -0.015913 -0.586977
vn 0.809500 -0.015890 -0.586906
vn -0.792797 -0.000002 -0.609486
vn -0.793136 -0.003084 -0.609037
vn -0.793137 -0.003090 -0.609036
vn -0.792797 -0.000002 -0.609486
vn -0.797675 -0.012232 -0.602964
vn -0.797716 -0.012299 -0.602907
vn 0.793127 0.003093 0.609048
vn 0.792805 0.000000 0.609475
vn 0.792805 0.000000 0.609475
vn 0.793128 0.003099 0.609047
vn 0.797582 0.012360 0.603084
vn 0.797645 0.012464 0.602999
vn -0.793129 0.003089 -0.609046
vn -0.792797 -0.000002 -0.609486
vn -0.792797 -0.000002 -0.609486
vn -0.793130 0.003096 -0.609045
vn -0.797609 0.012363 -0.603049
vn -0.797672 0.012467 -0.602963
vn 0.792792 0.000001 0.609493
vn 0.793141 -0.003086 0.609030
vn 0.793142 -0.003093 0.609029
vn 0.792792 0.000001 0.609493
vn 0.797684 -0.012225 0.602952
vn 0.797726 -0.012291 0.602895
vn -0.809724 -0.015406 -0.586609
vn -0.817192 0.000358 -0.576365
vn -0.817192 0.000300 -0.576365
vn -0.809573 -0.015477 -0.586815
vn 0.809741 -0.015403 0.586585
vn 0.817239 0.000333 0.576299
vn 0.817239 0.000274 0.576299
vn 0.809590 -0.015473 0.586792
vn 0.817221 -0.000335 0.576324
vn 0.809754 0.015436 0.586567
vn 0.809602 0.015507 0.586775
vn 0.817222 -0.000276 0.576323
vn 0.797669 0.012247 0.602971
vn 0.797711 0.012314 0.602914
vn -0.817212 -0.000317 -0.576337
vn -0.809755 0.015430 -0.586565
vn -0.809604 0.015501 -0.586772
vn -0.817213 -0.000258 -0.576336
vn -0.797676 0.012236 -0.602962
vn -0.797718 0.012304 -0.602905
vn -0.793142 0.003086 -0.609029
vn -0.793142 0.003093 -0.609028
vn 0.793138 -0.003092 0.609034
vn 0.797564 -0.012369 0.603107
vn 0.797627 -0.012474 0.603022
vn 0.793139 -0.003098 0.609033
vn -0.793131 -0.003090 -0.609043
vn -0.797581 -0.012361 -0.603085
vn -0.797644 -0.012466 -0.603000
vn -0.793132 -0.003097 -0.609042
vn 0.793143 0.003089 0.609028
vn 0.793144 0.003095 0.609027
vn -0.809496 0.015936 -0.586909
vn -0.809548 0.015913 -0.586838
vn 0.809509 0.015914 0.586892
vn 0.809561 0.015890 0.586820
vn 0.809436 -0.015940 0.586992
vn 0.809489 -0.015916 0.586920
vn -0.809456 -0.015918 -0.586965
vn -0.809508 -0.015895 -0.586893
vn 0.707870 -0.000000 -0.706343
vn 0.920928 -0.000000 -0.389732
vn 0.920927 -0.000000 -0.389735
vn 0.707868 -0.000000 -0.706345
vn -0.383563 -0.000000 -0.923515
vn -0.000000 -0.000000 -1.000000
vn -0.000000 -0.000000 -1.000000
vn -0.383562 -0.000000 -0.923515
vn -0.535922 -0.000000 -0.844268
vn -0.535923 -0.000000 -0.844267
vn 0.382684 -0.000000 -0.923879
vn 0.382683 -0.000000 -0.923880
vn -0.706345 0.000000 0.707868
vn -0.706342 0.000000 0.707871
vn -0.920485 0.000000 0.390778
vn -0.920486 0.000000 0.390776
vn 0.381807 0.000000 0.924242
vn 0.381808 0.000000 0.924242
vn 0.000000 0.000000 1.000000
vn 0.000000 0.000000 1.000000
vn 0.537515 0.000000 0.843255
vn 0.537515 0.000000 0.843255
vn -0.382681 0.000000 0.923881
vn -0.382684 0.000000 0.923879
vn -0.000003 -1.000000 0.000003
vn 0.000001 -1.000000 0.000002
vn 0.000005 -1.000000 0.000005
vn 0.000005 -1.000000 0.000005
vn 0.000004 1.000000 -0.000005
vn 0.000004 1.000000 -0.000005
vn -0.000000 1.000000 -0.000002
vn 0.000004 1.000000 -0.000003
vn 0.000005 -1.000000 0.000000
vn -0.000003 -1.000000 0.000000
vn -0.000040 -1.000000 0.000000
vn -0.000038 -1.000000 0.000000
vn 0.000017 1.000000 -0.000000
vn 0.000012 1.000000 -0.000000
vn 0.000025 -1.000000 0.000000
vn 0.000028 -1.000000 0.000000
vn 0.000022 -1.000000 0.000003
vn 0.000021 -1.000000 0.000002
vn -0.000006 1.000000 -0.000000
vn -0.000012 1.000000 -0.000000
vn -0.000001 1.000000 -0.000002
vn -0.000003 1.000000 -0.000003
vn -0.000011 1.000000 -0.000000
vn -0.000010 1.000000 -0.000000
vn -0.486791 -0.000000 -0.873519
vn -0.486792 -0.000000 -0.873518
vn -0.535920 -0.000000 -0.844269
vn 0.999982 -0.000000 -0.006005
vn 0.999982 -0.000000 -0.006004
vn 0.000000 1.000000 -0.000000
vn -0.999993 0.000000 0.003807
vn -0.999993 0.000000 0.003808
vn -0.920487 0.000000 0.390773
vn -0.000006 -1.000000 0.000000
vn -0.000017 -1.000000 0.000000
vn 0.979711 0.000000 0.200416
vn 0.979711 0.000000 0.200417
vn 0.000037 -1.000000 0.000000
vn -0.979237 -0.000000 -0.202717
vn -0.979238 -0.000000 -0.202715
vn 0.000023 -1.000000 0.000000
vn 0.000000 -1.000000 0.000000
vn 0.000018 -1.000000 0.000000
vn -0.000004 1.000000 -0.000000
vn 0.000005 1.000000 -0.000000
vn 0.489102 -0.000000 0.872227
vn 0.489100 -0.000001 0.872228
vn 0.456721 0.000001 0.889610
vn 0.456722 -0.000001 0.889610
vn 0.456712 -0.000002 0.889615
vn 0.489104 0.000001 0.872226
vn 0.456712 0.000001 0.889615
vn 0.456717 0.000002 0.889612
vn -0.000040 1.000000 -0.000000
vn -0.486790 -0.000001 -0.873519
vn -0.458736 -0.000001 -0.888573
vn -0.458736 0.000001 -0.888573
vn -0.458737 0.000001 -0.888572
vn 0.533555 -0.000000 -0.845766
vn 0.533554 -0.000000 -0.845766
vn 0.533556 -0.000000 -0.845765
vn 0.783789 -0.377568 -0.493070
vn 0.785180 -0.373959 -0.493606
vn 0.724087 -0.506608 -0.468024
vn -0.458740 -0.000000 -0.888571
vn -0.458748 -0.000000 -0.888566
vn 0.537515 0.000000 0.843254
vn -0.999993 0.000000 0.003806
vn -0.979237 -0.000000 -0.202720
vn 0.999982 -0.000000 -0.006006
vn 0.979711 0.000000 0.200414
vn 0.920930 -0.000000 -0.389729
vn -0.382686 0.000000 0.923878
vn -0.706348 0.000000 0.707865
vn 0.000000 0.000000 1.000000
vn 0.381806 0.000000 0.924242
vn 0.382685 -0.000000 -0.923879
vn 0.707872 -0.000000 -0.706341
vn -0.000000 -0.000000 -1.000000
vn -0.383564 -0.000000 -0.923514
vn -0.458726 0.000003 -0.888578
vn 0.456740 0.000003 0.889600
vn 0.852343 0.000006 -0.522984
vn 0.852343 0.000007 -0.522984
vn 0.783777 0.377583 -0.493077
vn 0.785168 0.373974 -0.493614
vn 0.724071 0.506624 -0.468031
vn -0.604837 -0.795034 0.045749
vn -0.595028 -0.795294 -0.115972
vn -0.012635 -0.999919 0.001709
vn -0.011567 -0.998037 0.061557
vn -0.550634 -0.793692 -0.258562
vn 0.001312 -0.999296 -0.037508
vn 0.544191 -0.816119 0.194439
vn 0.565103 -0.816707 0.116829
vn 0.575968 -0.815700 0.053806
vn 0.000000 -0.780633 0.624989
vn 0.003510 -0.780563 0.625067
vn 0.147314 -0.987924 0.048006
vn 0.000000 -0.999739 0.022859
vn -0.100439 -0.786208 0.609745
vn 0.159400 -0.983926 0.080509
vn 0.355184 -0.808548 -0.469143
vn 0.231950 -0.806790 -0.543404
vn 0.000000 -0.808891 -0.587959
vn 0.211744 0.796740 -0.566013
vn 0.079807 0.790622 -0.607082
vn -0.051242 0.998353 -0.025789
vn -0.021851 0.999546 -0.020753
vn 0.000000 0.786264 -0.617890
vn 0.000000 0.999811 -0.019441
vn 0.000000 0.813861 0.581059
vn -0.160686 0.814266 0.557809
vn -0.243301 0.816882 0.522980
vn 0.510738 -0.787028 0.346026
vn -0.052279 -0.985760 0.159828
vn -0.012024 -0.992448 0.122076
vn 0.574894 -0.791551 0.207227
vn -0.585912 -0.806080 -0.083318
vn -0.584505 -0.811355 -0.007599
vn -0.575953 -0.815710 0.053805
vn 0.011597 -0.998036 0.061557
vn 0.604836 -0.795033 0.045779
vn 0.575678 0.789982 -0.211008
vn 0.028566 0.999243 0.026399
vn 0.015748 0.999849 -0.007325
vn 0.601770 0.789033 -0.123693
vn -0.522891 0.814750 0.250535
vn -0.569973 0.814186 0.110601
vn -0.580967 0.812305 -0.051364
vn 0.017365 0.997917 -0.062137
vn 0.615200 0.786899 -0.048159
vn 0.613614 0.781835 0.110509
vn 0.583901 0.783011 0.214369
vn 0.837318 0.000427 0.546716
vn 0.925758 -0.006073 0.378067
vn 0.519107 0.786978 0.333457
vn 0.716495 0.005036 0.697574
vn 0.348474 -0.784448 0.513037
vn 0.430288 -0.783821 0.447745
vn 0.000000 0.819646 -0.572870
vn 0.023897 0.809866 -0.586128
vn -0.175517 0.014405 -0.984371
vn 0.000000 0.034029 -0.999421
vn -0.073063 0.805987 -0.587407
vn -0.377761 -0.006745 -0.925878
vn -0.355189 -0.808560 -0.469119
vn -0.231945 -0.806801 -0.543391
vn 0.311697 0.809136 -0.498141
vn 0.213450 0.809943 -0.546290
vn 0.561918 -0.001740 -0.827191
vn 0.714546 0.006226 -0.699561
vn 0.073063 0.805987 -0.587407
vn 0.377761 -0.006745 -0.925878
vn 0.428546 -0.809453 -0.401415
vn 0.508879 -0.805649 -0.303270
vn 0.522914 0.814737 0.250531
vn 0.569973 0.814186 0.110601
vn 0.980498 -0.008057 0.196362
vn 0.923146 -0.004639 0.384421
vn 0.580967 0.812305 -0.051364
vn 0.999938 -0.010590 0.003388
vn 0.079350 0.985501 -0.149972
vn 0.113502 0.983003 -0.144296
vn -0.479342 0.805109 -0.349328
vn -0.393975 0.805071 -0.443447
vn -0.311724 0.809128 -0.498136
vn 0.124272 0.986636 -0.105381
vn 0.100439 -0.786208 0.609745
vn -0.159400 -0.983926 0.080509
vn -0.117956 -0.988390 0.095769
vn 0.243542 -0.788154 0.565243
vn -0.428522 -0.809464 -0.401420
vn -0.508874 -0.805641 -0.303298
vn -0.103643 -0.986592 0.126075
vn -0.575712 0.789956 -0.211009
vn -0.601784 0.789022 -0.123696
vn -0.015717 0.999850 -0.007325
vn -0.028566 0.999243 0.026399
vn -0.615215 0.786887 -0.048160
vn -0.017365 0.997917 -0.062137
vn 0.550656 -0.793679 -0.258557
vn -0.001282 -0.999295 -0.037508
vn -0.019929 -0.998311 -0.054568
vn 0.480644 -0.792305 -0.375811
vn -0.544191 -0.816119 0.194439
vn -0.505549 -0.815074 0.282973
vn -0.443047 -0.814375 0.374837
vn -0.032106 -0.998087 -0.052828
vn 0.397052 -0.790929 -0.465597
vn -0.079808 0.790637 -0.607062
vn 0.051241 0.998353 -0.025788
vn -0.211744 0.796740 -0.566013
vn 0.021851 0.999546 -0.020753
vn 0.243301 0.816882 0.522980
vn 0.160686 0.814266 0.557809
vn -0.619722 0.784403 0.025636
vn -0.040438 0.992235 -0.117621
vn -0.613614 0.781835 0.110509
vn -0.079381 0.985498 -0.149972
vn 0.479330 0.805120 -0.349320
vn 0.548332 0.808658 -0.213083
vn -0.348466 -0.784460 0.513024
vn -0.430288 -0.783821 0.447745
vn 0.089451 -0.983079 0.159859
vn 0.103643 -0.986592 0.126075
vn -0.510715 -0.787040 0.346032
vn 0.052279 -0.985760 0.159828
vn 0.585914 -0.806082 -0.083288
vn 0.566589 -0.803173 -0.184092
vn -0.460964 0.791824 -0.400658
vn -0.530427 0.790605 -0.305927
vn -0.044253 0.998285 0.038332
vn -0.052524 0.998103 0.032106
vn 0.452629 0.814403 0.363147
vn 0.370349 0.814646 0.446311
vn -0.397057 -0.790941 -0.465573
vn -0.319383 -0.789073 -0.524746
vn 0.017457 -0.999349 -0.031587
vn 0.032106 -0.998087 -0.052828
vn -0.256058 -0.787799 -0.560185
vn -0.033113 -0.999437 -0.005402
vn 0.200756 -0.813341 0.546053
vn 0.343739 -0.813796 0.468593
vn 0.443053 -0.814384 0.374811
vn 0.040407 0.992236 -0.117621
vn 0.619722 0.784403 0.025636
vn -0.548332 0.808658 -0.213083
vn -0.583921 0.782997 0.214366
vn -0.113502 0.983003 -0.144296
vn -0.519107 0.786978 0.333457
vn -0.124272 0.986636 -0.105381
vn 0.393939 0.805091 -0.443441
vn -0.384296 0.011384 0.923140
vn -0.552709 0.007996 0.833336
vn -0.296616 0.816296 0.495661
vn -0.200756 -0.813341 0.546053
vn -0.343739 -0.813796 0.468593
vn -0.703619 0.001007 0.710577
vn -0.370349 0.814646 0.446311
vn 0.460964 0.791824 -0.400658
vn 0.052524 0.998103 0.032106
vn 0.044253 0.998285 0.038332
vn 0.530427 0.790605 -0.305927
vn -0.452634 0.814412 0.363120
vn -0.355302 0.795324 -0.491142
vn -0.033021 0.999425 0.007691
vn 0.296616 0.816296 0.495661
vn 0.012665 -0.999918 0.001709
vn 0.595043 -0.795282 -0.115975
vn -0.565088 -0.816717 0.116827
vn 0.000000 -0.798059 -0.602580
vn 0.161691 -0.792615 -0.587892
vn 0.056949 -0.998374 -0.002624
vn 0.000000 -0.999946 -0.010407
vn 0.256058 -0.787799 -0.560185
vn 0.033113 -0.999437 -0.005371
vn -0.068149 -0.815259 0.575073
vn 0.000000 -0.818592 0.574376
vn 0.197852 -0.002777 0.980228
vn 0.000000 -0.015168 0.999885
vn 0.384296 0.011384 0.923140
vn 0.068149 -0.815259 0.575073
vn 0.828989 -0.002197 -0.559261
vn 0.703864 0.001099 -0.710334
vn 0.922804 -0.004761 -0.385242
vn 0.552709 0.007996 0.833336
vn 0.703619 0.001007 0.710577
vn -0.003510 -0.780548 0.625086
vn -0.147314 -0.987923 0.048037
vn -0.923157 -0.004669 0.384394
vn -0.980500 -0.008026 0.196356
vn -0.999939 -0.010560 0.003388
vn -0.480621 -0.792316 -0.375817
vn 0.019960 -0.998312 -0.054538
vn 0.505549 -0.815074 0.282973
vn -0.023897 0.809866 -0.586128
vn 0.175517 0.014435 -0.984371
vn -0.927409 -0.005402 -0.374009
vn -0.837294 0.001556 -0.546751
vn -0.566589 -0.803173 -0.184092
vn -0.714576 0.006226 -0.699530
vn -0.089451 -0.983079 0.159859
vn 0.135564 0.988229 -0.070895
vn 0.436846 0.785371 0.438586
vn -0.213479 0.809937 -0.546286
vn 0.172158 0.983720 -0.051547
vn 0.354332 0.781881 0.512943
vn -0.981971 -0.008973 -0.188819
vn -0.197852 -0.002777 0.980228
vn -0.829273 -0.002167 0.558840
vn -0.561918 -0.001740 -0.827191
vn 0.981971 -0.008973 -0.188819
vn 0.927409 -0.005371 -0.374010
vn 0.584505 -0.811355 -0.007599
vn 0.837294 0.001587 -0.546751
vn 0.829273 -0.002136 0.558840
vn 0.981089 -0.009247 0.193337
vn 0.999943 -0.010682 -0.000885
vn 0.000000 0.807179 0.590307
vn 0.000000 0.035006 0.999387
vn 0.185675 0.015809 0.982484
vn 0.222790 0.793529 0.566283
vn 0.373587 -0.006348 0.927574
vn 0.560173 -0.002594 0.828372
vn 0.382955 0.011597 -0.923694
vn 0.198222 -0.002716 -0.980153
vn 0.000000 -0.015351 -0.999882
vn -0.922803 -0.004792 -0.385241
vn -0.980474 -0.008149 -0.196479
vn -0.999943 -0.010682 -0.000885
vn -0.354332 0.781881 0.512943
vn -0.373587 -0.006348 0.927574
vn -0.185675 0.015839 0.982484
vn -0.222790 0.793529 0.566283
vn 0.355310 0.795313 -0.491154
vn 0.553611 0.008148 -0.832736
vn 0.319356 -0.789081 -0.524751
vn -0.716511 0.005005 0.697558
vn -0.560187 -0.002625 0.828362
vn -0.436846 0.785371 0.438586
vn -0.243546 -0.788168 0.565223
vn 0.980474 -0.008149 -0.196479
vn -0.198222 -0.002716 -0.980153
vn -0.161688 -0.792601 -0.587912
vn -0.382955 0.011628 -0.923694
vn -0.925758 -0.006104 0.378067
vn -0.837318 0.000397 0.546716
vn -0.703864 0.001099 -0.710334
vn -0.828988 -0.002228 -0.559261
vn -0.981089 -0.009217 0.193337
vn -0.574915 -0.791538 0.207223
vn 0.033021 0.999425 0.007691
vn -0.553625 0.008149 -0.832726
vn 0.150032 0.988486 -0.019624
vn 0.000000 0.999997 0.002441
vn -0.017457 -0.999349 -0.031587
vn -0.135564 0.988229 -0.070895
vn -0.172158 0.983720 -0.051547
vn 0.012024 -0.992448 0.122076
vn -0.150032 0.988486 -0.019624
vn -0.056979 -0.998372 -0.002655
vn 0.117956 -0.988390 0.095769
vn -0.696032 0.648184 -0.308863
vn -0.759427 0.611089 -0.223251
vn -0.852334 0.473405 -0.222294
vn -0.814488 0.478306 -0.328379
vn -0.782591 0.595848 -0.180326
vn -0.958159 0.125818 -0.257103
vn -0.968052 0.098443 -0.230616
vn -0.961440 0.073850 -0.264913
vn -0.876553 0.279391 -0.391913
vn 0.228790 0.793781 -0.563530
vn 0.113854 0.803659 -0.584097
vn 0.119752 0.803334 -0.583364
vn 0.240644 0.792318 -0.560646
vn -0.000273 0.806677 -0.590993
vn -0.000258 0.806677 -0.590993
vn 0.200299 0.005598 -0.979719
vn -0.000073 -0.003660 -0.999993
vn -0.000033 -0.003660 -0.999993
vn 0.190092 0.004667 -0.981755
vn 0.392147 0.033939 -0.919276
vn 0.373364 0.030201 -0.927193
vn -0.740394 0.480486 -0.470053
vn -0.588376 0.699968 -0.404795
vn -0.803083 0.209635 -0.557774
vn -0.688776 0.135161 -0.712264
vn -0.712225 0.148044 -0.686162
vn -0.489377 0.737214 -0.465860
vn -0.466526 0.744484 -0.477595
vn 0.363546 0.771270 -0.522471
vn 0.345941 0.774981 -0.528895
vn 0.542552 0.073773 -0.836776
vn 0.566093 0.081856 -0.820267
vn 0.688785 0.135111 -0.712264
vn 0.712183 0.147976 -0.686221
vn 0.489210 0.737185 -0.466083
vn 0.466279 0.744493 -0.477822
vn -0.363898 0.771215 -0.522308
vn -0.346337 0.774920 -0.528725
vn -0.542583 0.073814 -0.836753
vn -0.566163 0.081923 -0.820212
vn -0.373436 0.030227 -0.927163
vn -0.392290 0.033979 -0.919214
vn -0.241076 0.792269 -0.560529
vn -0.229262 0.793729 -0.563412
vn 0.696137 0.648006 -0.309001
vn 0.814536 0.478180 -0.328443
vn 0.852384 0.473310 -0.222304
vn 0.759526 0.610946 -0.223304
vn 0.876552 0.279372 -0.391929
vn 0.961445 0.074041 -0.264842
vn 0.968056 0.098628 -0.230522
vn 0.958179 0.126002 -0.256937
vn 0.782656 0.595760 -0.180333
vn 0.740389 0.480366 -0.470184
vn 0.588359 0.699848 -0.405027
vn 0.803062 0.209610 -0.557813
vn -0.120250 0.803286 -0.583328
vn -0.114384 0.803608 -0.584063
vn -0.190152 0.004681 -0.981743
vn -0.200436 0.005621 -0.979691
vn 0.668503 0.684847 0.289980
vn 0.514277 0.785369 0.344549
vn 0.529227 0.769983 0.356433
vn 0.676619 0.671239 0.302696
vn 0.377098 0.846386 0.376068
vn 0.390718 0.834487 0.388551
vn 0.460587 0.771520 0.438880
vn 0.615649 0.681124 0.396292
vn 0.765063 0.553175 0.329660
vn -0.000245 0.910178 0.414217
vn -0.081652 0.907356 0.412356
vn -0.083719 0.900873 0.425933
vn -0.000241 0.903861 0.427827
vn -0.166668 0.898482 0.406144
vn -0.170442 0.891533 0.419664
vn -0.196824 0.855765 0.478463
vn -0.096190 0.868836 0.485666
vn -0.000229 0.872933 0.487840
vn 0.167356 -0.897297 -0.408474
vn 0.082003 -0.906248 -0.414716
vn 0.078612 -0.911979 -0.402633
vn 0.159481 -0.904023 -0.396621
vn 0.000245 -0.909097 -0.416585
vn 0.000245 -0.914564 -0.404440
vn 0.000257 -0.939399 -0.342827
vn 0.064245 -0.937815 -0.341139
vn 0.127633 -0.933329 -0.335569
vn -0.461001 0.771296 0.438840
vn -0.616042 0.680808 0.396223
vn -0.620266 0.647449 0.442809
vn -0.456456 0.745681 0.485394
vn -0.765420 0.552742 0.329558
vn -0.770887 0.512653 0.378047
vn 0.264770 -0.931842 -0.248129
vn 0.304616 -0.926222 -0.222086
vn 0.432211 -0.865400 -0.253530
vn 0.363642 -0.886578 -0.285909
vn 0.205801 -0.941393 -0.267255
vn 0.278133 -0.909451 -0.309098
vn 0.667130 -0.684768 -0.293309
vn 0.516492 -0.782956 -0.346722
vn 0.490465 -0.803227 -0.338039
vn 0.623699 -0.725419 -0.291147
vn 0.378912 -0.844589 -0.378279
vn 0.362869 -0.856422 -0.367243
vn 0.770570 0.513052 0.378154
vn 0.900096 0.330623 0.283754
vn 0.901633 0.362190 0.236380
vn -0.303981 -0.926421 -0.222125
vn -0.431621 -0.865680 -0.253576
vn -0.393863 -0.890805 -0.226580
vn -0.291940 -0.936897 -0.192341
vn -0.072233 -0.975109 -0.209632
vn -0.072029 -0.974350 -0.213198
vn 0.987834 0.073955 0.136799
vn 0.954268 0.249566 0.164589
vn 0.263285 -0.879314 -0.396847
vn 0.251128 -0.887950 -0.385332
vn 0.196758 -0.924986 -0.325097
vn -0.166872 -0.897378 -0.408493
vn -0.262810 -0.879446 -0.396871
vn -0.250647 -0.888075 -0.385355
vn -0.158992 -0.904102 -0.396636
vn -0.378438 -0.844787 -0.378312
vn -0.362391 -0.856611 -0.367275
vn -0.277611 -0.909602 -0.309121
vn -0.196250 -0.925086 -0.325118
vn -0.127118 -0.933394 -0.335585
vn -0.081514 -0.906287 -0.414727
vn -0.078116 -0.912019 -0.402641
vn -0.063728 -0.937848 -0.341146
vn 0.166187 0.898563 0.406162
vn 0.081167 0.907395 0.412367
vn 0.083239 0.900914 0.425941
vn 0.169967 0.891617 0.419680
vn 0.095734 0.868881 0.485677
vn 0.196374 0.855857 0.478483
vn 0.261794 0.880778 0.394582
vn 0.269104 0.872473 0.407889
vn 0.314494 0.827919 0.464374
vn 0.638989 -0.725563 -0.255443
vn 0.774269 -0.586758 -0.237115
vn 0.722255 -0.648095 -0.241496
vn 0.475207 -0.841630 -0.256589
vn 0.394473 -0.890548 -0.226530
vn 0.717350 -0.659567 -0.224454
vn 0.939386 0.314044 0.137585
vn 0.813339 0.539160 0.218601
vn 0.815991 0.530224 0.230265
vn 0.953575 0.265400 0.142329
vn -0.199613 0.828415 0.523339
vn -0.098125 0.841948 0.530562
vn 0.099825 -0.952215 -0.288653
vn 0.051109 -0.954754 -0.292972
vn 0.000266 -0.955727 -0.294256
vn -0.000225 0.846209 0.532851
vn 0.314408 0.800842 0.509705
vn 0.456040 0.745905 0.485441
vn 0.199171 0.828505 0.523364
vn -0.149215 -0.948220 -0.280382
vn -0.099295 -0.952266 -0.288669
vn -0.205268 -0.941504 -0.267273
vn -0.666680 -0.685179 -0.293373
vn -0.773815 -0.587325 -0.237191
vn -0.721691 -0.648692 -0.241580
vn -0.623202 -0.725824 -0.291202
vn -0.638433 -0.726040 -0.255479
vn -0.474643 -0.841942 -0.256608
vn -0.716697 -0.660246 -0.224544
vn -0.668938 0.684444 0.289929
vn -0.813752 0.538568 0.218523
vn -0.816405 0.529622 0.230182
vn -0.677069 0.670813 0.302634
vn -0.939605 0.313412 0.137534
vn -0.953754 0.264793 0.142262
vn -0.954441 0.248965 0.164495
vn -0.901872 0.361666 0.236273
vn -0.900316 0.330142 0.283615
vn -0.987878 0.073499 0.136728
vn 0.292617 -0.936694 -0.192302
vn 0.072545 -0.974316 -0.213180
vn 0.072756 -0.975072 -0.209622
vn -0.377561 0.846195 0.376034
vn -0.514734 0.785090 0.344504
vn -0.529686 0.769690 0.356385
vn -0.391176 0.834288 0.388516
vn 0.619904 0.647754 0.442869
vn -0.264204 -0.931997 -0.248150
vn -0.363087 -0.886793 -0.285947
vn -0.314937 0.827768 0.464343
vn -0.314844 0.800694 0.509669
vn 0.149740 -0.948143 -0.280360
vn 0.097678 0.841991 0.530576
vn -0.050577 -0.954780 -0.292979
vn -0.516041 -0.783233 -0.346767
vn -0.489980 -0.803506 -0.338081
vn -0.262264 0.880649 0.394557
vn -0.269571 0.872340 0.407865
vn 0.380116 -0.882509 -0.276927
vn 0.551978 -0.784753 -0.281927
vn -0.985108 0.144318 0.093460
vn -0.975812 0.199154 0.090157
vn -0.861981 -0.410056 -0.298064
vn -0.563070 -0.776832 -0.281930
vn -0.551167 -0.785308 -0.281970
vn -0.962484 0.061806 -0.264207
vn -0.174081 0.970354 -0.167659
vn 0.975688 0.199753 0.090175
vn 0.974388 0.206229 0.089655
vn 0.953054 0.284447 0.103816
vn -0.379488 -0.882779 -0.276929
vn 0.985025 0.144870 0.093484
vn 0.862298 -0.409517 -0.297889
vn 0.962520 0.062048 -0.264019
vn 0.563883 -0.776259 -0.281882
vn -0.974517 0.205625 0.089637
vn -0.953242 0.283827 0.103789
vn 0.173869 0.970379 -0.167730
vn -0.108145 0.962585 0.248464
vn -0.167377 0.957013 0.236879
vn -0.216861 0.922181 0.320241
vn -0.138431 0.933460 0.330891
vn -0.234020 0.947498 0.217905
vn -0.310093 0.901029 0.303299
vn -0.536794 -0.686333 -0.490713
vn -0.719617 -0.547446 -0.427148
vn -0.596773 -0.695610 -0.399985
vn -0.438611 -0.783475 -0.440214
vn -0.884770 -0.334104 -0.324896
vn -0.765609 -0.552290 -0.329878
vn -0.307749 0.932952 0.186794
vn -0.422892 0.863635 0.274403
vn -0.389579 0.909656 0.144065
vn -0.552403 0.802319 0.226131
vn -0.540325 0.833390 0.116235
vn -0.675878 0.717312 0.169267
vn -0.564606 0.817703 0.112170
vn -0.878795 -0.403218 -0.255214
vn 0.564286 0.817918 0.112213
vn 0.539956 0.833623 0.116278
vn 0.675391 0.717760 0.169318
vn 0.388996 0.909901 0.144092
vn 0.551866 0.802678 0.226168
vn 0.879050 -0.402708 -0.255141
vn 0.884918 -0.333765 -0.324840
vn 0.765947 -0.551872 -0.329791
vn 0.233468 0.947638 0.217889
vn 0.166852 0.957107 0.236870
vn 0.216361 0.922295 0.320250
vn 0.309591 0.901195 0.303315
vn 0.107611 0.962648 0.248455
vn 0.137927 0.933532 0.330898
vn 0.052595 0.965715 0.254220
vn 0.067233 0.939297 0.336452
vn -0.000270 0.966734 0.255786
vn -0.000258 0.941113 0.338092
vn 0.000213 -0.831252 -0.555896
vn -0.116074 -0.825223 -0.552752
vn -0.095157 -0.870093 -0.483614
vn 0.000234 -0.874045 -0.485845
vn -0.238736 -0.805392 -0.542539
vn -0.195223 -0.857402 -0.476182
vn -0.375555 -0.764710 -0.523620
vn -0.306617 -0.831898 -0.462528
vn 0.537118 -0.686130 -0.490642
vn 0.375917 -0.764566 -0.523570
vn 0.307062 -0.831751 -0.462498
vn 0.439016 -0.783279 -0.440159
vn 0.239151 -0.805275 -0.542530
vn 0.195684 -0.857304 -0.476171
vn 0.719921 -0.547119 -0.427053
vn 0.597152 -0.695326 -0.399914
vn 0.116493 -0.825162 -0.552754
vn 0.095622 -0.870047 -0.483606
vn -0.053123 0.965686 0.254221
vn -0.067742 0.939263 0.336447
vn 0.307131 0.933156 0.186791
vn 0.422381 0.863880 0.274419

# Mesh
g Circle
usemtl DefaultMaterial
f 4/4/4 1/1/1 2/2/2
f 2/2/2 3/3/3 4/4/4
f 2/2/2 5/5/5 6/6/6
f 6/6/6 3/3/3 2/2/2
f 6/6/6 7/7/7 4/4/4
f 4/4/4 3/3/3 6/6/6
f 11/11/11 8/8/8 9/9/9
f 9/9/9 10/10/10 11/11/11
f 10/10/10 9/9/9 12/12/12
f 12/12/12 13/13/13 10/10/10
f 15/15/15 10/10/10 13/13/13
f 13/13/13 14/14/14 15/15/15
f 16/16/16 11/11/11 10/10/10
f 10/10/10 15/15/15 16/16/16
f 20/20/20 17/17/17 18/18/18
f 18/18/18 19/19/19 20/20/20
f 19/19/19 18/18/18 21/21/21
f 21/21/21 22/22/22 19/19/19
f 24/24/24 19/19/19 22/22/22
f 22/22/22 23/23/23 24/24/24
f 25/25/25 20/20/20 19/19/19
f 19/19/19 24/24/24 25/25/25
f 29/29/29 26/26/26 27/27/27
f 27/27/27 28/28/28 29/29/29
f 28/28/28 27/27/27 30/30/30
f 30/30/30 31/31/31 28/28/28
f 33/33/33 28/28/28 31/31/31
f 31/31/31 32/32/32 33/33/33
f 34/34/34 29/29/29 28/28/28
f 28/28/28 33/33/33 34/34/34
f 38/38/38 35/35/35 36/36/36
f 36/36/36 37/37/37 38/38/38
f 37/37/37 36/36/36 39/39/39
f 39/39/39 40/40/40 37/37/37
f 42/42/42 37/37/37 40/40/40
f 40/40/40 41/41/41 42/42/42
f 43/43/43 38/38/38 37/37/37
f 37/37/37 42/42/42 43/43/43
f 47/47/47 44/44/44 45/45/45
f 45/45/45 46/46/46 47/47/47
f 46/46/46 45/45/45 25/25/25
f 25/25/25 48/48/48 46/46/46
f 50/50/50 46/46/46 48/48/48
f 48/48/48 49/49/49 50/50/50
f 5/5/5 47/47/47 46/46/46
f 46/46/46 50/50/50 5/5/5
f 53/53/53 7/7/7 51/51/51
f 51/51/51 52/52/52 53/53/53
f 51/51/51 54/54/54 55/55/55
f 55/55/55 52/52/52 51/51/51
f 55/55/55 56/56/56 53/53/53
f 53/53/53 52/52/52 55/55/55
f 60/60/60 57/57/57 58/58/58
f 58/58/58 59/59/59 60/60/60
f 59/59/59 58/58/58 61/61/61
f 61/61/61 62/62/62 59/59/59
f 64/64/64 59/59/59 62/62/62
f 62/62/62 63/63/63 64/64/64
f 23/23/23 60/60/60 59/59/59
f 59/59/59 64/64/64 23/23/23
f 66/66/66 61/61/61 58/58/58
f 58/58/58 65/65/65 66/66/66
f 65/65/65 58/58/58 57/57/57
f 57/57/57 67/67/67 65/65/65
f 69/69/69 65/65/65 67/67/67
f 67/67/67 68/68/68 69/69/69
f 70/70/70 66/66/66 65/65/65
f 65/65/65 69/69/69 70/70/70
f 73/73/73 56/56/56 71/71/71
f 71/71/71 72/72/72 73/73/73
f 71/71/71 74/74/74 75/75/75
f 75/75/75 72/72/72 71/71/71
f 75/75/75 76/76/76 73/73/73
f 73/73/73 72/72/72 75/75/75
f 80/80/80 77/77/77 78/78/78
f 78/78/78 79/79/79 80/80/80
f 79/79/79 78/78/78 81/81/81
f 81/81/81 82/82/82 79/79/79
f 75/75/75 79/79/79 82/82/82
f 82/82/82 76/76/76 75/75/75
f 74/74/74 80/80/80 79/79/79
f 79/79/79 75/75/75 74/74/74
f 86/86/86 83/83/83 84/84/84
f 84/84/84 85/85/85 86/86/86
f 85/85/85 84/84/84 87/87/87
f 87/87/87 88/88/88 85/85/85
f 90/90/90 85/85/85 88/88/88
f 88/88/88 89/89/89 90/90/90
f 91/91/91 86/86/86 85/85/85
f 85/85/85 90/90/90 91/91/91
f 95/95/95 92/92/92 93/93/93
f 93/93/93 94/94/94 95/95/95
f 94/99/94 93/96/93 96/97/96
f 96/97/96 97/98/97 94/99/94
f 99/101/99 94/99/94 97/98/97
f 97/98/97 98/100/98 99/101/99
f 100/103/100 95/95/95 94/94/94
f 94/94/94 99/102/99 100/103/100
f 102/105/102 21/21/21 18/18/18
f 18/18/18 101/104/101 102/105/102
f 18/18/18 17/17/17 103/106/103
f 103/106/103 101/104/101 18/18/18
f 103/106/103 104/107/104 102/105/102
f 102/105/102 101/104/101 103/106/103
f 20/20/20 25/25/25 45/45/45
f 45/45/45 105/108/105 20/20/20
f 45/45/45 44/44/44 106/109/106
f 106/109/106 105/108/105 45/45/45
f 106/109/106 17/17/17 20/20/20
f 20/20/20 105/108/105 106/109/106
f 108/111/108 49/49/49 48/48/48
f 48/48/48 107/110/107 108/111/108
f 107/110/107 48/48/48 25/25/25
f 25/25/25 24/24/24 107/110/107
f 64/64/64 107/110/107 24/24/24
f 24/24/24 23/23/23 64/64/64
f 63/63/63 108/111/108 107/110/107
f 107/110/107 64/64/64 63/63/63
f 111/114/111 54/54/54 109/112/109
f 109/112/109 110/113/110 111/114/111
f 110/113/110 109/112/109 49/49/49
f 49/49/49 108/111/108 110/113/110
f 112/115/112 110/113/110 108/111/108
f 108/111/108 63/63/63 112/115/112
f 113/116/113 111/114/111 110/113/110
f 110/113/110 112/115/112 113/116/113
f 71/71/71 56/56/56 55/55/55
f 55/55/55 114/117/114 71/71/71
f 114/117/114 55/55/55 54/54/54
f 54/54/54 111/114/111 114/117/114
f 115/118/115 114/117/114 111/114/111
f 111/114/111 113/116/113 115/118/115
f 74/74/74 71/71/71 114/117/114
f 114/117/114 115/118/115 74/74/74
f 47/47/47 5/5/5 2/2/2
f 2/2/2 116/119/116 47/47/47
f 2/2/2 1/1/1 117/120/117
f 117/120/117 116/119/116 2/2/2
f 117/120/117 44/44/44 47/47/47
f 47/47/47 116/119/116 117/120/117
f 51/51/51 7/7/7 6/6/6
f 6/6/6 118/121/118 51/51/51
f 118/121/118 6/6/6 5/5/5
f 5/5/5 50/50/50 118/121/118
f 109/112/109 118/121/118 50/50/50
f 50/50/50 49/49/49 109/112/109
f 54/54/54 51/51/51 118/121/118
f 118/121/118 109/112/109 54/54/54
f 122/125/122 119/122/119 120/123/120
f 120/123/120 121/124/121 122/125/122
f 121/124/121 120/123/120 12/126/12
f 12/126/12 9/127/9 121/124/121
f 123/129/123 121/124/121 9/127/9
f 9/127/9 8/128/8 123/129/123
f 124/130/124 122/125/122 121/124/121
f 121/124/121 123/129/123 124/130/124
f 128/134/128 125/131/125 126/132/126
f 126/132/126 127/133/127 128/134/128
f 127/138/127 126/135/126 129/136/129
f 129/136/129 130/137/130 127/138/127
f 132/140/132 127/138/127 130/137/130
f 130/137/130 131/139/131 132/140/132
f 133/142/133 128/134/128 127/133/127
f 127/133/127 132/141/132 133/142/133
f 135/144/135 133/142/133 132/141/132
f 132/141/132 134/143/134 135/144/135
f 134/146/134 132/140/132 131/139/131
f 131/139/131 136/145/136 134/146/134
f 138/148/138 134/146/134 136/145/136
f 136/145/136 137/147/137 138/148/138
f 139/150/139 135/144/135 134/143/134
f 134/143/134 138/149/138 139/150/139
f 141/152/141 139/150/139 138/149/138
f 138/149/138 140/151/140 141/152/141
f 140/154/140 138/148/138 137/147/137
f 137/147/137 142/153/142 140/154/140
f 144/156/144 140/154/140 142/153/142
f 142/153/142 143/155/143 144/156/144
f 145/158/145 141/152/141 140/151/140
f 140/151/140 144/157/144 145/158/145
f 147/160/147 145/158/145 144/157/144
f 144/157/144 146/159/146 147/160/147
f 146/162/146 144/156/144 143/155/143
f 143/155/143 148/161/148 146/162/146
f 150/164/150 146/162/146 148/161/148
f 148/161/148 149/163/149 150/164/150
f 151/168/151 147/165/147 146/166/146
f 146/166/146 150/167/150 151/168/151
f 155/172/155 152/169/152 153/170/153
f 153/170/153 154/171/154 155/172/155
f 153/175/153 81/81/81 156/173/156
f 156/173/156 154/174/154 153/175/153
f 156/173/156 157/176/157 155/177/155
f 155/177/155 154/174/154 156/173/156
f 159/179/159 124/130/124 123/129/123
f 123/129/123 158/178/158 159/179/159
f 158/178/158 123/129/123 8/128/8
f 8/128/8 160/180/160 158/178/158
f 162/184/162 158/181/158 160/182/160
f 160/182/160 161/183/161 162/184/162
f 163/186/163 159/179/159 158/178/158
f 158/178/158 162/185/162 163/186/163
f 165/188/165 163/186/163 162/185/162
f 162/185/162 164/187/164 165/188/165
f 164/190/164 162/184/162 161/183/161
f 161/183/161 166/189/166 164/190/164
f 126/135/126 164/190/164 166/189/166
f 166/189/166 129/136/129 126/135/126
f 125/192/125 165/188/165 164/187/164
f 164/187/164 126/191/126 125/192/125
f 53/53/53 56/56/56 167/193/167
f 167/193/167 168/194/168 53/53/53
f 168/196/168 167/195/167 163/186/163
f 163/186/163 165/188/165 168/196/168
f 169/199/169 168/197/168 165/198/165
f 165/198/165 125/131/125 169/199/169
f 7/7/7 53/53/53 168/194/168
f 168/194/168 169/200/169 7/7/7
f 73/73/73 76/76/76 170/201/170
f 170/201/170 171/202/171 73/73/73
f 171/204/171 170/203/170 124/130/124
f 124/130/124 159/179/159 171/204/171
f 167/195/167 171/204/171 159/179/159
f 159/179/159 163/186/163 167/195/167
f 56/56/56 73/73/73 171/202/171
f 171/202/171 167/193/167 56/56/56
f 156/173/156 81/81/81 78/78/78
f 78/78/78 172/205/172 156/173/156
f 172/205/172 78/78/78 77/77/77
f 77/77/77 173/206/173 172/205/172
f 175/208/175 172/205/172 173/206/173
f 173/206/173 174/207/174 175/208/175
f 157/176/157 156/173/156 172/205/172
f 172/205/172 175/208/175 157/176/157
f 179/212/179 176/209/176 177/210/177
f 177/210/177 178/211/178 179/212/179
f 178/214/178 177/213/177 30/30/30
f 30/30/30 27/27/27 178/214/178
f 180/215/180 178/214/178 27/27/27
f 27/27/27 26/26/26 180/215/180
f 181/217/181 179/212/179 178/211/178
f 178/211/178 180/216/180 181/217/181
f 103/106/103 17/17/17 182/218/182
f 182/218/182 183/219/183 103/106/103
f 183/221/183 182/220/182 145/158/145
f 145/158/145 147/160/147 183/221/183
f 184/223/184 183/222/183 147/165/147
f 147/165/147 151/168/151 184/223/184
f 104/107/104 103/106/103 183/219/183
f 183/219/183 184/224/184 104/107/104
f 106/109/106 44/44/44 185/225/185
f 185/225/185 186/226/186 106/109/106
f 186/228/186 185/227/185 139/150/139
f 139/150/139 141/152/141 186/228/186
f 182/220/182 186/228/186 141/152/141
f 141/152/141 145/158/145 182/220/182
f 17/17/17 106/109/106 186/226/186
f 186/226/186 182/218/182 17/17/17
f 117/120/117 1/1/1 187/229/187
f 187/229/187 188/230/188 117/120/117
f 188/232/188 187/231/187 133/142/133
f 133/142/133 135/144/135 188/232/188
f 185/227/185 188/232/188 135/144/135
f 135/144/135 139/150/139 185/227/185
f 44/44/44 117/120/117 188/230/188
f 188/230/188 185/225/185 44/44/44
f 4/4/4 7/7/7 169/200/169
f 169/200/169 189/233/189 4/4/4
f 189/234/189 169/199/169 125/131/125
f 125/131/125 128/134/128 189/234/189
f 187/231/187 189/234/189 128/134/128
f 128/134/128 133/142/133 187/231/187
f 1/1/1 4/4/4 189/233/189
f 189/233/189 187/229/187 1/1/1
f 193/238/193 190/235/190 191/236/191
f 191/236/191 192/237/192 193/238/193
f 192/237/192 191/236/191 194/239/194
f 194/239/194 195/240/195 192/237/192
f 197/244/197 192/241/192 195/242/195
f 195/242/195 196/243/196 197/244/197
f 198/246/198 193/238/193 192/237/192
f 192/237/192 197/245/197 198/246/198
f 88/250/88 87/247/87 199/248/199
f 199/248/199 200/249/200 88/250/88
f 200/249/200 199/248/199 14/14/14
f 14/14/14 201/251/201 200/249/200
f 203/253/203 200/249/200 201/251/201
f 201/251/201 202/252/202 203/253/203
f 89/254/89 88/250/88 200/249/200
f 200/249/200 203/253/203 89/254/89
f 207/258/207 204/255/204 205/256/205
f 205/256/205 206/257/206 207/258/207
f 206/257/206 205/256/205 208/259/208
f 208/259/208 209/260/209 206/257/206
f 211/262/211 206/257/206 209/260/209
f 209/260/209 210/261/210 211/262/211
f 92/92/92 207/258/207 206/257/206
f 206/257/206 211/262/211 92/92/92
f 215/266/215 212/263/212 213/264/213
f 213/264/213 214/265/214 215/266/215
f 214/265/214 213/264/213 190/235/190
f 190/235/190 193/238/193 214/265/214
f 216/267/216 214/265/214 193/238/193
f 193/238/193 198/246/198 216/267/216
f 217/271/217 215/268/215 214/269/214
f 214/269/214 216/270/216 217/271/217
f 221/275/221 218/272/218 219/273/219
f 219/273/219 220/274/220 221/275/221
f 220/274/220 219/273/219 212/263/212
f 212/263/212 215/266/215 220/274/220
f 222/277/222 220/276/220 215/268/215
f 215/268/215 217/271/217 222/277/222
f 223/279/223 221/278/221 220/276/220
f 220/276/220 222/277/222 223/279/223
f 99/102/99 98/280/98 224/281/224
f 224/281/224 225/282/225 99/102/99
f 225/284/225 224/283/224 218/272/218
f 218/272/218 221/275/221 225/284/225
f 226/286/226 225/285/225 221/278/221
f 221/278/221 223/279/223 226/286/226
f 100/103/100 99/102/99 225/282/225
f 225/282/225 226/287/226 100/103/100
f 230/291/230 227/288/227 228/289/228
f 228/289/228 229/290/229 230/291/230
f 229/290/229 228/289/228 231/292/231
f 231/292/231 232/293/232 229/290/229
f 234/295/234 229/290/229 232/293/232
f 232/293/232 233/294/233 234/295/234
f 235/296/235 230/291/230 229/290/229
f 229/290/229 234/295/234 235/296/235
f 195/240/195 194/239/194 236/297/236
f 236/297/236 237/298/237 195/240/195
f 237/300/237 236/299/236 227/288/227
f 227/288/227 230/291/230 237/300/237
f 238/301/238 237/300/237 230/291/230
f 230/291/230 235/296/235 238/301/238
f 196/243/196 195/242/195 237/302/237
f 237/302/237 238/303/238 196/243/196
f 242/307/242 239/304/239 240/305/240
f 240/305/240 241/306/241 242/307/242
f 241/306/241 240/305/240 243/308/240
f 243/308/240 244/309/243 241/306/241
f 246/311/245 241/306/241 244/309/243
f 244/309/243 245/310/244 246/311/245
f 247/312/246 242/307/242 241/306/241
f 241/306/241 246/311/245 247/312/246
f 251/316/250 248/313/247 249/314/248
f 249/314/248 250/315/249 251/316/250
f 250/315/249 249/314/248 233/294/233
f 233/294/233 252/317/251 250/315/249
f 253/318/252 250/315/249 252/317/251
f 252/317/251 83/83/83 253/318/252
f 254/319/253 251/316/250 250/315/249
f 250/315/249 253/318/252 254/319/253
f 256/321/255 247/312/246 246/311/245
f 246/311/245 255/320/254 256/321/255
f 255/320/254 246/311/245 245/310/244
f 245/310/244 257/322/256 255/320/254
f 259/324/258 255/320/254 257/322/256
f 257/322/256 258/323/257 259/324/258
f 260/325/259 256/321/255 255/320/254
f 255/320/254 259/324/258 260/325/259
f 262/327/261 260/325/259 259/324/258
f 259/324/258 261/326/260 262/327/261
f 261/326/260 259/324/258 258/323/257
f 258/323/257 263/328/262 261/326/260
f 265/332/264 261/329/260 263/330/262
f 263/330/262 264/331/263 265/332/264
f 266/334/265 262/333/261 261/329/260
f 261/329/260 265/332/264 266/334/265
f 269/337/268 248/313/247 267/335/266
f 267/335/266 268/336/267 269/337/268
f 268/336/267 267/335/266 270/338/269
f 270/338/269 271/339/270 268/336/267
f 273/341/272 268/336/267 271/339/270
f 271/339/270 272/340/271 273/341/272
f 274/342/273 269/337/268 268/336/267
f 268/336/267 273/341/272 274/342/273
f 276/344/275 274/342/273 273/341/272
f 273/341/272 275/343/274 276/344/275
f 275/343/274 273/341/272 272/340/271
f 272/340/271 277/345/276 275/343/274
f 279/349/278 275/346/274 277/347/276
f 277/347/276 278/348/277 279/349/278
f 280/351/279 276/350/275 275/346/274
f 275/346/274 279/349/278 280/351/279
f 284/355/283 281/352/280 282/353/281
f 282/353/281 283/354/282 284/355/283
f 283/354/282 282/353/281 285/356/281
f 285/356/281 286/357/284 283/354/282
f 288/359/286 283/354/282 286/357/284
f 286/357/284 287/358/285 288/359/286
f 289/360/287 284/355/283 283/354/282
f 283/354/282 288/359/286 289/360/287
f 291/362/289 210/261/210 209/260/209
f 209/260/209 290/361/288 291/362/289
f 290/361/288 209/260/209 208/259/208
f 208/259/208 292/363/290 290/361/288
f 294/365/292 290/361/288 292/363/290
f 292/363/290 293/364/291 294/365/292
f 295/366/293 291/362/289 290/361/288
f 290/361/288 294/365/292 295/366/293
f 216/270/216 198/367/198 296/368/294
f 296/368/294 297/369/295 216/270/216
f 297/369/295 296/368/294 239/304/239
f 239/304/239 242/307/242 297/369/295
f 298/370/296 297/369/295 242/307/242
f 242/307/242 247/312/246 298/370/296
f 217/271/217 216/270/216 297/369/295
f 297/369/295 298/370/296 217/271/217
f 222/277/222 217/271/217 298/370/296
f 298/370/296 299/371/297 222/277/222
f 299/371/297 298/370/296 247/312/246
f 247/312/246 256/321/255 299/371/297
f 300/372/298 299/371/297 256/321/255
f 256/321/255 260/325/259 300/372/298
f 223/279/223 222/277/222 299/371/297
f 299/371/297 300/372/298 223/279/223
f 226/286/226 223/279/223 300/372/298
f 300/372/298 301/373/299 226/286/226
f 301/373/299 300/372/298 260/325/259
f 260/325/259 262/327/261 301/373/299
f 302/375/300 301/374/299 262/333/261
f 262/333/261 266/334/265 302/375/300
f 100/103/100 226/287/226 301/374/299
f 301/374/299 302/375/300 100/103/100
f 306/379/304 303/376/301 304/377/302
f 304/377/302 305/378/303 306/379/304
f 304/377/302 39/39/39 307/380/305
f 307/380/305 305/378/303 304/377/302
f 307/380/305 104/107/104 306/379/304
f 306/379/304 305/378/303 307/380/305
f 311/384/309 308/381/306 309/382/307
f 309/382/307 310/383/308 311/384/309
f 310/383/308 309/382/307 289/360/287
f 289/360/287 312/385/310 310/383/308
f 314/387/312 310/383/308 312/385/310
f 312/385/310 313/386/311 314/387/312
f 315/388/313 311/384/309 310/383/308
f 310/383/308 314/387/312 315/388/313
f 319/392/317 316/389/314 317/390/315
f 317/390/315 318/391/316 319/392/317
f 317/390/315 320/393/318 321/394/319
f 321/394/319 318/391/316 317/390/315
f 321/394/319 322/395/320 319/392/317
f 319/392/317 318/391/316 321/394/319
f 326/399/324 323/396/321 324/397/322
f 324/397/322 325/398/323 326/399/324
f 325/398/323 324/397/322 77/77/77
f 77/77/77 80/80/80 325/398/323
f 115/118/115 325/398/323 80/80/80
f 80/80/80 74/74/74 115/118/115
f 113/116/113 326/399/324 325/398/323
f 325/398/323 115/118/115 113/116/113
f 330/403/328 327/400/325 328/401/326
f 328/401/326 329/402/327 330/403/328
f 329/402/327 328/401/326 331/404/329
f 331/404/329 332/405/330 329/402/327
f 333/406/331 329/402/327 332/405/330
f 332/405/330 68/68/68 333/406/331
f 43/43/43 330/403/328 329/402/327
f 329/402/327 333/406/331 43/43/43
f 336/409/334 303/376/301 334/407/332
f 334/407/332 335/408/333 336/409/334
f 335/411/333 334/410/332 176/209/176
f 176/209/176 179/212/179 335/411/333
f 337/412/335 335/411/333 179/212/179
f 179/212/179 181/217/181 337/412/335
f 41/41/41 336/409/334 335/408/333
f 335/408/333 337/413/335 41/41/41
f 340/416/338 323/396/321 338/414/336
f 338/414/336 339/415/337 340/416/338
f 339/415/337 338/414/336 61/61/61
f 61/61/61 66/66/66 339/415/337
f 341/417/339 339/415/337 66/66/66
f 66/66/66 70/70/70 341/417/339
f 342/418/340 340/416/338 339/415/337
f 339/415/337 341/417/339 342/418/340
f 346/422/344 343/419/341 344/420/342
f 344/420/342 345/421/343 346/422/344
f 345/421/343 344/420/342 322/395/320
f 322/395/320 347/423/345 345/421/343
f 349/425/347 345/421/343 347/423/345
f 347/423/345 348/424/346 349/425/347
f 331/404/329 346/422/344 345/421/343
f 345/421/343 349/425/347 331/404/329
f 352/428/350 320/393/318 350/426/348
f 350/426/348 351/427/349 352/428/350
f 350/426/348 353/429/351 354/430/352
f 354/430/352 351/427/349 350/426/348
f 354/430/352 355/431/353 352/428/350
f 352/428/350 351/427/349 354/430/352
f 184/223/184 151/168/151 356/432/354
f 356/432/354 357/433/355 184/223/184
f 357/433/355 356/432/354 176/209/176
f 176/209/176 334/410/332 357/433/355
f 306/379/304 357/434/355 334/407/332
f 334/407/332 303/376/301 306/379/304
f 104/107/104 184/224/184 357/434/355
f 357/434/355 306/379/304 104/107/104
f 360/437/358 119/122/119 358/435/356
f 358/435/356 359/436/357 360/437/358
f 359/436/357 358/435/356 152/169/152
f 152/169/152 155/172/155 359/436/357
f 361/439/359 359/438/357 155/177/155
f 155/177/155 157/176/157 361/439/359
f 362/441/360 360/437/358 359/436/357
f 359/436/357 361/440/359 362/441/360
f 365/444/363 353/429/351 363/442/361
f 363/442/361 364/443/362 365/444/363
f 363/442/361 157/176/157 175/208/175
f 175/208/175 364/443/362 363/442/361
f 175/208/175 174/207/174 365/444/363
f 365/444/363 364/443/362 175/208/175
f 307/380/305 39/39/39 36/36/36
f 36/36/36 366/445/364 307/380/305
f 366/445/364 36/36/36 35/35/35
f 35/35/35 367/446/365 366/445/364
f 102/105/102 366/445/364 367/446/365
f 367/446/365 21/21/21 102/105/102
f 104/107/104 307/380/305 366/445/364
f 366/445/364 102/105/102 104/107/104
f 67/67/67 57/57/57 368/447/366
f 368/447/366 369/448/367 67/67/67
f 369/448/367 368/447/366 35/35/35
f 35/35/35 38/38/38 369/448/367
f 333/406/331 369/448/367 38/38/38
f 38/38/38 43/43/43 333/406/331
f 68/68/68 67/67/67 369/448/367
f 369/448/367 333/406/331 68/68/68
f 367/446/365 35/35/35 368/447/366
f 368/447/366 370/449/368 367/446/365
f 370/449/368 368/447/366 57/57/57
f 57/57/57 60/60/60 370/449/368
f 22/22/22 370/449/368 60/60/60
f 60/60/60 23/23/23 22/22/22
f 21/21/21 367/446/365 370/449/368
f 370/449/368 22/22/22 21/21/21
f 330/403/328 43/43/43 42/42/42
f 42/42/42 371/450/369 330/403/328
f 42/42/42 41/41/41 372/451/370
f 372/451/370 371/450/369 42/42/42
f 372/451/370 327/400/325 330/403/328
f 330/403/328 371/450/369 372/451/370
f 346/422/344 331/404/329 328/401/326
f 328/401/326 373/452/371 346/422/344
f 328/401/326 327/400/325 374/453/372
f 374/453/372 373/452/371 328/401/326
f 374/453/372 343/419/341 346/422/344
f 346/422/344 373/452/371 374/453/372
f 349/425/347 348/424/346 375/454/373
f 375/454/373 376/455/374 349/425/347
f 376/455/374 375/454/373 70/70/70
f 70/70/70 69/69/69 376/455/374
f 332/405/330 376/455/374 69/69/69
f 69/69/69 68/68/68 332/405/330
f 331/404/329 349/425/347 376/455/374
f 376/455/374 332/405/330 331/404/329
f 379/458/377 355/431/353 377/456/375
f 377/456/375 378/457/376 379/458/377
f 378/457/376 377/456/375 342/418/340
f 342/418/340 341/417/339 378/457/376
f 375/454/373 378/457/376 341/417/339
f 341/417/339 70/70/70 375/454/373
f 348/424/346 379/458/377 378/457/376
f 378/457/376 375/454/373 348/424/346
f 354/430/352 353/429/351 365/444/363
f 365/444/363 380/459/378 354/430/352
f 380/459/378 365/444/363 174/207/174
f 174/207/174 381/460/379 380/459/378
f 377/456/375 380/459/378 381/460/379
f 381/460/379 342/418/340 377/456/375
f 355/431/353 354/430/352 380/459/378
f 380/459/378 377/456/375 355/431/353
f 319/392/317 322/395/320 344/420/342
f 344/420/342 382/461/380 319/392/317
f 344/420/342 343/419/341 383/462/381
f 383/462/381 382/461/380 344/420/342
f 383/462/381 316/389/314 319/392/317
f 319/392/317 382/461/380 383/462/381
f 321/394/319 320/393/318 352/428/350
f 352/428/350 384/463/382 321/394/319
f 384/463/382 352/428/350 355/431/353
f 355/431/353 379/458/377 384/463/382
f 347/423/345 384/463/382 379/458/377
f 379/458/377 348/424/346 347/423/345
f 322/395/320 321/394/319 384/463/382
f 384/463/382 347/423/345 322/395/320
f 386/465/384 152/169/152 358/435/356
f 358/435/356 385/464/383 386/465/384
f 385/464/383 358/435/356 119/122/119
f 119/122/119 122/125/122 385/464/383
f 170/203/170 385/464/383 122/125/122
f 122/125/122 124/130/124 170/203/170
f 76/76/76 386/466/384 385/467/383
f 385/467/383 170/201/170 76/76/76
f 390/471/388 387/468/385 388/469/386
f 388/469/386 389/470/387 390/471/388
f 389/470/387 388/469/386 391/472/389
f 391/472/389 392/473/390 389/470/387
f 394/477/392 389/474/387 392/475/390
f 392/475/390 393/476/391 394/477/392
f 395/479/393 390/478/388 389/474/387
f 389/474/387 394/477/392 395/479/393
f 392/473/390 391/472/389 396/480/394
f 396/480/394 397/481/395 392/473/390
f 397/481/395 396/480/394 398/482/396
f 398/482/396 399/483/397 397/481/395
f 401/487/399 397/484/395 399/485/397
f 399/485/397 400/486/398 401/487/399
f 393/476/391 392/475/390 397/484/395
f 397/484/395 401/487/399 393/476/391
f 399/483/397 398/482/396 402/488/400
f 402/488/400 403/489/401 399/483/397
f 403/489/401 402/488/400 404/490/402
f 404/490/402 405/491/403 403/489/401
f 407/495/405 403/492/401 405/493/403
f 405/493/403 406/494/404 407/495/405
f 400/486/398 399/485/397 403/492/401
f 403/492/401 407/495/405 400/486/398
f 405/499/403 404/496/402 408/497/406
f 408/497/406 409/498/407 405/499/403
f 409/498/407 408/497/406 181/217/181
f 181/217/181 180/216/180 409/498/407
f 410/501/408 409/500/407 180/215/180
f 180/215/180 26/26/26 410/501/408
f 406/494/404 405/493/403 409/500/407
f 409/500/407 410/501/408 406/494/404
f 412/503/410 96/97/96 93/96/93
f 93/96/93 411/502/409 412/503/410
f 411/504/409 93/93/93 92/92/92
f 92/92/92 211/262/211 411/504/409
f 413/505/411 411/504/409 211/262/211
f 211/262/211 210/261/210 413/505/411
f 414/507/412 412/506/410 411/504/409
f 411/504/409 413/505/411 414/507/412
f 417/510/415 362/441/360 415/508/413
f 415/508/413 416/509/414 417/510/415
f 416/509/414 415/508/413 418/511/416
f 418/511/416 419/512/417 416/509/414
f 421/516/419 416/513/414 419/514/417
f 419/514/417 420/515/418 421/516/419
f 422/518/420 417/517/415 416/513/414
f 416/513/414 421/516/419 422/518/420
f 419/522/417 418/519/416 423/520/421
f 423/520/421 424/521/422 419/522/417
f 424/521/422 423/520/421 387/468/385
f 387/468/385 390/471/388 424/521/422
f 425/524/423 424/523/422 390/478/388
f 390/478/388 395/479/393 425/524/423
f 420/515/418 419/514/417 424/523/422
f 424/523/422 425/524/423 420/515/418
f 427/526/425 353/429/351 350/426/348
f 350/426/348 426/525/424 427/526/425
f 426/525/424 350/426/348 320/393/318
f 320/393/318 428/527/426 426/525/424
f 423/520/421 426/528/424 428/529/426
f 428/529/426 387/468/385 423/520/421
f 418/519/416 427/530/425 426/528/424
f 426/528/424 423/520/421 418/519/416
f 361/439/359 157/176/157 363/442/361
f 363/442/361 429/531/427 361/439/359
f 429/531/427 363/442/361 353/429/351
f 353/429/351 427/526/425 429/531/427
f 415/533/413 429/532/427 427/530/425
f 427/530/425 418/519/416 415/533/413
f 362/441/360 361/440/359 429/534/427
f 429/534/427 415/508/413 362/441/360
f 173/206/173 77/77/77 324/397/322
f 324/397/322 430/535/428 173/206/173
f 430/535/428 324/397/322 323/396/321
f 323/396/321 340/416/338 430/535/428
f 381/460/379 430/535/428 340/416/338
f 340/416/338 342/418/340 381/460/379
f 174/207/174 173/206/173 430/535/428
f 430/535/428 381/460/379 174/207/174
f 432/537/430 30/30/30 177/213/177
f 177/213/177 431/536/429 432/537/430
f 431/538/429 177/210/177 176/209/176
f 176/209/176 356/432/354 431/538/429
f 150/167/150 431/538/429 356/432/354
f 356/432/354 151/168/151 150/167/150
f 149/163/149 432/537/430 431/536/429
f 431/536/429 150/164/150 149/163/149
f 434/540/432 327/400/325 372/451/370
f 372/451/370 433/539/431 434/540/432
f 433/539/431 372/451/370 41/41/41
f 41/41/41 337/413/335 433/539/431
f 408/497/406 433/541/431 337/412/335
f 337/412/335 181/217/181 408/497/406
f 404/496/402 434/542/432 433/541/431
f 433/541/431 408/497/406 404/496/402
f 436/544/434 343/419/341 374/453/372
f 374/453/372 435/543/433 436/544/434
f 435/543/433 374/453/372 327/400/325
f 327/400/325 434/540/432 435/543/433
f 402/488/400 435/545/433 434/546/432
f 434/546/432 404/490/402 402/488/400
f 398/482/396 436/547/434 435/545/433
f 435/545/433 402/488/400 398/482/396
f 438/549/436 316/389/314 383/462/381
f 383/462/381 437/548/435 438/549/436
f 437/548/435 383/462/381 343/419/341
f 343/419/341 436/544/434 437/548/435
f 396/480/394 437/550/435 436/547/434
f 436/547/434 398/482/396 396/480/394
f 391/472/389 438/551/436 437/550/435
f 437/550/435 396/480/394 391/472/389
f 428/527/426 320/393/318 317/390/315
f 317/390/315 439/552/437 428/527/426
f 439/552/437 317/390/315 316/389/314
f 316/389/314 438/549/436 439/552/437
f 388/469/386 439/553/437 438/551/436
f 438/551/436 391/472/389 388/469/386
f 387/468/385 428/529/426 439/553/437
f 439/553/437 388/469/386 387/468/385
f 443/557/441 440/554/438 441/555/439
f 441/555/439 442/556/440 443/557/441
f 442/556/440 441/555/439 444/558/442
f 444/558/442 445/559/443 442/556/440
f 446/562/444 442/560/440 445/561/443
f 445/561/443 308/381/306 446/562/444
f 447/564/445 443/557/441 442/556/440
f 442/556/440 446/563/444 447/564/445
f 449/566/447 16/16/16 15/15/15
f 15/15/15 448/565/446 449/566/447
f 448/565/446 15/15/15 14/14/14
f 14/14/14 199/248/199 448/565/446
f 450/567/448 448/565/446 199/248/199
f 199/248/199 87/247/87 450/567/448
f 231/568/231 449/566/447 448/565/446
f 448/565/446 450/567/448 231/568/231
f 82/82/82 81/81/81 153/175/153
f 153/175/153 451/569/449 82/82/82
f 153/170/153 152/169/152 386/465/384
f 386/465/384 451/570/449 153/170/153
f 386/466/384 76/76/76 82/82/82
f 82/82/82 451/569/449 386/466/384
f 455/574/453 452/571/450 453/572/451
f 453/572/451 454/573/452 455/574/453
f 454/578/452 453/575/451 456/576/454
f 456/576/454 457/577/455 454/578/452
f 441/555/439 454/573/452 457/579/455
f 457/579/455 444/558/442 441/555/439
f 440/554/438 455/574/453 454/573/452
f 454/573/452 441/555/439 440/554/438
f 461/583/459 458/580/456 459/581/457
f 459/581/457 460/582/458 461/583/459
f 460/587/458 459/584/457 295/585/293
f 295/585/293 462/586/460 460/587/458
f 453/575/451 460/587/458 462/586/460
f 462/586/460 456/576/454 453/575/451
f 452/571/450 461/583/459 460/582/458
f 460/582/458 453/572/451 452/571/450
f 464/589/462 414/507/412 413/505/411
f 413/505/411 463/588/461 464/589/462
f 463/588/461 413/505/411 210/261/210
f 210/261/210 291/362/289 463/588/461
f 459/590/457 463/588/461 291/362/289
f 291/362/289 295/366/293 459/590/457
f 458/580/456 464/591/462 463/592/461
f 463/592/461 459/581/457 458/580/456
f 468/596/466 465/593/463 466/594/464
f 466/594/464 467/595/465 468/596/466
f 467/595/465 466/594/464 315/597/313
f 315/597/313 469/598/467 467/595/465
f 90/90/90 467/595/465 469/598/467
f 469/598/467 91/91/91 90/90/90
f 89/89/89 468/596/466 467/595/465
f 467/595/465 90/90/90 89/89/89
f 471/600/469 447/564/445 446/563/444
f 446/563/444 470/599/468 471/600/469
f 470/601/468 446/562/444 308/381/306
f 308/381/306 311/384/309 470/601/468
f 466/602/464 470/601/468 311/384/309
f 311/384/309 315/388/313 466/602/464
f 465/604/463 471/600/469 470/599/468
f 470/599/468 466/603/464 465/604/463
f 475/608/473 472/605/470 473/606/471
f 473/606/471 474/607/472 475/608/473
f 474/607/472 473/606/471 476/609/474
f 476/609/474 477/610/475 474/607/472
f 282/353/281 474/607/472 477/610/475
f 477/610/475 285/356/281 282/353/281
f 281/352/280 475/608/473 474/607/472
f 474/607/472 282/353/281 281/352/280
f 40/40/40 39/39/39 304/377/302
f 304/377/302 478/611/476 40/40/40
f 304/377/302 303/376/301 336/409/334
f 336/409/334 478/611/476 304/377/302
f 336/409/334 41/41/41 40/40/40
f 40/40/40 478/611/476 336/409/334
f 469/598/467 315/597/313 314/612/312
f 314/612/312 479/613/477 469/598/467
f 479/613/477 314/612/312 313/614/311
f 313/614/311 480/615/478 479/613/477
f 482/617/480 479/613/477 480/615/478
f 480/615/478 481/616/479 482/617/480
f 91/91/91 469/598/467 479/613/477
f 479/613/477 482/617/480 91/91/91
f 485/621/483 293/618/291 483/619/481
f 483/619/481 484/620/482 485/621/483
f 484/620/482 483/619/481 486/622/484
f 486/622/484 487/623/485 484/620/482
f 473/606/471 484/620/482 487/623/485
f 487/623/485 476/609/474 473/606/471
f 472/605/470 485/621/483 484/620/482
f 484/620/482 473/606/471 472/605/470
f 292/363/290 208/259/208 488/624/486
f 488/624/486 489/625/487 292/363/290
f 489/625/487 488/624/486 490/626/488
f 490/626/488 491/627/489 489/625/487
f 483/629/481 489/625/487 491/627/489
f 491/627/489 486/628/484 483/629/481
f 293/364/291 292/363/290 489/625/487
f 489/625/487 483/629/481 293/364/291
f 480/615/478 313/614/311 492/630/490
f 492/630/490 493/631/491 480/615/478
f 493/631/491 492/630/490 494/632/492
f 494/632/492 495/633/493 493/631/491
f 497/635/495 493/631/491 495/633/493
f 495/633/493 496/634/494 497/635/495
f 481/616/479 480/615/478 493/631/491
f 493/631/491 497/635/495 481/616/479
f 312/385/310 289/360/287 288/359/286
f 288/359/286 498/636/496 312/385/310
f 498/636/496 288/359/286 287/358/285
f 287/358/285 499/637/497 498/636/496
f 492/639/490 498/636/496 499/637/497
f 499/637/497 494/638/492 492/639/490
f 313/386/311 312/385/310 498/636/496
f 498/636/496 492/639/490 313/386/311
f 302/375/300 266/334/265 500/640/498
f 500/640/498 501/641/499 302/375/300
f 501/641/499 500/640/498 204/255/204
f 204/255/204 207/258/207 501/641/499
f 95/95/95 501/641/499 207/258/207
f 207/258/207 92/92/92 95/95/95
f 100/103/100 302/375/300 501/641/499
f 501/641/499 95/95/95 100/103/100
f 238/301/238 235/296/235 502/642/500
f 502/642/500 503/643/501 238/301/238
f 503/643/501 502/642/500 274/342/273
f 274/342/273 276/344/275 503/643/501
f 504/645/502 503/644/501 276/350/275
f 276/350/275 280/351/279 504/645/502
f 196/243/196 238/303/238 503/644/501
f 503/644/501 504/645/502 196/243/196
f 457/577/455 456/576/454 505/646/503
f 505/646/503 506/647/504 457/577/455
f 506/647/504 505/646/503 472/605/470
f 472/605/470 475/608/473 506/647/504
f 507/648/505 506/647/504 475/608/473
f 475/608/473 281/352/280 507/648/505
f 444/649/442 457/577/455 506/647/504
f 506/647/504 507/648/505 444/649/442
f 445/561/443 444/649/442 507/648/505
f 507/648/505 508/650/506 445/561/443
f 508/650/506 507/648/505 281/352/280
f 281/352/280 284/355/283 508/650/506
f 309/382/307 508/650/506 284/355/283
f 284/355/283 289/360/287 309/382/307
f 308/381/306 445/561/443 508/650/506
f 508/650/506 309/382/307 308/381/306
f 497/635/495 496/634/494 509/651/507
f 509/651/507 510/652/508 497/635/495
f 510/652/508 509/651/507 511/653/509
f 511/653/509 512/654/509 510/652/508
f 513/655/510 510/652/508 512/654/509
f 512/654/509 254/319/253 513/655/510
f 481/616/479 497/635/495 510/652/508
f 510/652/508 513/655/510 481/616/479
f 234/295/234 233/294/233 249/314/248
f 249/314/248 514/656/511 234/295/234
f 514/656/511 249/314/248 248/313/247
f 248/313/247 269/337/268 514/656/511
f 502/642/500 514/656/511 269/337/268
f 269/337/268 274/342/273 502/642/500
f 235/296/235 234/295/234 514/656/511
f 514/656/511 502/642/500 235/296/235
f 518/660/512 515/657/512 516/658/513
f 516/658/513 517/659/514 518/660/512
f 517/659/514 516/658/513 490/626/488
f 490/626/488 488/624/486 517/659/514
f 205/256/205 517/659/514 488/624/486
f 488/624/486 208/259/208 205/256/205
f 204/255/204 518/660/512 517/659/514
f 517/659/514 205/256/205 204/255/204
f 462/586/460 295/585/293 294/661/292
f 294/661/292 519/662/515 462/586/460
f 519/662/515 294/661/292 293/618/291
f 293/618/291 485/621/483 519/662/515
f 505/646/503 519/662/515 485/621/483
f 485/621/483 472/605/470 505/646/503
f 456/576/454 462/586/460 519/662/515
f 519/662/515 505/646/503 456/576/454
f 521/664/517 515/657/512 518/660/512
f 518/660/512 520/663/516 521/664/517
f 520/663/516 518/660/512 204/255/204
f 204/255/204 500/640/498 520/663/516
f 265/332/264 520/663/516 500/640/498
f 500/640/498 266/334/265 265/332/264
f 264/331/263 521/664/517 520/663/516
f 520/663/516 265/332/264 264/331/263
f 432/537/430 149/163/149 522/665/518
f 522/665/518 523/666/519 432/537/430
f 523/666/519 522/665/518 524/667/520
f 524/667/520 525/668/521 523/666/519
f 31/31/31 523/666/519 525/668/521
f 525/668/521 32/32/32 31/31/31
f 30/30/30 432/537/430 523/666/519
f 523/666/519 31/31/31 30/30/30
f 197/244/197 196/243/196 504/645/502
f 504/645/502 526/669/522 197/244/197
f 526/669/522 504/645/502 280/351/279
f 280/351/279 527/670/523 526/669/522
f 296/368/294 526/669/522 527/670/523
f 527/670/523 239/304/239 296/368/294
f 198/367/198 197/244/197 526/669/522
f 526/669/522 296/368/294 198/367/198
f 525/668/521 524/667/520 528/671/524
f 528/671/524 529/672/525 525/668/521
f 529/672/525 528/671/524 98/100/98
f 98/100/98 97/98/97 529/672/525
f 530/673/526 529/672/525 97/98/97
f 97/98/97 96/97/96 530/673/526
f 32/32/32 525/668/521 529/672/525
f 529/672/525 530/673/526 32/32/32
f 62/62/62 61/61/61 338/414/336
f 338/414/336 531/674/527 62/62/62
f 531/674/527 338/414/336 323/396/321
f 323/396/321 326/399/324 531/674/527
f 112/115/112 531/674/527 326/399/324
f 326/399/324 113/116/113 112/115/112
f 63/63/63 62/62/62 531/674/527
f 531/674/527 112/115/112 63/63/63
f 513/655/510 254/319/253 253/318/252
f 253/318/252 532/675/528 513/655/510
f 532/675/528 253/318/252 83/83/83
f 83/83/83 86/86/86 532/675/528
f 482/617/480 532/675/528 86/86/86
f 86/86/86 91/91/91 482/617/480
f 481/616/479 513/655/510 532/675/528
f 532/675/528 482/617/480 481/616/479
f 450/677/448 87/87/87 84/84/84
f 84/84/84 533/676/529 450/677/448
f 533/676/529 84/84/84 83/83/83
f 83/83/83 252/317/251 533/676/529
f 232/293/232 533/676/529 252/317/251
f 252/317/251 233/294/233 232/293/232
f 231/292/231 450/677/448 533/676/529
f 533/676/529 232/293/232 231/292/231
f 527/670/523 280/351/279 279/349/278
f 279/349/278 534/678/530 527/670/523
f 534/678/530 279/349/278 278/348/277
f 278/348/277 535/679/531 534/678/530
f 240/305/240 534/678/530 535/679/531
f 535/679/531 243/308/240 240/305/240
f 239/304/239 527/670/523 534/678/530
f 534/678/530 240/305/240 239/304/239
f 539/683/535 536/680/532 537/681/533
f 537/681/533 538/682/534 539/683/535
f 538/682/534 537/681/533 447/564/445
f 447/564/445 471/600/469 538/682/534
f 540/684/536 538/682/534 471/600/469
f 471/600/469 465/604/463 540/684/536
f 541/685/537 539/683/535 538/682/534
f 538/682/534 540/684/536 541/685/537
f 543/687/539 541/685/537 540/684/536
f 540/684/536 542/686/538 543/687/539
f 542/686/538 540/684/536 465/604/463
f 465/604/463 468/688/466 542/686/538
f 203/253/203 542/686/538 468/688/466
f 468/688/466 89/254/89 203/253/203
f 202/252/202 543/687/539 542/686/538
f 542/686/538 203/253/203 202/252/202
f 546/691/542 34/34/34 544/689/540
f 544/689/540 545/690/541 546/691/542
f 545/690/541 544/689/540 414/692/412
f 414/692/412 464/591/462 545/690/541
f 547/693/543 545/690/541 464/591/462
f 464/591/462 458/580/456 547/693/543
f 548/694/544 546/691/542 545/690/541
f 545/690/541 547/693/543 548/694/544
f 550/696/546 548/694/544 547/693/543
f 547/693/543 549/695/545 550/696/546
f 549/695/545 547/693/543 458/580/456
f 458/580/456 461/583/459 549/695/545
f 551/697/547 549/695/545 461/583/459
f 461/583/459 452/571/450 551/697/547
f 552/698/548 550/696/546 549/695/545
f 549/695/545 551/697/547 552/698/548
f 554/700/550 552/698/548 551/697/547
f 551/697/547 553/699/549 554/700/550
f 553/699/549 551/697/547 452/571/450
f 452/571/450 455/574/453 553/699/549
f 555/701/551 553/699/549 455/574/453
f 455/574/453 440/554/438 555/701/551
f 556/702/552 554/700/550 553/699/549
f 553/699/549 555/701/551 556/702/552
f 558/704/554 556/702/552 555/701/551
f 555/701/551 557/703/553 558/704/554
f 557/703/553 555/701/551 440/554/438
f 440/554/438 443/557/441 557/703/553
f 537/681/533 557/703/553 443/557/441
f 443/557/441 447/564/445 537/681/533
f 536/680/532 558/704/554 557/703/553
f 557/703/553 537/681/533 536/680/532
f 562/708/558 559/705/555 560/706/556
f 560/706/556 561/707/557 562/708/558
f 561/707/557 560/706/556 563/709/559
f 563/709/559 564/710/560 561/707/557
f 236/297/236 561/707/557 564/710/560
f 564/710/560 227/711/227 236/297/236
f 194/239/194 562/708/558 561/707/557
f 561/707/557 236/297/236 194/239/194
f 564/710/560 563/709/559 565/712/561
f 565/712/561 566/713/562 564/710/560
f 566/713/562 565/712/561 16/16/16
f 16/16/16 449/566/447 566/713/562
f 228/714/228 566/713/562 449/566/447
f 449/566/447 231/568/231 228/714/228
f 227/711/227 564/710/560 566/713/562
f 566/713/562 228/714/228 227/711/227
f 528/671/524 524/667/520 567/715/563
f 567/715/563 568/716/564 528/671/524
f 568/716/564 567/715/563 569/717/565
f 569/717/565 570/718/566 568/716/564
f 224/283/224 568/716/564 570/718/566
f 570/718/566 218/272/218 224/283/224
f 98/100/98 528/671/524 568/716/564
f 568/716/564 224/283/224 98/100/98
f 570/718/566 569/717/565 571/719/567
f 571/719/567 572/720/568 570/718/566
f 572/720/568 571/719/567 573/721/569
f 573/721/569 574/722/570 572/720/568
f 219/273/219 572/720/568 574/722/570
f 574/722/570 212/263/212 219/273/219
f 218/272/218 570/718/566 572/720/568
f 572/720/568 219/273/219 218/272/218
f 574/722/570 573/721/569 575/723/571
f 575/723/571 576/724/572 574/722/570
f 576/724/572 575/723/571 577/725/573
f 577/725/573 578/726/574 576/724/572
f 213/264/213 576/724/572 578/726/574
f 578/726/574 190/235/190 213/264/213
f 212/263/212 574/722/570 576/724/572
f 576/724/572 213/264/213 212/263/212
f 544/689/540 34/34/34 33/33/33
f 33/33/33 579/727/575 544/689/540
f 579/727/575 33/33/33 32/32/32
f 32/32/32 530/673/526 579/727/575
f 412/503/410 579/727/575 530/673/526
f 530/673/526 96/97/96 412/503/410
f 414/692/412 544/689/540 579/727/575
f 579/727/575 412/503/410 414/692/412
f 581/729/577 202/252/202 201/251/201
f 201/251/201 580/728/576 581/729/577
f 580/728/576 201/251/201 14/14/14
f 14/14/14 13/13/13 580/728/576
f 582/730/578 580/728/576 13/13/13
f 13/13/13 12/12/12 582/730/578
f 422/518/420 581/729/577 580/728/576
f 580/728/576 582/730/578 422/518/420
f 578/726/574 577/725/573 583/731/579
f 583/731/579 584/732/580 578/726/574
f 584/732/580 583/731/579 559/705/555
f 559/705/555 562/708/558 584/732/580
f 191/236/191 584/732/580 562/708/558
f 562/708/558 194/239/194 191/236/191
f 190/235/190 578/726/574 584/732/580
f 584/732/580 191/236/191 190/235/190
f 586/734/582 131/139/131 130/137/130
f 130/137/130 585/733/581 586/734/582
f 585/733/581 130/137/130 129/136/129
f 129/136/129 587/735/583 585/733/581
f 583/731/579 585/733/581 587/735/583
f 587/735/583 559/705/555 583/731/579
f 577/725/573 586/734/582 585/733/581
f 585/733/581 583/731/579 577/725/573
f 582/737/578 12/126/12 120/123/120
f 120/123/120 588/736/584 582/737/578
f 588/736/584 120/123/120 119/122/119
f 119/122/119 360/437/358 588/736/584
f 417/510/415 588/736/584 360/437/358
f 360/437/358 362/441/360 417/510/415
f 422/738/420 582/737/578 588/736/584
f 588/736/584 417/510/415 422/738/420
f 590/740/586 137/147/137 136/145/136
f 136/145/136 589/739/585 590/740/586
f 589/739/585 136/145/136 131/139/131
f 131/139/131 586/734/582 589/739/585
f 575/723/571 589/739/585 586/734/582
f 586/734/582 577/725/573 575/723/571
f 573/721/569 590/740/586 589/739/585
f 589/739/585 575/723/571 573/721/569
f 592/742/588 143/155/143 142/153/142
f 142/153/142 591/741/587 592/742/588
f 591/741/587 142/153/142 137/147/137
f 137/147/137 590/740/586 591/741/587
f 571/719/567 591/741/587 590/740/586
f 590/740/586 573/721/569 571/719/567
f 569/717/565 592/742/588 591/741/587
f 591/741/587 571/719/567 569/717/565
f 522/665/518 149/163/149 148/161/148
f 148/161/148 593/743/589 522/665/518
f 593/743/589 148/161/148 143/155/143
f 143/155/143 592/742/588 593/743/589
f 567/715/563 593/743/589 592/742/588
f 592/742/588 569/717/565 567/715/563
f 524/667/520 522/665/518 593/743/589
f 593/743/589 567/715/563 524/667/520
f 595/745/591 161/183/161 160/182/160
f 160/182/160 594/744/590 595/745/591
f 594/744/590 160/182/160 8/8/8
f 8/8/8 11/11/11 594/744/590
f 565/712/561 594/744/590 11/11/11
f 11/11/11 16/16/16 565/712/561
f 563/709/559 595/745/591 594/744/590
f 594/744/590 565/712/561 563/709/559
f 587/735/583 129/136/129 166/189/166
f 166/189/166 596/746/592 587/735/583
f 596/746/592 166/189/166 161/183/161
f 161/183/161 595/745/591 596/746/592
f 560/706/556 596/746/592 595/745/591
f 595/745/591 563/709/559 560/706/556
f 559/705/555 587/735/583 596/746/592
f 596/746/592 560/706/556 559/705/555
f 394/477/392 393/476/391 597/747/593
f 597/747/593 598/748/594 394/477/392
f 598/748/594 597/747/593 556/702/552
f 556/702/552 558/704/554 598/748/594
f 599/749/595 598/748/594 558/704/554
f 558/704/554 536/680/532 599/749/595
f 395/479/393 394/477/392 598/748/594
f 598/748/594 599/749/595 395/479/393
f 401/487/399 400/486/398 600/750/596
f 600/750/596 601/751/597 401/487/399
f 601/751/597 600/750/596 552/698/548
f 552/698/548 554/700/550 601/751/597
f 597/747/593 601/751/597 554/700/550
f 554/700/550 556/702/552 597/747/593
f 393/476/391 401/487/399 601/751/597
f 601/751/597 597/747/593 393/476/391
f 407/495/405 406/494/404 602/752/598
f 602/752/598 603/753/599 407/495/405
f 603/753/599 602/752/598 548/694/544
f 548/694/544 550/696/546 603/753/599
f 600/750/596 603/753/599 550/696/546
f 550/696/546 552/698/548 600/750/596
f 400/486/398 407/495/405 603/753/599
f 603/753/599 600/750/596 400/486/398
f 410/501/408 26/26/26 29/29/29
f 29/29/29 604/754/600 410/501/408
f 604/754/600 29/29/29 34/34/34
f 34/34/34 546/691/542 604/754/600
f 602/752/598 604/754/600 546/691/542
f 546/691/542 548/694/544 602/752/598
f 406/494/404 410/501/408 604/754/600
f 604/754/600 602/752/598 406/494/404
f 421/516/419 420/515/418 605/755/601
f 605/755/601 606/756/602 421/516/419
f 606/756/602 605/755/601 541/685/537
f 541/685/537 543/687/539 606/756/602
f 581/729/577 606/756/602 543/687/539
f 543/687/539 202/252/202 581/729/577
f 422/518/420 421/516/419 606/756/602
f 606/756/602 581/729/577 422/518/420
f 425/524/423 395/479/393 599/749/595
f 599/749/595 607/757/603 425/524/423
f 607/757/603 599/749/595 536/680/532
f 536/680/532 539/683/535 607/757/603
f 605/755/601 607/757/603 539/683/535
f 539/683/535 541/685/537 605/755/601
f 420/515/418 425/524/423 607/757/603
f 607/757/603 605/755/601 420/515/418
f 267/335/266 248/313/247 251/316/250
f 251/316/250 608/758/604 267/335/266
f 608/758/604 251/316/250 254/319/253
f 254/319/253 512/654/509 608/758/604
f 609/759/605 608/758/604 512/654/509
f 512/654/509 511/653/509 609/759/605
f 270/338/269 267/335/266 608/758/604
f 608/758/604 609/759/605 270/338/269

# Mesh
g Circle.001
usemtl DefaultMaterial
f 613/763/609 610/760/606 611/761/607
f 611/761/607 612/762/608 613/763/609
f 617/767/613 614/764/610 615/765/611
f 615/765/611 616/766/612 617/767/613
f 621/771/617 618/768/614 619/769/615
f 619/769/615 620/770/616 621/771/617
f 625/775/621 622/772/618 623/773/619
f 623/773/619 624/774/620 625/775/621
f 629/779/625 626/776/622 627/777/623
f 627/777/623 628/778/624 629/779/625
f 633/783/629 630/780/626 631/781/627
f 631/781/627 632/782/628 633/783/629
f 627/777/623 626/776/622 634/784/630
f 634/784/630 635/785/631 627/777/623
f 639/789/635 636/786/632 637/787/633
f 637/787/633 638/788/634 639/789/635
f 623/773/619 622/772/618 640/790/636
f 640/790/636 641/791/637 623/773/619
f 631/781/627 630/780/626 642/792/638
f 642/792/638 643/793/639 631/781/627
f 635/785/631 634/784/630 644/794/640
f 644/794/640 645/795/641 635/785/631
f 647/797/643 646/796/642 625/775/621
f 625/775/621 624/774/620 647/797/643
f 637/787/633 636/786/632 648/798/644
f 648/798/644 649/799/645 637/787/633
f 641/801/637 640/800/636 621/771/617
f 621/771/617 620/770/616 641/801/637
f 643/803/639 642/802/638 646/796/642
f 646/796/642 647/797/643 643/803/639
f 645/805/641 644/804/640 633/783/629
f 633/783/629 632/782/628 645/805/641
f 663/821/646 650/806/646 651/807/646
f 663/821/646 651/807/646 652/808/646
f 663/821/646 652/808/646 653/809/646
f 663/821/646 653/809/646 614/810/646
f 663/821/646 614/810/646 615/811/646
f 663/821/646 615/811/646 654/812/646
f 663/821/646 654/812/646 655/813/646
f 663/821/646 655/813/646 656/814/646
f 663/821/646 656/814/646 657/815/646
f 663/821/646 657/815/646 658/816/646
f 663/821/646 658/816/646 659/817/646
f 663/821/646 659/817/646 660/818/646
f 663/821/646 660/818/646 661/819/646
f 661/819/646 662/820/646 663/821/646
f 665/825/650 641/822/647 620/823/648
f 620/823/648 664/824/649 665/825/650
f 669/829/654 666/826/651 667/827/652
f 667/827/652 668/828/653 669/829/654
f 673/833/658 670/830/655 671/831/656
f 671/831/656 672/832/657 673/833/658
f 677/837/662 674/834/659 675/835/660
f 675/835/660 676/836/661 677/837/662
f 681/841/666 678/838/663 679/839/664
f 679/839/664 680/840/665 681/841/666
f 685/845/670 682/842/667 683/843/668
f 683/843/668 684/844/669 685/845/670
f 689/849/674 686/846/671 687/847/672
f 687/847/672 688/848/673 689/849/674
f 693/853/678 690/850/675 691/851/676
f 691/851/676 692/852/677 693/853/678
f 695/857/680 694/854/679 666/855/651
f 666/855/651 669/856/654 695/857/680
f 699/861/684 696/858/681 697/859/682
f 697/859/682 698/860/683 699/861/684
f 702/865/688 700/862/685 678/863/686
f 678/863/686 701/864/687 702/865/688
f 706/869/692 703/866/689 704/867/690
f 704/867/690 705/868/691 706/869/692
f 674/873/696 707/870/693 708/871/694
f 708/871/694 675/872/695 674/873/696
f 712/877/700 709/874/697 710/875/698
f 710/875/698 711/876/699 712/877/700
f 678/863/686 700/862/685 713/878/701
f 713/878/701 679/879/702 678/863/686
f 717/883/706 714/880/703 715/881/704
f 715/881/704 716/882/705 717/883/706
f 720/887/710 718/884/707 719/885/708
f 719/885/708 709/886/709 720/887/710
f 724/891/714 721/888/711 722/889/712
f 722/889/712 723/890/713 724/891/714
f 728/895/718 725/892/715 726/893/716
f 726/893/716 727/894/717 728/895/718
f 731/898/722 729/896/719 677/837/720
f 677/837/720 730/897/721 731/898/722
f 733/900/726 732/899/723 703/866/724
f 703/866/724 706/869/725 733/900/726
f 735/904/728 734/901/727 682/902/667
f 682/902/667 685/903/670 735/904/728
f 738/907/732 736/905/729 737/906/730
f 737/906/730 702/865/731 738/907/732
f 700/911/736 739/908/733 740/909/734
f 740/909/734 713/910/735 700/911/736
f 666/855/740 652/912/737 653/913/738
f 653/913/738 667/914/739 666/855/740
f 714/918/744 741/915/741 742/916/742
f 742/916/742 715/917/743 714/918/744
f 744/922/748 661/919/745 662/920/746
f 662/920/746 743/921/747 744/922/748
f 690/850/752 745/923/749 746/924/750
f 746/924/750 691/851/751 690/850/752
f 750/928/756 747/925/753 748/926/754
f 748/926/754 749/927/755 750/928/756
f 696/858/760 751/929/757 752/930/758
f 752/930/758 697/859/759 696/858/760
f 705/868/764 704/867/761 739/931/762
f 739/931/762 737/906/763 705/868/764
f 755/935/768 753/932/765 717/933/766
f 717/933/766 754/934/767 755/935/768
f 759/939/772 756/936/769 757/937/770
f 757/937/770 758/938/771 759/939/772
f 763/943/776 760/940/773 761/941/774
f 761/941/774 762/942/775 763/943/776
f 741/947/780 764/944/777 765/945/778
f 765/945/778 742/946/779 741/947/780
f 707/950/784 698/860/781 766/948/782
f 766/948/782 708/949/783 707/950/784
f 634/953/788 767/951/785 768/952/786
f 768/952/786 644/804/787 634/953/788
f 772/957/792 769/954/789 770/955/790
f 770/955/790 771/956/791 772/957/792
f 725/892/796 773/958/793 774/959/794
f 774/959/794 726/893/795 725/892/796
f 776/961/798 775/960/797 707/950/693
f 707/950/693 674/834/696 776/961/798
f 778/963/802 777/962/799 732/899/800
f 732/899/800 733/900/801 778/963/802
f 734/901/806 779/964/803 780/965/804
f 780/965/804 682/902/805 734/901/806
f 736/905/808 781/966/807 705/868/764
f 705/868/764 737/906/763 736/905/808
f 785/970/812 782/967/809 783/968/810
f 783/968/810 784/969/811 785/970/812
f 742/946/779 765/945/778 786/971/813
f 786/971/813 787/972/814 742/946/779
f 767/976/818 788/973/815 789/974/816
f 789/974/816 768/975/817 767/976/818
f 739/931/762 704/867/761 790/977/819
f 790/977/819 740/978/820 739/931/762
f 769/954/824 791/979/821 792/980/822
f 792/980/822 770/955/823 769/954/824
f 796/984/828 793/981/825 794/982/826
f 794/982/826 795/983/827 796/984/828
f 751/929/832 797/985/829 798/986/830
f 798/986/830 752/930/831 751/929/832
f 701/864/834 678/863/663 681/987/666
f 681/987/666 757/937/833 701/864/834
f 753/932/836 799/988/835 714/918/703
f 714/918/703 717/933/706 753/932/836
f 800/989/838 738/907/837 702/865/688
f 702/865/688 701/864/687 800/989/838
f 760/940/842 801/990/839 802/991/840
f 802/991/840 761/941/841 760/940/842
f 716/882/705 715/881/704 803/992/843
f 803/992/843 804/993/844 716/882/705
f 789/997/848 805/994/845 806/995/846
f 806/995/846 807/996/847 789/997/848
f 791/979/852 711/876/849 808/998/850
f 808/998/850 792/980/851 791/979/852
f 764/1002/856 809/999/853 810/1000/854
f 810/1000/854 765/1001/855 764/1002/856
f 793/981/860 811/1003/857 812/1004/858
f 812/1004/858 794/982/859 793/981/860
f 816/1008/864 813/1005/861 814/1006/862
f 814/1006/862 815/1007/863 816/1008/864
f 612/762/868 611/761/865 777/962/866
f 777/962/866 778/963/867 612/762/868
f 818/1010/872 735/904/869 685/903/870
f 685/903/870 817/1009/871 818/1010/872
f 781/966/874 819/1011/873 706/869/692
f 706/869/692 705/868/691 781/966/874
f 782/967/878 763/943/875 762/942/876
f 762/942/876 783/968/877 782/967/878
f 765/945/855 810/1012/854 820/1013/879
f 820/1013/879 786/971/880 765/945/855
f 743/921/747 662/920/746 663/1014/881
f 663/1014/881 821/1015/882 743/921/747
f 812/1017/884 822/1016/883 745/923/749
f 745/923/749 690/850/752 812/1017/884
f 811/1003/886 823/1018/885 822/1019/883
f 822/1019/883 812/1004/884 811/1003/886
f 788/1021/888 824/1020/887 805/994/845
f 805/994/845 789/997/848 788/1021/888
f 813/1005/892 825/1022/889 826/1023/890
f 826/1023/890 814/1006/891 813/1005/892
f 828/1025/896 827/1024/893 610/760/894
f 610/760/894 613/763/895 828/1025/896
f 799/988/898 829/1026/897 741/915/741
f 741/915/741 714/918/744 799/988/898
f 831/1028/902 759/939/899 758/938/900
f 758/938/900 830/1027/901 831/1028/902
f 801/990/906 832/1029/903 833/1030/904
f 833/1030/904 802/991/905 801/990/906
f 837/1034/910 834/1031/907 835/1032/908
f 835/1032/908 836/1033/909 837/1034/910
f 805/994/914 838/1035/911 839/1036/912
f 839/1036/912 806/995/913 805/994/914
f 795/1038/827 794/1037/826 693/853/915
f 693/853/915 721/888/916 795/1038/827
f 826/1023/920 840/1039/917 841/1040/918
f 841/1040/918 842/1041/919 826/1023/920
f 825/1022/922 843/1042/921 840/1039/917
f 840/1039/917 826/1023/920 825/1022/922
f 711/876/699 710/875/698 844/1043/923
f 844/1043/923 808/998/924 711/876/699
f 846/1045/928 845/1044/925 827/1024/926
f 827/1024/926 828/1025/927 846/1045/928
f 848/1047/930 847/1046/929 809/999/853
f 809/999/853 764/1002/856 848/1047/930
f 819/1011/932 849/1048/931 733/900/726
f 733/900/726 706/869/725 819/1011/932
f 790/1050/936 785/970/933 784/969/934
f 784/969/934 850/1049/935 790/1050/936
f 810/1012/940 659/1051/937 660/1052/938
f 660/1052/938 820/1013/939 810/1012/940
f 768/952/817 789/997/816 807/996/941
f 807/996/941 851/1053/942 768/952/817
f 822/1019/946 852/1054/943 853/1055/944
f 853/1055/944 745/1056/945 822/1019/946
f 815/1007/863 814/1006/862 854/1057/947
f 854/1057/947 855/1058/948 815/1007/863
f 845/1044/952 856/1059/949 857/1060/950
f 857/1060/950 858/1061/951 845/1044/952
f 859/1062/954 856/1059/949 845/1044/952
f 845/1044/952 846/1045/953 859/1062/954
f 823/1018/956 860/1063/955 852/1054/943
f 852/1054/943 822/1019/946 823/1018/956
f 847/1046/960 657/1064/957 658/1065/958
f 658/1065/958 809/999/959 847/1046/960
f 849/1048/962 861/1066/961 778/963/802
f 778/963/802 733/900/801 849/1048/962
f 832/1029/966 858/1067/963 862/1068/964
f 862/1068/964 833/1030/965 832/1029/966
f 715/881/743 742/946/742 787/972/967
f 787/972/967 803/992/968 715/881/743
f 838/1035/972 863/1069/969 864/1070/970
f 864/1070/970 839/1036/971 838/1035/972
f 794/982/859 812/1004/858 690/1071/675
f 690/1071/675 693/1072/678 794/982/859
f 840/1076/976 865/1073/973 866/1074/974
f 866/1074/974 841/1075/975 840/1076/976
f 610/760/894 827/1024/893 832/1077/903
f 832/1077/903 801/1078/906 610/760/894
f 870/1082/980 867/1079/977 868/1080/978
f 868/1080/978 869/1081/979 870/1082/980
f 871/1083/984 870/1082/981 636/786/982
f 636/786/982 639/789/983 871/1083/984
f 843/1042/986 872/1084/985 865/1085/973
f 865/1085/973 840/1039/976 843/1042/986
f 861/1066/988 873/1086/987 612/762/868
f 612/762/868 778/963/867 861/1066/988
f 858/1067/951 857/1087/950 874/1088/989
f 874/1088/989 862/1068/990 858/1067/951
f 648/1091/994 869/1089/991 875/1090/992
f 875/1090/992 629/779/993 648/1091/994
f 877/1095/998 743/1092/995 821/1093/996
f 821/1093/996 876/1094/997 877/1095/998
f 852/1099/1002 878/1096/999 879/1097/1000
f 879/1097/1000 853/1098/1001 852/1099/1002
f 814/1103/891 826/1100/890 842/1101/1003
f 842/1101/1003 854/1102/1004 814/1103/891
f 856/1106/1008 880/1104/1005 881/1105/1006
f 881/1105/1006 857/1087/1007 856/1106/1008
f 821/1093/882 663/1107/881 650/1108/1009
f 650/1108/1009 882/1109/1010 821/1093/882
f 682/902/805 780/965/804 837/1110/1011
f 837/1110/1011 683/1111/1012 682/902/805
f 873/1086/1014 883/1112/1013 613/763/609
f 613/763/609 612/762/608 873/1086/1014
f 884/1114/1016 880/1113/1005 856/1059/1008
f 856/1059/1008 859/1062/1015 884/1114/1016
f 857/1087/1007 881/1105/1006 885/1115/1017
f 885/1115/1017 874/1088/1018 857/1087/1007
f 869/1089/979 868/1116/978 886/1117/1019
f 886/1117/1019 875/1090/1020 869/1089/979
f 863/1069/1024 887/1118/1021 888/1119/1022
f 888/1119/1022 864/1070/1023 863/1069/1024
f 889/1122/1026 795/983/1025 721/1120/711
f 721/1120/711 724/1121/714 889/1122/1026
f 865/1085/1030 890/1123/1027 891/1124/1028
f 891/1124/1028 866/1125/1029 865/1085/1030
f 827/1127/926 845/1126/925 858/1067/963
f 858/1067/963 832/1029/966 827/1127/926
f 867/1130/1034 892/1128/1031 893/1129/1032
f 893/1129/1032 868/1116/1033 867/1130/1034
f 686/1134/1038 894/1131/1035 673/1132/1036
f 673/1132/1036 687/1133/1037 686/1134/1038
f 718/884/1042 895/1135/1039 896/1136/1040
f 896/1136/1040 719/885/1041 718/884/1042
f 881/1105/1046 897/1137/1043 898/1138/1044
f 898/1138/1044 885/1115/1045 881/1105/1046
f 899/1139/1048 867/1079/977 870/1082/980
f 870/1082/980 871/1083/1047 899/1139/1048
f 868/1116/1033 893/1129/1032 900/1140/1049
f 900/1140/1049 886/1117/1050 868/1116/1033
f 887/1118/1054 901/1141/1051 902/1142/1052
f 902/1142/1052 888/1119/1053 887/1118/1054
f 878/1146/1058 903/1143/1055 904/1144/1056
f 904/1144/1056 879/1145/1057 878/1146/1058
f 906/1150/1062 815/1147/1059 855/1148/1060
f 855/1148/1060 905/1149/1061 906/1150/1062
f 880/1113/1064 907/1151/1063 897/1152/1043
f 897/1152/1043 881/1153/1046 880/1113/1064
f 911/1157/1068 908/1154/1065 909/1155/1066
f 909/1155/1066 910/1156/1067 911/1157/1068
f 780/1159/1070 754/1158/1069 834/1031/907
f 834/1031/907 837/1034/910 780/1159/1070
f 914/1163/1074 912/1160/1071 712/1161/1072
f 712/1161/1072 913/1162/1073 914/1163/1074
f 745/923/945 853/1098/944 915/1164/1075
f 915/1164/1075 746/924/1076 745/923/945
f 893/1129/1080 910/1156/1077 916/1165/1078
f 916/1165/1078 900/1140/1079 893/1129/1080
f 883/1112/1082 917/1166/1081 828/1025/896
f 828/1025/896 613/763/895 883/1112/1082
f 901/1141/1086 688/848/1083 918/1167/1084
f 918/1167/1084 902/1142/1085 901/1141/1086
f 903/1170/1090 919/1168/1087 772/957/1088
f 772/957/1088 904/1169/1089 903/1170/1090
f 890/1174/1094 920/1171/1091 921/1172/1092
f 921/1172/1092 891/1173/1093 890/1174/1094
f 611/1176/607 610/1175/606 801/990/839
f 801/990/839 760/940/842 611/1176/607
f 892/1180/1096 911/1177/1095 910/1178/1077
f 910/1178/1077 893/1179/1080 892/1180/1096
f 817/1009/871 685/903/870 684/1181/1097
f 684/1181/1097 670/1182/1098 817/1009/871
f 895/1135/1102 922/1183/1099 877/1184/1100
f 877/1184/1100 896/1136/1101 895/1135/1102
f 926/1188/1106 923/1185/1103 924/1186/1104
f 924/1186/1104 925/1187/1105 926/1188/1106
f 773/958/1110 927/1189/1107 889/1122/1108
f 889/1122/1108 774/959/1109 773/958/1110
f 688/848/673 687/847/672 928/1190/1111
f 928/1190/1111 918/1167/1112 688/848/673
f 897/1137/1116 655/1191/1113 656/1192/1114
f 656/1192/1114 898/1138/1115 897/1137/1116
f 919/1196/1118 929/1193/1117 769/1194/789
f 769/1194/789 772/1195/792 919/1196/1118
f 920/1199/1122 749/927/1119 930/1197/1120
f 930/1197/1120 921/1198/1121 920/1199/1122
f 907/1201/1124 654/1200/1123 655/1191/1113
f 655/1191/1113 897/1137/1116 907/1201/1124
f 876/1094/997 821/1093/996 882/1109/1125
f 882/1109/1125 931/1202/1126 876/1094/997
f 754/934/767 717/933/766 716/1203/1127
f 716/1203/1127 834/1204/1128 754/934/767
f 912/1160/1130 720/887/1129 709/886/697
f 709/886/697 712/1161/700 912/1160/1130
f 904/1169/1089 772/957/1088 771/956/1131
f 771/956/1131 932/1205/1132 904/1169/1089
f 694/854/1134 651/1206/1133 652/912/737
f 652/912/737 666/855/740 694/854/1134
f 933/1208/1136 816/1008/1135 815/1007/1059
f 815/1007/1059 906/1207/1062 933/1208/1136
f 929/1210/1138 913/1209/1137 791/979/821
f 791/979/821 769/954/824 929/1210/1138
f 910/1156/1067 909/1155/1066 934/1211/1139
f 934/1211/1139 916/1165/1140 910/1156/1067
f 749/1215/755 748/1212/754 935/1213/1141
f 935/1213/1141 930/1214/1142 749/1215/755
f 640/790/1146 730/897/1143 936/1216/1144
f 936/1216/1144 621/1217/1145 640/790/1146
f 908/1220/1150 681/987/1147 680/1218/1148
f 680/1218/1148 909/1219/1149 908/1220/1150
f 937/1224/1152 689/1221/1151 688/1222/1083
f 688/1222/1083 901/1223/1086 937/1224/1152
f 922/1183/1154 744/922/1153 743/921/995
f 743/921/995 877/1184/998 922/1183/1154
f 721/888/916 693/853/915 692/852/1155
f 692/852/1155 722/889/1156 721/888/916
f 927/1189/1158 796/984/1157 795/983/1025
f 795/983/1025 889/1122/1026 927/1189/1158
f 775/960/1160 699/861/1159 698/860/781
f 698/860/781 707/950/784 775/960/1160
f 829/1026/1162 848/1047/1161 764/1002/777
f 764/1002/777 741/915/780 829/1026/1162
f 748/926/1166 669/856/1163 668/1225/1164
f 668/1225/1164 935/1226/1165 748/926/1166
f 687/847/1037 673/833/1036 672/832/1167
f 672/832/1167 928/1190/1168 687/847/1037
f 730/1230/721 677/1227/720 676/1228/1169
f 676/1228/1169 936/1229/1170 730/1230/721
f 636/1232/982 870/1231/981 869/1089/991
f 869/1089/991 648/1091/994 636/1232/982
f 938/1233/1172 914/1163/1171 913/1162/1137
f 913/1162/1137 929/1193/1138 938/1233/1172
f 939/1234/1174 938/1233/1173 929/1193/1117
f 929/1193/1117 919/1196/1118 939/1234/1174
f 923/1185/1178 724/891/1175 723/890/1176
f 723/890/1176 924/1186/1177 923/1185/1178
f 630/780/1182 728/895/1179 727/894/1180
f 727/894/1180 642/792/1181 630/780/1182
f 729/896/1184 776/961/1183 674/834/659
f 674/834/659 677/837/662 729/896/1184
f 779/964/1186 755/935/1185 754/934/1069
f 754/934/1069 780/965/1070 779/964/1186
f 649/1235/645 648/1091/644 629/779/625
f 629/779/625 628/778/624 649/1235/645
f 913/1162/1073 712/1161/1072 711/1236/849
f 711/1236/849 791/1237/852 913/1162/1073
f 909/1155/1149 680/840/1148 940/1238/1187
f 940/1238/1187 934/1211/1188 909/1155/1149
f 618/768/1190 941/1239/1189 871/1083/984
f 871/1083/984 639/789/983 618/768/1190
f 917/1166/1192 942/1240/1191 846/1045/928
f 846/1045/928 828/1025/927 917/1166/1192
f 616/766/1194 907/1151/1063 880/1113/1064
f 880/1113/1064 884/1114/1193 616/766/1194
f 943/1241/1196 892/1180/1031 867/1079/1034
f 867/1079/1034 899/1139/1195 943/1241/1196
f 872/1084/1198 944/1242/1197 890/1123/1027
f 890/1123/1027 865/1085/1030 872/1084/1198
f 860/1063/1200 945/1243/1199 878/1146/999
f 878/1146/999 852/1054/1002 860/1063/1200
f 710/875/1204 946/1244/1201 947/1245/1202
f 947/1245/1202 844/1043/1203 710/875/1204
f 809/1247/959 658/1246/958 659/1051/937
f 659/1051/937 810/1012/940 809/1247/959
f 824/1251/1206 948/1248/1205 838/1249/911
f 838/1249/911 805/1250/914 824/1251/1206
f 704/1253/690 703/1252/689 785/970/933
f 785/970/933 790/1050/936 704/1253/690
f 698/1257/683 697/1254/682 949/1255/1207
f 949/1255/1207 766/1256/1208 698/1257/683
f 642/792/1181 727/894/1180 950/1258/1209
f 950/1258/1209 646/1259/1210 642/792/1181
f 709/886/709 719/885/708 946/1260/1201
f 946/1260/1201 710/1261/1204 709/886/709
f 670/830/1098 684/844/1097 951/1262/1211
f 951/1262/1211 671/831/1212 670/830/1098
f 680/840/665 679/839/664 952/1263/1213
f 952/1263/1213 940/1238/1214 680/840/665
f 941/1239/1216 953/1264/1215 899/1139/1048
f 899/1139/1048 871/1083/1047 941/1239/1216
f 942/1240/1218 954/1265/1217 859/1062/954
f 859/1062/954 846/1045/953 942/1240/1218
f 615/765/611 654/1266/1123 907/1151/1124
f 907/1151/1124 616/766/612 615/765/611
f 830/1027/1220 911/1177/1095 892/1180/1096
f 892/1180/1096 943/1241/1219 830/1027/1220
f 944/1242/1222 955/1267/1221 920/1199/1091
f 920/1199/1091 890/1123/1094 944/1242/1222
f 945/1243/1224 956/1268/1223 903/1143/1055
f 903/1143/1055 878/1146/1058 945/1243/1224
f 946/1244/1228 957/1269/1225 958/1270/1226
f 958/1270/1226 947/1245/1227 946/1244/1228
f 646/796/1210 950/1271/1209 959/1272/1229
f 959/1272/1229 625/775/1230 646/796/1210
f 948/1274/1232 960/1273/1231 863/1069/969
f 863/1069/969 838/1035/972 948/1274/1232
f 703/866/724 732/899/723 782/1275/809
f 782/1275/809 785/1276/812 703/866/724
f 697/859/759 752/930/758 961/1277/1233
f 961/1277/1233 949/1278/1234 697/859/759
f 727/1280/717 726/1279/716 926/1188/1235
f 926/1188/1235 950/1271/1236 727/1280/717
f 719/1282/1041 896/1281/1040 957/1269/1225
f 957/1269/1225 946/1244/1228 719/1282/1041
f 684/844/669 683/843/668 962/1283/1237
f 962/1283/1237 951/1262/1238 684/844/669
f 679/839/702 713/910/701 963/1284/1239
f 963/1284/1239 952/1263/1240 679/839/702
f 953/1264/1242 964/1285/1241 943/1241/1196
f 943/1241/1196 899/1139/1195 953/1264/1242
f 954/1265/1244 965/1286/1243 884/1114/1016
f 884/1114/1016 859/1062/1015 954/1265/1244
f 622/772/1246 731/898/1245 730/897/1143
f 730/897/1143 640/790/1146 622/772/1246
f 758/938/900 908/1220/1065 911/1177/1068
f 911/1177/1068 830/1027/901 758/938/900
f 955/1267/1248 750/928/1247 749/927/1119
f 749/927/1119 920/1199/1122 955/1267/1248
f 956/1268/1250 939/1234/1249 919/1196/1087
f 919/1196/1087 903/1143/1090 956/1268/1250
f 957/1269/1254 876/1094/1251 931/1202/1252
f 931/1202/1252 958/1270/1253 957/1269/1254
f 950/1271/1236 926/1188/1235 925/1187/1255
f 925/1187/1255 959/1272/1256 950/1271/1236
f 960/1290/1258 966/1287/1257 887/1288/1021
f 887/1288/1021 863/1289/1024 960/1290/1258
f 732/1292/800 777/1291/799 763/943/875
f 763/943/875 782/967/878 732/1292/800
f 752/1296/831 798/1293/830 967/1294/1259
f 967/1294/1259 961/1295/1260 752/1296/831
f 726/893/795 774/959/794 923/1297/1103
f 923/1297/1103 926/1298/1106 726/893/795
f 896/1136/1101 877/1184/1100 876/1299/1251
f 876/1299/1251 957/1300/1254 896/1136/1101
f 683/843/1012 837/1034/1011 836/1033/1261
f 836/1033/1261 962/1283/1262 683/843/1012
f 713/910/735 740/909/734 968/1301/1263
f 968/1301/1263 963/1284/1264 713/910/735
f 964/1285/1266 831/1028/1265 830/1027/1220
f 830/1027/1220 943/1241/1219 964/1285/1266
f 965/1286/1268 617/767/1267 616/766/1194
f 616/766/1194 884/1114/1193 965/1286/1268
f 797/985/1272 933/1208/1269 906/1207/1270
f 906/1207/1270 798/986/1271 797/985/1272
f 757/937/770 681/987/1147 908/1220/1150
f 908/1220/1150 758/938/771 757/937/770
f 747/925/1274 695/857/1273 669/856/1163
f 669/856/1163 748/926/1166 747/925/1274
f 879/1097/1057 904/1169/1056 932/1205/1275
f 932/1205/1275 969/1302/1276 879/1097/1057
f 894/1304/1278 817/1303/1277 670/830/655
f 670/830/655 673/833/658 894/1304/1278
f 853/1098/1001 879/1097/1000 969/1302/1279
f 969/1302/1279 915/1164/1280 853/1098/1001
f 966/1306/1282 937/1305/1281 901/1141/1051
f 901/1141/1051 887/1118/1054 966/1306/1282
f 777/962/866 611/761/865 760/1307/773
f 760/1307/773 763/1308/776 777/962/866
f 798/986/1271 906/1207/1270 905/1309/1283
f 905/1309/1283 967/1310/1284 798/986/1271
f 774/1312/1109 889/1311/1108 724/891/1175
f 724/891/1175 923/1185/1178 774/1312/1109
f 644/804/787 768/952/786 851/1053/1285
f 851/1053/1285 633/783/1286 644/804/787
f 834/1031/1128 716/882/1127 804/993/1287
f 804/993/1287 835/1032/1288 834/1031/1128
f 740/909/820 790/1050/819 850/1049/1289
f 850/1049/1289 968/1301/1290 740/909/820
f 756/936/1292 800/989/1291 701/864/834
f 701/864/834 757/937/833 756/936/1292
f 619/769/615 618/768/614 639/789/635
f 639/789/635 638/788/634 619/769/615
f 737/906/730 739/931/733 700/862/736
f 700/862/736 702/865/731 737/906/730
f 970/1313/1294 818/1010/1293 817/1009/1277
f 817/1009/1277 894/1131/1278 970/1313/1294
f 971/1314/1296 970/1313/1295 894/1131/1035
f 894/1131/1035 686/1134/1038 971/1314/1296
f 972/1315/1298 971/1314/1297 686/1134/671
f 686/1134/671 689/1221/674 972/1315/1298
f 973/1316/1300 972/1315/1299 689/1221/1151
f 689/1221/1151 937/1224/1152 973/1316/1300
f 974/1317/1302 973/1316/1301 937/1224/1281
f 937/1224/1281 966/1287/1282 974/1317/1302
f 975/1318/1304 974/1317/1303 966/1287/1257
f 966/1287/1257 960/1290/1258 975/1318/1304
f 976/1319/1306 975/1318/1305 960/1290/1231
f 960/1290/1231 948/1248/1232 976/1319/1306
f 977/1320/1308 976/1319/1307 948/1248/1205
f 948/1248/1205 824/1251/1206 977/1320/1308
f 978/1321/1310 977/1320/1309 824/1251/887
f 824/1251/887 788/973/888 978/1321/1310
f 979/1322/1312 978/1321/1311 788/973/815
f 788/973/815 767/976/818 979/1322/1312
f 626/776/1314 979/1322/1313 767/976/785
f 767/976/785 634/784/788 626/776/1314
f 660/1052/938 661/919/745 744/922/748
f 744/922/748 820/1013/939 660/1052/938
f 820/1013/879 744/922/1153 922/1183/1154
f 922/1183/1154 786/971/880 820/1013/879
f 786/971/813 922/1183/1099 895/1135/1102
f 895/1135/1102 787/972/814 786/971/813
f 787/972/967 895/1135/1039 718/884/1042
f 718/884/1042 803/992/968 787/972/967
f 803/992/843 718/884/707 720/887/710
f 720/887/710 804/993/844 803/992/843
f 804/993/1287 720/887/1129 912/1160/1130
f 912/1160/1130 835/1032/1288 804/993/1287
f 835/1032/908 912/1160/1071 914/1163/1074
f 914/1163/1074 836/1033/909 835/1032/908
f 836/1033/1261 914/1163/1171 938/1233/1172
f 938/1233/1172 962/1283/1262 836/1033/1261
f 962/1283/1237 938/1233/1173 939/1234/1174
f 939/1234/1174 951/1262/1238 962/1283/1237
f 951/1262/1211 939/1234/1249 956/1268/1250
f 956/1268/1250 671/831/1212 951/1262/1211
f 671/831/656 956/1268/1223 945/1243/1224
f 945/1243/1224 672/832/657 671/831/656
f 672/832/1167 945/1243/1199 860/1063/1200
f 860/1063/1200 928/1190/1168 672/832/1167
f 928/1190/1111 860/1063/955 823/1018/956
f 823/1018/956 918/1167/1112 928/1190/1111
f 918/1167/1084 823/1018/885 811/1003/886
f 811/1003/886 902/1142/1085 918/1167/1084
f 902/1142/1052 811/1003/857 793/981/860
f 793/981/860 888/1119/1053 902/1142/1052
f 888/1119/1022 793/981/825 796/984/828
f 796/984/828 864/1070/1023 888/1119/1022
f 864/1070/970 796/984/1157 927/1189/1158
f 927/1189/1158 839/1036/971 864/1070/970
f 839/1036/912 927/1189/1107 773/958/1110
f 773/958/1110 806/995/913 839/1036/912
f 806/995/846 773/958/793 725/892/796
f 725/892/796 807/996/847 806/995/846
f 807/996/941 725/892/715 728/895/718
f 728/895/718 851/1053/942 807/996/941
f 851/1053/1285 728/895/1179 630/780/1182
f 630/780/1182 633/783/1286 851/1053/1285
f 656/1192/1114 657/1064/957 847/1046/960
f 847/1046/960 898/1138/1115 656/1192/1114
f 898/1138/1044 847/1046/929 848/1047/930
f 848/1047/930 885/1115/1045 898/1138/1044
f 885/1115/1017 848/1047/1161 829/1026/1162
f 829/1026/1162 874/1088/1018 885/1115/1017
f 874/1088/989 829/1026/897 799/988/898
f 799/988/898 862/1068/990 874/1088/989
f 862/1068/964 799/988/835 753/932/836
f 753/932/836 833/1030/965 862/1068/964
f 833/1030/904 753/932/765 755/935/768
f 755/935/768 802/991/905 833/1030/904
f 802/991/840 755/935/1185 779/964/1186
f 779/964/1186 761/941/841 802/991/840
f 761/941/774 779/964/803 734/901/806
f 734/901/806 762/942/775 761/941/774
f 762/942/876 734/901/727 735/904/728
f 735/904/728 783/968/877 762/942/876
f 783/968/810 735/904/869 818/1010/872
f 818/1010/872 784/969/811 783/968/810
f 784/969/934 818/1010/1293 970/1313/1294
f 970/1313/1294 850/1049/935 784/969/934
f 850/1049/1289 970/1313/1295 971/1314/1296
f 971/1314/1296 968/1301/1290 850/1049/1289
f 968/1301/1263 971/1314/1297 972/1315/1298
f 972/1315/1298 963/1284/1264 968/1301/1263
f 963/1284/1239 972/1315/1299 973/1316/1300
f 973/1316/1300 952/1263/1240 963/1284/1239
f 952/1263/1213 973/1316/1301 974/1317/1302
f 974/1317/1302 940/1238/1214 952/1263/1213
f 940/1238/1187 974/1317/1303 975/1318/1304
f 975/1318/1304 934/1211/1188 940/1238/1187
f 934/1211/1139 975/1318/1305 976/1319/1306
f 976/1319/1306 916/1165/1140 934/1211/1139
f 916/1165/1078 976/1319/1307 977/1320/1308
f 977/1320/1308 900/1140/1079 916/1165/1078
f 900/1140/1049 977/1320/1309 978/1321/1310
f 978/1321/1310 886/1117/1050 900/1140/1049
f 886/1117/1019 978/1321/1311 979/1322/1312
f 979/1322/1312 875/1090/1020 886/1117/1019
f 875/1090/992 979/1322/1313 626/776/1314
f 626/776/1314 629/779/993 875/1090/992
f 650/1108/1009 651/1206/1133 694/854/1134
f 694/854/1134 882/1109/1010 650/1108/1009
f 882/1109/1125 694/854/679 695/857/680
f 695/857/680 931/1202/1126 882/1109/1125
f 931/1202/1252 695/857/1273 747/925/1274
f 747/925/1274 958/1270/1253 931/1202/1252
f 958/1270/1226 747/925/753 750/928/756
f 750/928/756 947/1245/1227 958/1270/1226
f 947/1245/1202 750/928/1247 955/1267/1248
f 955/1267/1248 844/1043/1203 947/1245/1202
f 844/1043/923 955/1267/1221 944/1242/1222
f 944/1242/1222 808/998/924 844/1043/923
f 808/998/850 944/1242/1197 872/1084/1198
f 872/1084/1198 792/980/851 808/998/850
f 792/980/822 872/1084/985 843/1042/986
f 843/1042/986 770/955/823 792/980/822
f 770/955/790 843/1042/921 825/1022/922
f 825/1022/922 771/956/791 770/955/790
f 771/956/1131 825/1022/889 813/1005/892
f 813/1005/892 932/1205/1132 771/956/1131
f 932/1205/1275 813/1005/861 816/1008/864
f 816/1008/864 969/1302/1276 932/1205/1275
f 969/1302/1279 816/1008/1135 933/1208/1136
f 933/1208/1136 915/1164/1280 969/1302/1279
f 915/1164/1075 933/1208/1269 797/985/1272
f 797/985/1272 746/924/1076 915/1164/1075
f 746/924/750 797/985/829 751/929/832
f 751/929/832 691/851/751 746/924/750
f 691/851/676 751/929/757 696/858/760
f 696/858/760 692/852/677 691/851/676
f 692/852/1155 696/858/681 699/861/684
f 699/861/684 722/889/1156 692/852/1155
f 722/889/712 699/861/1159 775/960/1160
f 775/960/1160 723/890/713 722/889/712
f 723/890/1176 775/960/797 776/961/798
f 776/961/798 924/1186/1177 723/890/1176
f 924/1186/1104 776/961/1183 729/896/1184
f 729/896/1184 925/1187/1105 924/1186/1104
f 925/1187/1255 729/896/719 731/898/722
f 731/898/722 959/1272/1256 925/1187/1255
f 959/1272/1229 731/898/1245 622/772/1246
f 622/772/1246 625/775/1230 959/1272/1229
f 653/1323/738 614/764/610 617/767/613
f 617/767/613 667/827/739 653/1323/738
f 667/827/652 617/767/1267 965/1286/1268
f 965/1286/1268 668/828/653 667/827/652
f 668/828/1164 965/1286/1243 954/1265/1244
f 954/1265/1244 935/1213/1165 668/828/1164
f 935/1213/1141 954/1265/1217 942/1240/1218
f 942/1240/1218 930/1214/1142 935/1213/1141
f 930/1214/1120 942/1240/1191 917/1166/1192
f 917/1166/1192 921/1172/1121 930/1214/1120
f 921/1172/1092 917/1166/1081 883/1112/1082
f 883/1112/1082 891/1173/1093 921/1172/1092
f 891/1173/1028 883/1112/1013 873/1086/1014
f 873/1086/1014 866/1074/1029 891/1173/1028
f 866/1074/974 873/1086/987 861/1066/988
f 861/1066/988 841/1075/975 866/1074/974
f 841/1075/918 861/1066/961 849/1048/962
f 849/1048/962 842/1101/919 841/1075/918
f 842/1101/1003 849/1048/931 819/1011/932
f 819/1011/932 854/1102/1004 842/1101/1003
f 854/1102/947 819/1011/873 781/966/874
f 781/966/874 855/1148/948 854/1102/947
f 855/1148/1060 781/966/807 736/905/808
f 736/905/808 905/1149/1061 855/1148/1060
f 905/1149/1283 736/905/729 738/907/732
f 738/907/732 967/1294/1284 905/1149/1283
f 967/1294/1259 738/907/837 800/989/838
f 800/989/838 961/1295/1260 967/1294/1259
f 961/1295/1233 800/989/1291 756/936/1292
f 756/936/1292 949/1255/1234 961/1295/1233
f 949/1255/1207 756/936/769 759/939/772
f 759/939/772 766/1256/1208 949/1255/1207
f 766/1256/782 759/939/899 831/1028/902
f 831/1028/902 708/871/783 766/1256/782
f 708/871/694 831/1028/1265 964/1285/1266
f 964/1285/1266 675/872/695 708/871/694
f 675/872/660 964/1285/1241 953/1264/1242
f 953/1264/1242 676/1228/661 675/872/660
f 676/1228/1169 953/1264/1215 941/1239/1216
f 941/1239/1216 936/1229/1170 676/1228/1169
f 936/1229/1144 941/1239/1189 618/768/1190
f 618/768/1190 621/771/1145 936/1229/1144
f 981/1327/1318 643/1324/1315 647/1325/1316
f 647/1325/1316 980/1326/1317 981/1327/1318
f 983/1331/1322 645/1328/1319 632/1329/1320
f 632/1329/1320 982/1330/1321 983/1331/1322
f 985/1335/1326 649/1332/1323 628/1333/1324
f 628/1333/1324 984/1334/1325 985/1335/1326
f 987/1339/1330 619/1336/1327 638/1337/1328
f 638/1337/1328 986/1338/1329 987/1339/1330
f 980/1326/1317 647/1325/1316 624/1340/1331
f 624/1340/1331 988/1341/1332 980/1326/1317
f 664/824/649 620/823/648 619/1336/1327
f 619/1336/1327 987/1339/1330 664/824/649
f 988/1341/1332 624/1340/1331 623/1342/1333
f 623/1342/1333 989/1343/1334 988/1341/1332
f 984/1334/1325 628/1333/1324 627/1344/1335
f 627/1344/1335 990/1345/1336 984/1334/1325
f 982/1330/1321 632/1329/1320 631/1346/1337
f 631/1346/1337 991/1347/1338 982/1330/1321
f 990/1345/1336 627/1344/1335 635/1348/1339
f 635/1348/1339 992/1349/1340 990/1345/1336
f 986/1338/1329 638/1337/1328 637/1350/1341
f 637/1350/1341 993/1351/1342 986/1338/1329
f 989/1343/1334 623/1342/1333 641/822/647
f 641/822/647 665/825/650 989/1343/1334
f 991/1347/1338 631/1346/1337 643/1324/1315
f 643/1324/1315 981/1327/1318 991/1347/1338
f 992/1349/1340 635/1348/1339 645/1328/1319
f 645/1328/1319 983/1331/1322 992/1349/1340
f 993/1351/1342 637/1350/1341 649/1332/1323
f 649/1332/1323 985/1335/1326 993/1351/1342
f 995/1355/1346 992/1352/1343 983/1353/1344
f 983/1353/1344 994/1354/1345 995/1355/1346
f 997/1359/1350 993/1356/1347 985/1357/1348
f 985/1357/1348 996/1358/1349 997/1359/1350
f 999/1362/1354 665/1360/1351 664/1361/1352
f 664/1361/1352 998/1353/1353 999/1362/1354
f 1001/1366/1358 981/1363/1355 980/1364/1356
f 980/1364/1356 1000/1365/1357 1001/1366/1358
f 994/1370/1345 983/1367/1344 982/1368/1359
f 982/1368/1359 1002/1369/1360 994/1370/1345
f 996/1358/1349 985/1357/1348 984/1371/1361
f 984/1371/1361 1003/1372/1362 996/1358/1349
f 1005/1376/1366 987/1373/1363 986/1374/1364
f 986/1374/1364 1004/1375/1365 1005/1376/1366
f 1000/1365/1357 980/1364/1356 988/1377/1367
f 988/1377/1367 1006/1378/1368 1000/1365/1357
f 998/1380/1353 664/1379/1352 987/1373/1363
f 987/1373/1363 1005/1376/1366 998/1380/1353
f 1006/1378/1368 988/1377/1367 989/1381/1369
f 989/1381/1369 1007/1382/1370 1006/1378/1368
f 1003/1372/1362 984/1371/1361 990/1383/1371
f 990/1383/1371 1008/1384/1372 1003/1372/1362
f 1002/1369/1360 982/1368/1359 991/1385/1373
f 991/1385/1373 1009/1386/1374 1002/1369/1360
f 1008/1384/1372 990/1383/1371 992/1352/1343
f 992/1352/1343 995/1355/1346 1008/1384/1372
f 1004/1375/1365 986/1374/1364 993/1387/1347
f 993/1387/1347 997/1388/1350 1004/1375/1365
f 1007/1382/1370 989/1381/1369 665/1360/1351
f 665/1360/1351 999/1362/1354 1007/1382/1370
f 1009/1386/1374 991/1385/1373 981/1389/1355
f 981/1389/1355 1001/1390/1358 1009/1386/1374

# Mesh
g Circle.002
usemtl DefaultMaterial
f 1013/1394/1375 1010/1391/1375 1011/1392/1376
f 1011/1392/1376 1012/1393/1376 1013/1394/1375
f 1017/1398/1377 1014/1395/1377 1015/1396/1378
f 1015/1396/1378 1016/1397/1378 1017/1398/1377
f 1021/1402/1379 1018/1399/1379 1019/1400/1380
f 1019/1400/1380 1020/1401/1380 1021/1402/1379
f 1025/1406/1384 1022/1403/1381 1023/1404/1382
f 1023/1404/1382 1024/1405/1383 1025/1406/1384
f 1027/1408/1385 1026/1407/1385 1022/1403/1381
f 1022/1403/1381 1025/1406/1384 1027/1408/1385
f 1029/1410/1386 1028/1409/1386 1026/1407/1385
f 1026/1407/1385 1027/1408/1385 1029/1410/1386
f 1012/1393/1376 1011/1392/1376 1018/1399/1379
f 1018/1399/1379 1021/1402/1379 1012/1393/1376
f 1024/1405/1383 1023/1404/1382 1030/1411/1387
f 1030/1411/1387 1031/1412/1388 1024/1405/1383
f 1016/1397/1378 1015/1396/1378 1028/1413/1386
f 1028/1413/1386 1029/1414/1386 1016/1397/1378
f 1031/1416/1388 1030/1415/1387 1010/1391/1375
f 1010/1391/1375 1013/1394/1375 1031/1416/1388
f 1035/1420/1390 1032/1417/1389 1033/1418/1389
f 1033/1418/1389 1034/1419/1390 1035/1420/1390
f 1039/1424/1392 1036/1421/1391 1037/1422/1391
f 1037/1422/1391 1038/1423/1392 1039/1424/1392
f 1043/1428/1394 1040/1425/1393 1041/1426/1393
f 1041/1426/1393 1042/1427/1394 1043/1428/1394
f 1047/1432/1398 1044/1429/1395 1045/1430/1396
f 1045/1430/1396 1046/1431/1397 1047/1432/1398
f 1044/1429/1395 1048/1433/1399 1049/1434/1399
f 1049/1434/1399 1045/1430/1396 1044/1429/1395
f 1048/1437/1399 1050/1435/1400 1051/1436/1400
f 1051/1436/1400 1049/1428/1399 1048/1437/1399
f 1040/1425/1393 1035/1420/1390 1034/1419/1390
f 1034/1419/1390 1041/1426/1393 1040/1425/1393
f 1053/1439/1402 1047/1432/1398 1046/1431/1397
f 1046/1431/1397 1052/1438/1401 1053/1439/1402
f 1050/1435/1400 1039/1424/1392 1038/1423/1392
f 1038/1423/1392 1051/1436/1400 1050/1435/1400
f 1032/1441/1389 1053/1439/1402 1052/1438/1401
f 1052/1438/1401 1033/1440/1389 1032/1441/1389
f 1012/1445/1406 1021/1442/1403 1041/1443/1404
f 1041/1443/1404 1034/1444/1405 1012/1445/1406
f 1028/1449/1410 1015/1446/1407 1039/1447/1408
f 1039/1447/1408 1050/1448/1409 1028/1449/1410
f 1015/1446/1407 1014/1450/1411 1036/1451/1411
f 1036/1451/1411 1039/1447/1408 1015/1446/1407
f 1020/1455/1412 1019/1452/1412 1043/1453/1412
f 1043/1453/1412 1042/1454/1412 1020/1455/1412
f 1021/1442/1403 1020/1456/1413 1042/1457/1413
f 1042/1457/1413 1041/1443/1404 1021/1442/1403
f 1019/1461/1416 1018/1458/1414 1040/1459/1415
f 1040/1459/1415 1043/1460/1416 1019/1461/1416
f 1014/1465/1417 1017/1462/1417 1037/1463/1417
f 1037/1463/1417 1036/1464/1417 1014/1465/1417
f 1023/1469/1421 1022/1466/1418 1044/1467/1419
f 1044/1467/1419 1047/1468/1420 1023/1469/1421
f 1025/1473/1425 1024/1470/1422 1046/1471/1423
f 1046/1471/1423 1045/1472/1424 1025/1473/1425
f 1011/1477/1429 1010/1474/1426 1032/1475/1427
f 1032/1475/1427 1035/1476/1428 1011/1477/1429
f 1029/1481/1433 1027/1478/1430 1049/1479/1431
f 1049/1479/1431 1051/1480/1432 1029/1481/1433
f 1017/1485/1436 1016/1482/1434 1038/1483/1435
f 1038/1483/1435 1037/1484/1436 1017/1485/1436
f 1027/1478/1430 1025/1473/1425 1045/1472/1424
f 1045/1472/1424 1049/1479/1431 1027/1478/1430
f 1022/1466/1418 1026/1486/1437 1048/1487/1438
f 1048/1487/1438 1044/1467/1419 1022/1466/1418
f 1016/1482/1434 1029/1481/1433 1051/1480/1432
f 1051/1480/1432 1038/1483/1435 1016/1482/1434
f 1010/1474/1426 1030/1488/1439 1053/1489/1440
f 1053/1489/1440 1032/1475/1427 1010/1474/1426
f 1031/1493/1444 1013/1490/1441 1033/1491/1442
f 1033/1491/1442 1052/1492/1443 1031/1493/1444
f 1013/1490/1441 1012/1445/1406 1034/1444/1405
f 1034/1444/1405 1033/1491/1442 1013/1490/1441
f 1026/1486/1437 1028/1449/1410 1050/1448/1409
f 1050/1448/1409 1048/1487/1438 1026/1486/1437
f 1024/1470/1422 1031/1493/1444 1052/1492/1443
f 1052/1492/1443 1046/1471/1423 1024/1470/1422
f 1030/1488/1439 1023/1469/1421 1047/1468/1420
f 1047/1468/1420 1053/1489/1440 1030/1488/1439
f 1018/1458/1414 1011/1477/1429 1035/1476/1428
f 1035/1476/1428 1040/1459/1415 1018/1458/1414

# Mesh
g Circle.003
usemtl DefaultMaterial
f 1061/1501/1452 1054/1494/1445 1055/1495/1446
f 1061/1501/1452 1055/1495/1446 1056/1496/1447
f 1061/1501/1452 1056/1496/1447 1057/1497/1448
f 1061/1501/1452 1057/1497/1448 1058/1498/1449
f 1061/1501/1452 1058/1498/1449 1059/1499/1450
f 1059/1499/1450 1060/1500/1451 1061/1501/1452
f 1069/1509/1460 1062/1502/1453 1063/1503/1454
f 1069/1509/1460 1063/1503/1454 1064/1504/1455
f 1069/1509/1460 1064/1504/1455 1065/1505/1456
f 1069/1509/1460 1065/1505/1456 1066/1506/1457
f 1069/1509/1460 1066/1506/1457 1067/1507/1458
f 1067/1507/1458 1068/1508/1459 1069/1509/1460
f 1071/1513/1462 1070/1510/1461 1064/1511/1455
f 1064/1511/1455 1063/1512/1454 1071/1513/1462
f 1073/1517/1464 1072/1514/1463 1066/1515/1457
f 1066/1515/1457 1065/1516/1456 1073/1517/1464
f 1075/1521/1466 1074/1518/1465 1068/1519/1459
f 1068/1519/1459 1067/1520/1458 1075/1521/1466
f 1077/1525/1468 1076/1522/1467 1062/1523/1453
f 1062/1523/1453 1069/1524/1460 1077/1525/1468
f 1070/1510/1461 1073/1517/1464 1065/1516/1456
f 1065/1516/1456 1064/1511/1455 1070/1510/1461
f 1072/1527/1463 1075/1521/1466 1067/1520/1458
f 1067/1520/1458 1066/1526/1457 1072/1527/1463
f 1074/1529/1465 1077/1525/1468 1069/1524/1460
f 1069/1524/1460 1068/1528/1459 1074/1529/1465
f 1076/1522/1467 1071/1530/1462 1063/1531/1454
f 1063/1531/1454 1062/1523/1453 1076/1522/1467
f 1054/1494/1445 1061/1501/1452 1071/1532/1462
f 1071/1532/1462 1076/1533/1467 1054/1494/1445
f 1056/1496/1447 1055/1495/1446 1077/1534/1468
f 1077/1534/1468 1074/1535/1465 1056/1496/1447
f 1058/1498/1449 1057/1497/1448 1075/1536/1466
f 1075/1536/1466 1072/1537/1463 1058/1498/1449
f 1060/1500/1451 1059/1499/1450 1073/1538/1464
f 1073/1538/1464 1070/1539/1461 1060/1500/1451
f 1055/1495/1446 1054/1494/1445 1076/1533/1467
f 1076/1533/1467 1077/1534/1468 1055/1495/1446
f 1057/1497/1448 1056/1496/1447 1074/1535/1465
f 1074/1535/1465 1075/1536/1466 1057/1497/1448
f 1059/1499/1450 1058/1498/1449 1072/1537/1463
f 1072/1537/1463 1073/1538/1464 1059/1499/1450
f 1061/1501/1452 1060/1500/1451 1070/1539/1461
f 1070/1539/1461 1071/1532/1462 1061/1501/1452
f 1085/1547/1476 1078/1540/1469 1079/1541/1470
f 1085/1547/1476 1079/1541/1470 1080/1542/1471
f 1085/1547/1476 1080/1542/1471 1081/1543/1472
f 1085/1547/1476 1081/1543/1472 1082/1544/1473
f 1085/1547/1476 1082/1544/1473 1083/1545/1474
f 1083/1545/1474 1084/1546/1475 1085/1547/1476
f 1093/1555/1484 1086/1548/1477 1087/1549/1478
f 1093/1555/1484 1087/1549/1478 1088/1550/1479
f 1093/1555/1484 1088/1550/1479 1089/1551/1480
f 1093/1555/1484 1089/1551/1480 1090/1552/1481
f 1093/1555/1484 1090/1552/1481 1091/1553/1482
f 1091/1553/1482 1092/1554/1483 1093/1555/1484
f 1095/1559/1486 1094/1556/1485 1088/1557/1479
f 1088/1557/1479 1087/1558/1478 1095/1559/1486
f 1097/1563/1488 1096/1560/1487 1090/1561/1481
f 1090/1561/1481 1089/1562/1480 1097/1563/1488
f 1099/1565/1490 1098/1564/1489 1092/1554/1483
f 1092/1554/1483 1091/1553/1482 1099/1565/1490
f 1101/1569/1492 1100/1566/1491 1086/1567/1477
f 1086/1567/1477 1093/1568/1484 1101/1569/1492
f 1094/1571/1485 1097/1563/1488 1089/1562/1480
f 1089/1562/1480 1088/1570/1479 1094/1571/1485
f 1096/1572/1487 1099/1565/1490 1091/1553/1482
f 1091/1553/1482 1090/1552/1481 1096/1572/1487
f 1098/1574/1489 1101/1569/1492 1093/1568/1484
f 1093/1568/1484 1092/1573/1483 1098/1574/1489
f 1100/1576/1491 1095/1559/1486 1087/1558/1478
f 1087/1558/1478 1086/1575/1477 1100/1576/1491
f 1078/1540/1469 1085/1547/1476 1095/1577/1486
f 1095/1577/1486 1100/1578/1491 1078/1540/1469
f 1080/1542/1471 1079/1541/1470 1101/1579/1492
f 1101/1579/1492 1098/1580/1489 1080/1542/1471
f 1082/1544/1473 1081/1543/1472 1099/1581/1490
f 1099/1581/1490 1096/1582/1487 1082/1544/1473
f 1084/1546/1475 1083/1545/1474 1097/1583/1488
f 1097/1583/1488 1094/1584/1485 1084/1546/1475
f 1079/1541/1470 1078/1540/1469 1100/1578/1491
f 1100/1578/1491 1101/1579/1492 1079/1541/1470
f 1081/1543/1472 1080/1542/1471 1098/1580/1489
f 1098/1580/1489 1099/1581/1490 1081/1543/1472
f 1083/1545/1474 1082/1544/1473 1096/1582/1487
f 1096/1582/1487 1097/1583/1488 1083/1545/1474
f 1085/1547/1476 1084/1546/1475 1094/1584/1485
f 1094/1584/1485 1095/1577/1486 1085/1547/1476
f 1109/1592/1500 1102/1585/1493 1103/1586/1494
f 1109/1592/1500 1103/1586/1494 1104/1587/1495
f 1109/1592/1500 1104/1587/1495 1105/1588/1496
f 1109/1592/1500 1105/1588/1496 1106/1589/1497
f 1109/1592/1500 1106/1589/1497 1107/1590/1498
f 1107/1590/1498 1108/1591/1499 1109/1592/1500
f 1117/1600/1508 1110/1593/1501 1111/1594/1502
f 1117/1600/1508 1111/1594/1502 1112/1595/1503
f 1117/1600/1508 1112/1595/1503 1113/1596/1504
f 1117/1600/1508 1113/1596/1504 1114/1597/1505
f 1117/1600/1508 1114/1597/1505 1115/1598/1506
f 1115/1598/1506 1116/1599/1507 1117/1600/1508
f 1116/1604/1507 1118/1601/1509 1119/1602/1510
f 1119/1602/1510 1117/1603/1508 1116/1604/1507
f 1114/1608/1505 1120/1605/1511 1121/1606/1512
f 1121/1606/1512 1115/1607/1506 1114/1608/1505
f 1112/1612/1503 1122/1609/1513 1123/1610/1514
f 1123/1610/1514 1113/1611/1504 1112/1612/1503
f 1110/1616/1501 1124/1613/1515 1125/1614/1516
f 1125/1614/1516 1111/1615/1502 1110/1616/1501
f 1115/1607/1506 1121/1606/1512 1118/1601/1509
f 1118/1601/1509 1116/1604/1507 1115/1607/1506
f 1113/1611/1504 1123/1610/1514 1120/1617/1511
f 1120/1617/1511 1114/1618/1505 1113/1611/1504
f 1111/1615/1502 1125/1614/1516 1122/1619/1513
f 1122/1619/1513 1112/1620/1503 1111/1615/1502
f 1117/1622/1508 1119/1621/1510 1124/1613/1515
f 1124/1613/1515 1110/1616/1501 1117/1622/1508
f 1119/1624/1510 1103/1586/1494 1102/1585/1493
f 1102/1585/1493 1124/1623/1515 1119/1624/1510
f 1125/1626/1516 1109/1592/1500 1108/1591/1499
f 1108/1591/1499 1122/1625/1513 1125/1626/1516
f 1123/1628/1514 1107/1590/1498 1106/1589/1497
f 1106/1589/1497 1120/1627/1511 1123/1628/1514
f 1121/1630/1512 1105/1588/1496 1104/1587/1495
f 1104/1587/1495 1118/1629/1509 1121/1630/1512
f 1124/1623/1515 1102/1585/1493 1109/1592/1500
f 1109/1592/1500 1125/1626/1516 1124/1623/1515
f 1122/1625/1513 1108/1591/1499 1107/1590/1498
f 1107/1590/1498 1123/1628/1514 1122/1625/1513
f 1120/1627/1511 1106/1589/1497 1105/1588/1496
f 1105/1588/1496 1121/1630/1512 1120/1627/1511
f 1118/1629/1509 1104/1587/1495 1103/1586/1494
f 1103/1586/1494 1119/1624/1510 1118/1629/1509

# Mesh
g Circle.004
usemtl DefaultMaterial
f 1129/1634/1520 1126/1631/1517 1127/1632/1518
f 1127/1632/1518 1128/1633/1519 1129/1634/1520
f 1128/1633/1519 1127/1632/1518 1130/1635/1521
f 1130/1635/1521 1131/1636/1522 1128/1633/1519
f 1133/1638/1524 1128/1633/1519 1131/1636/1522
f 1131/1636/1522 1132/1637/1523 1133/1638/1524
f 1134/1639/1525 1129/1634/1520 1128/1633/1519
f 1128/1633/1519 1133/1638/1524 1134/1639/1525
f 1138/1643/1529 1135/1640/1526 1136/1641/1527
f 1136/1641/1527 1137/1642/1528 1138/1643/1529
f 1137/1642/1528 1136/1641/1527 1139/1644/1530
f 1139/1644/1530 1140/1645/1531 1137/1642/1528
f 1142/1647/1533 1137/1642/1528 1140/1645/1531
f 1140/1645/1531 1141/1646/1532 1142/1647/1533
f 1143/1648/1534 1138/1643/1529 1137/1642/1528
f 1137/1642/1528 1142/1647/1533 1143/1648/1534
f 1147/1652/1538 1144/1649/1535 1145/1650/1536
f 1145/1650/1536 1146/1651/1537 1147/1652/1538
f 1146/1651/1537 1145/1650/1536 1148/1653/1539
f 1148/1653/1539 1149/1654/1540 1146/1651/1537
f 1151/1658/1544 1146/1655/1541 1149/1656/1542
f 1149/1656/1542 1150/1657/1543 1151/1658/1544
f 1152/1660/1546 1147/1659/1545 1146/1655/1541
f 1146/1655/1541 1151/1658/1544 1152/1660/1546
f 1156/1664/1550 1153/1661/1547 1154/1662/1548
f 1154/1662/1548 1155/1663/1549 1156/1664/1550
f 1155/1663/1549 1154/1662/1548 1126/1631/1517
f 1126/1631/1517 1129/1634/1520 1155/1663/1549
f 1157/1665/1551 1155/1663/1549 1129/1634/1520
f 1129/1634/1520 1134/1639/1525 1157/1665/1551
f 1158/1666/1552 1156/1664/1550 1155/1663/1549
f 1155/1663/1549 1157/1665/1551 1158/1666/1552
f 1160/1668/1554 1152/1660/1546 1151/1658/1544
f 1151/1658/1544 1159/1667/1553 1160/1668/1554
f 1159/1667/1553 1151/1658/1544 1150/1657/1543
f 1150/1657/1543 1161/1669/1555 1159/1667/1553
f 1136/1641/1527 1159/1667/1553 1161/1669/1555
f 1161/1669/1555 1139/1644/1530 1136/1641/1527
f 1135/1640/1526 1160/1668/1554 1159/1667/1553
f 1159/1667/1553 1136/1641/1527 1135/1640/1526
f 1165/1673/1559 1162/1670/1556 1163/1671/1557
f 1163/1671/1557 1164/1672/1558 1165/1673/1559
f 1164/1672/1558 1163/1671/1557 1166/1674/1560
f 1166/1674/1560 1167/1675/1561 1164/1672/1558
f 1142/1679/1533 1164/1676/1562 1167/1677/1563
f 1167/1677/1563 1143/1678/1534 1142/1679/1533
f 1141/1681/1532 1165/1680/1564 1164/1676/1562
f 1164/1676/1562 1142/1679/1533 1141/1681/1532
f 1169/1683/1566 1132/1637/1523 1131/1636/1522
f 1131/1636/1522 1168/1682/1565 1169/1683/1566
f 1168/1682/1565 1131/1636/1522 1130/1635/1521
f 1130/1635/1521 1170/1684/1567 1168/1682/1565
f 1163/1671/1557 1168/1685/1568 1170/1686/1569
f 1170/1686/1569 1166/1674/1560 1163/1671/1557
f 1162/1670/1556 1169/1687/1570 1168/1685/1568
f 1168/1685/1568 1163/1671/1557 1162/1670/1556
f 1172/1689/1572 1153/1661/1547 1156/1664/1550
f 1156/1664/1550 1171/1688/1571 1172/1689/1572
f 1171/1688/1571 1156/1664/1550 1158/1666/1552
f 1158/1666/1552 1173/1690/1573 1171/1688/1571
f 1145/1650/1536 1171/1691/1574 1173/1692/1575
f 1173/1692/1575 1148/1653/1539 1145/1650/1536
f 1144/1649/1535 1172/1693/1576 1171/1691/1574
f 1171/1691/1574 1145/1650/1536 1144/1649/1535
f 1177/1697/1580 1174/1694/1577 1175/1695/1578
f 1175/1695/1578 1176/1696/1579 1177/1697/1580
f 1179/1699/1582 1177/1697/1580 1176/1696/1579
f 1176/1696/1579 1178/1698/1581 1179/1699/1582
f 1178/1698/1581 1176/1696/1579 1180/1700/1583
f 1180/1700/1583 1181/1701/1584 1178/1698/1581
f 1176/1696/1579 1175/1695/1578 1182/1702/1585
f 1182/1702/1585 1180/1700/1583 1176/1696/1579
f 1186/1706/1589 1183/1703/1586 1184/1704/1587
f 1184/1704/1587 1185/1705/1588 1186/1706/1589
f 1188/1708/1591 1186/1706/1589 1185/1705/1588
f 1185/1705/1588 1187/1707/1590 1188/1708/1591
f 1187/1707/1590 1185/1705/1588 1189/1709/1592
f 1189/1709/1592 1190/1710/1593 1187/1707/1590
f 1185/1705/1588 1184/1704/1587 1191/1711/1594
f 1191/1711/1594 1189/1709/1592 1185/1705/1588
f 1195/1715/1598 1192/1712/1595 1193/1713/1596
f 1193/1713/1596 1194/1714/1597 1195/1715/1598
f 1197/1717/1600 1195/1715/1598 1194/1714/1597
f 1194/1714/1597 1196/1716/1599 1197/1717/1600
f 1196/1721/1604 1194/1718/1601 1198/1719/1602
f 1198/1719/1602 1199/1720/1603 1196/1721/1604
f 1194/1718/1601 1193/1722/1605 1200/1723/1606
f 1200/1723/1606 1198/1719/1602 1194/1718/1601
f 1204/1727/1610 1201/1724/1607 1202/1725/1608
f 1202/1725/1608 1203/1726/1609 1204/1727/1610
f 1174/1694/1577 1204/1727/1610 1203/1726/1609
f 1203/1726/1609 1175/1695/1578 1174/1694/1577
f 1175/1695/1578 1203/1726/1609 1205/1728/1611
f 1205/1728/1611 1182/1702/1585 1175/1695/1578
f 1203/1726/1609 1202/1725/1608 1206/1729/1612
f 1206/1729/1612 1205/1728/1611 1203/1726/1609
f 1198/1719/1602 1200/1723/1606 1207/1730/1613
f 1207/1730/1613 1208/1731/1614 1198/1719/1602
f 1199/1720/1603 1198/1719/1602 1208/1731/1614
f 1208/1731/1614 1209/1732/1615 1199/1720/1603
f 1209/1732/1615 1208/1731/1614 1186/1706/1589
f 1186/1706/1589 1188/1708/1591 1209/1732/1615
f 1208/1731/1614 1207/1730/1613 1183/1703/1586
f 1183/1703/1586 1186/1706/1589 1208/1731/1614
f 1213/1736/1619 1210/1733/1616 1211/1734/1617
f 1211/1734/1617 1212/1735/1618 1213/1736/1619
f 1215/1737/1621 1213/1736/1619 1212/1735/1618
f 1212/1735/1618 1214/1713/1620 1215/1737/1621
f 1214/1739/1623 1212/1738/1622 1189/1709/1592
f 1189/1709/1592 1191/1711/1594 1214/1739/1623
f 1212/1738/1622 1211/1740/1624 1190/1710/1593
f 1190/1710/1593 1189/1709/1592 1212/1738/1622
f 1178/1698/1581 1181/1701/1584 1216/1741/1625
f 1216/1741/1625 1217/1742/1626 1178/1698/1581
f 1179/1699/1582 1178/1698/1581 1217/1742/1626
f 1217/1742/1626 1218/1721/1627 1179/1699/1582
f 1218/1744/1629 1217/1743/1628 1213/1736/1619
f 1213/1736/1619 1215/1737/1621 1218/1744/1629
f 1217/1743/1628 1216/1745/1630 1210/1733/1616
f 1210/1733/1616 1213/1736/1619 1217/1743/1628
f 1202/1725/1608 1201/1724/1607 1219/1746/1631
f 1219/1746/1631 1220/1747/1632 1202/1725/1608
f 1206/1729/1612 1202/1725/1608 1220/1747/1632
f 1220/1747/1632 1221/1748/1633 1206/1729/1612
f 1221/1692/1635 1220/1749/1634 1195/1715/1598
f 1195/1715/1598 1197/1717/1600 1221/1692/1635
f 1220/1749/1634 1219/1750/1636 1192/1712/1595
f 1192/1712/1595 1195/1715/1598 1220/1749/1634
f 1225/1754/1640 1222/1751/1637 1223/1752/1638
f 1223/1752/1638 1224/1753/1639 1225/1754/1640
f 1227/1756/1642 1225/1754/1640 1224/1753/1639
f 1224/1753/1639 1226/1755/1641 1227/1756/1642
f 1226/1755/1641 1224/1753/1639 1228/1757/1643
f 1228/1757/1643 1229/1758/1644 1226/1755/1641
f 1224/1753/1639 1223/1752/1638 1230/1759/1645
f 1230/1759/1645 1228/1757/1643 1224/1753/1639
f 1234/1763/1649 1231/1760/1646 1232/1761/1647
f 1232/1761/1647 1233/1762/1648 1234/1763/1649
f 1236/1765/1651 1234/1763/1649 1233/1762/1648
f 1233/1762/1648 1235/1764/1650 1236/1765/1651
f 1235/1764/1650 1233/1762/1648 1237/1766/1652
f 1237/1766/1652 1238/1767/1653 1235/1764/1650
f 1233/1762/1648 1232/1761/1647 1239/1768/1654
f 1239/1768/1654 1237/1766/1652 1233/1762/1648
f 1243/1772/1658 1240/1769/1655 1241/1770/1656
f 1241/1770/1656 1242/1771/1657 1243/1772/1658
f 1245/1774/1660 1243/1772/1658 1242/1771/1657
f 1242/1771/1657 1244/1773/1659 1245/1774/1660
f 1244/1778/1664 1242/1775/1661 1246/1776/1662
f 1246/1776/1662 1247/1777/1663 1244/1778/1664
f 1242/1775/1661 1241/1779/1665 1248/1780/1666
f 1248/1780/1666 1246/1776/1662 1242/1775/1661
f 1252/1784/1670 1249/1781/1667 1250/1782/1668
f 1250/1782/1668 1251/1783/1669 1252/1784/1670
f 1222/1751/1637 1252/1784/1670 1251/1783/1669
f 1251/1783/1669 1223/1752/1638 1222/1751/1637
f 1223/1752/1638 1251/1783/1669 1253/1785/1671
f 1253/1785/1671 1230/1759/1645 1223/1752/1638
f 1251/1783/1669 1250/1782/1668 1254/1786/1672
f 1254/1786/1672 1253/1785/1671 1251/1783/1669
f 1246/1776/1662 1248/1780/1666 1255/1787/1673
f 1255/1787/1673 1256/1788/1674 1246/1776/1662
f 1247/1777/1663 1246/1776/1662 1256/1788/1674
f 1256/1788/1674 1257/1789/1675 1247/1777/1663
f 1257/1789/1675 1256/1788/1674 1234/1763/1649
f 1234/1763/1649 1236/1765/1651 1257/1789/1675
f 1256/1788/1674 1255/1787/1673 1231/1760/1646
f 1231/1760/1646 1234/1763/1649 1256/1788/1674
f 1261/1793/1679 1258/1790/1676 1259/1791/1677
f 1259/1791/1677 1260/1792/1678 1261/1793/1679
f 1263/1795/1681 1261/1793/1679 1260/1792/1678
f 1260/1792/1678 1262/1794/1680 1263/1795/1681
f 1262/1799/1683 1260/1796/1682 1237/1797/1652
f 1237/1797/1652 1239/1798/1654 1262/1799/1683
f 1260/1796/1682 1259/1800/1684 1238/1801/1653
f 1238/1801/1653 1237/1797/1652 1260/1796/1682
f 1226/1755/1641 1229/1758/1644 1264/1802/1685
f 1264/1802/1685 1265/1803/1686 1226/1755/1641
f 1227/1756/1642 1226/1755/1641 1265/1803/1686
f 1265/1803/1686 1266/1804/1687 1227/1756/1642
f 1266/1806/1689 1265/1805/1688 1261/1793/1679
f 1261/1793/1679 1263/1795/1681 1266/1806/1689
f 1265/1805/1688 1264/1807/1690 1258/1790/1676
f 1258/1790/1676 1261/1793/1679 1265/1805/1688
f 1250/1782/1668 1249/1781/1667 1267/1808/1691
f 1267/1808/1691 1268/1809/1692 1250/1782/1668
f 1254/1786/1672 1250/1782/1668 1268/1809/1692
f 1268/1809/1692 1269/1810/1693 1254/1786/1672
f 1269/1812/1695 1268/1811/1694 1243/1772/1658
f 1243/1772/1658 1245/1774/1660 1269/1812/1695
f 1268/1811/1694 1267/1813/1696 1240/1769/1655
f 1240/1769/1655 1243/1772/1658 1268/1811/1694
f 1273/1817/1700 1270/1814/1697 1271/1815/1698
f 1271/1815/1698 1272/1816/1699 1273/1817/1700
f 1272/1816/1699 1271/1815/1698 1274/1818/1701
f 1274/1818/1701 1275/1819/1702 1272/1816/1699
f 1277/1821/1704 1272/1816/1699 1275/1819/1702
f 1275/1819/1702 1276/1820/1703 1277/1821/1704
f 1278/1822/1705 1273/1817/1700 1272/1816/1699
f 1272/1816/1699 1277/1821/1704 1278/1822/1705
f 1282/1826/1709 1279/1823/1706 1280/1824/1707
f 1280/1824/1707 1281/1825/1708 1282/1826/1709
f 1281/1825/1708 1280/1824/1707 1283/1827/1710
f 1283/1827/1710 1284/1828/1711 1281/1825/1708
f 1286/1830/1713 1281/1825/1708 1284/1828/1711
f 1284/1828/1711 1285/1829/1712 1286/1830/1713
f 1287/1831/1714 1282/1826/1709 1281/1825/1708
f 1281/1825/1708 1286/1830/1713 1287/1831/1714
f 1291/1835/1718 1288/1832/1715 1289/1833/1716
f 1289/1833/1716 1290/1834/1717 1291/1835/1718
f 1290/1834/1717 1289/1833/1716 1292/1836/1719
f 1292/1836/1719 1293/1837/1720 1290/1834/1717
f 1295/1841/1724 1290/1838/1721 1293/1839/1722
f 1293/1839/1722 1294/1840/1723 1295/1841/1724
f 1296/1843/1726 1291/1842/1725 1290/1838/1721
f 1290/1838/1721 1295/1841/1724 1296/1843/1726
f 1300/1847/1730 1297/1844/1727 1298/1845/1728
f 1298/1845/1728 1299/1846/1729 1300/1847/1730
f 1299/1846/1729 1298/1845/1728 1270/1814/1697
f 1270/1814/1697 1273/1817/1700 1299/1846/1729
f 1301/1848/1731 1299/1846/1729 1273/1817/1700
f 1273/1817/1700 1278/1822/1705 1301/1848/1731
f 1302/1849/1732 1300/1847/1730 1299/1846/1729
f 1299/1846/1729 1301/1848/1731 1302/1849/1732
f 1304/1851/1734 1296/1843/1726 1295/1841/1724
f 1295/1841/1724 1303/1850/1733 1304/1851/1734
f 1303/1850/1733 1295/1841/1724 1294/1840/1723
f 1294/1840/1723 1305/1852/1735 1303/1850/1733
f 1280/1824/1707 1303/1850/1733 1305/1852/1735
f 1305/1852/1735 1283/1827/1710 1280/1824/1707
f 1279/1823/1706 1304/1851/1734 1303/1850/1733
f 1303/1850/1733 1280/1824/1707 1279/1823/1706
f 1309/1837/1739 1306/1853/1736 1307/1854/1737
f 1307/1854/1737 1308/1834/1738 1309/1837/1739
f 1308/1834/1738 1307/1854/1737 1310/1855/1740
f 1310/1855/1740 1311/1835/1741 1308/1834/1738
f 1286/1830/1713 1308/1856/1742 1311/1857/1743
f 1311/1857/1743 1287/1831/1714 1286/1830/1713
f 1285/1829/1712 1309/1858/1744 1308/1856/1742
f 1308/1856/1742 1286/1830/1713 1285/1829/1712
f 1313/1860/1746 1276/1820/1703 1275/1819/1702
f 1275/1819/1702 1312/1859/1745 1313/1860/1746
f 1312/1859/1745 1275/1819/1702 1274/1818/1701
f 1274/1818/1701 1314/1689/1747 1312/1859/1745
f 1307/1854/1737 1312/1861/1748 1314/1862/1749
f 1314/1862/1749 1310/1855/1740 1307/1854/1737
f 1306/1853/1736 1313/1863/1750 1312/1861/1748
f 1312/1861/1748 1307/1854/1737 1306/1853/1736
f 1316/1865/1752 1297/1844/1727 1300/1847/1730
f 1300/1847/1730 1315/1864/1751 1316/1865/1752
f 1315/1864/1751 1300/1847/1730 1302/1849/1732
f 1302/1849/1732 1317/1866/1753 1315/1864/1751
f 1289/1833/1716 1315/1771/1754 1317/1770/1755
f 1317/1770/1755 1292/1836/1719 1289/1833/1716
f 1288/1832/1715 1316/1773/1756 1315/1771/1754
f 1315/1771/1754 1289/1833/1716 1288/1832/1715
f 1225/1870/1760 1127/1867/1757 1126/1868/1758
f 1126/1868/1758 1222/1869/1759 1225/1870/1760
f 1227/1872/1762 1130/1871/1761 1127/1867/1757
f 1127/1867/1757 1225/1870/1760 1227/1872/1762
f 1230/1876/1766 1134/1873/1763 1133/1874/1764
f 1133/1874/1764 1228/1875/1765 1230/1876/1766
f 1228/1875/1765 1133/1874/1764 1132/1877/1767
f 1132/1877/1767 1229/1878/1768 1228/1875/1765
f 1231/1882/1772 1135/1879/1769 1138/1880/1770
f 1138/1880/1770 1232/1881/1771 1231/1882/1772
f 1232/1881/1771 1138/1880/1770 1143/1883/1773
f 1143/1883/1773 1239/1884/1774 1232/1881/1771
f 1235/1888/1778 1140/1885/1775 1139/1886/1776
f 1139/1886/1776 1236/1887/1777 1235/1888/1778
f 1238/1890/1780 1141/1889/1779 1140/1885/1775
f 1140/1885/1775 1235/1888/1778 1238/1890/1780
f 1263/1894/1784 1166/1891/1781 1170/1892/1782
f 1170/1892/1782 1266/1893/1783 1263/1894/1784
f 1266/1893/1783 1170/1892/1782 1130/1871/1761
f 1130/1871/1761 1227/1872/1762 1266/1893/1783
f 1258/1898/1788 1162/1895/1785 1165/1896/1786
f 1165/1896/1786 1259/1897/1787 1258/1898/1788
f 1259/1897/1787 1165/1896/1786 1141/1889/1779
f 1141/1889/1779 1238/1890/1780 1259/1897/1787
f 1244/1901/1792 1149/1899/1789 1148/1891/1790
f 1148/1891/1790 1245/1900/1791 1244/1901/1792
f 1247/1903/1794 1150/1902/1793 1149/1899/1789
f 1149/1899/1789 1244/1901/1792 1247/1903/1794
f 1267/1907/1798 1172/1904/1795 1144/1905/1796
f 1144/1905/1796 1240/1906/1797 1267/1907/1798
f 1249/1909/1800 1153/1908/1799 1172/1904/1795
f 1172/1904/1795 1267/1907/1798 1249/1909/1800
f 1252/1911/1802 1154/1910/1801 1153/1908/1799
f 1153/1908/1799 1249/1909/1800 1252/1911/1802
f 1222/1869/1759 1126/1868/1758 1154/1910/1801
f 1154/1910/1801 1252/1911/1802 1222/1869/1759
f 1254/1915/1806 1158/1912/1803 1157/1913/1804
f 1157/1913/1804 1253/1914/1805 1254/1915/1806
f 1253/1914/1805 1157/1913/1804 1134/1873/1763
f 1134/1873/1763 1230/1876/1766 1253/1914/1805
f 1248/1919/1810 1152/1916/1807 1160/1917/1808
f 1160/1917/1808 1255/1918/1809 1248/1919/1810
f 1255/1918/1809 1160/1917/1808 1135/1879/1769
f 1135/1879/1769 1231/1882/1772 1255/1918/1809
f 1257/1921/1812 1161/1920/1811 1150/1902/1793
f 1150/1902/1793 1247/1903/1794 1257/1921/1812
f 1236/1887/1777 1139/1886/1776 1161/1920/1811
f 1161/1920/1811 1257/1921/1812 1236/1887/1777
f 1239/1884/1774 1143/1883/1773 1167/1922/1813
f 1167/1922/1813 1262/1923/1814 1239/1884/1774
f 1262/1923/1814 1167/1922/1813 1166/1891/1781
f 1166/1891/1781 1263/1894/1784 1262/1923/1814
f 1229/1878/1768 1132/1877/1767 1169/1924/1815
f 1169/1924/1815 1264/1925/1816 1229/1878/1768
f 1264/1925/1816 1169/1924/1815 1162/1895/1785
f 1162/1895/1785 1258/1898/1788 1264/1925/1816
f 1269/1927/1818 1173/1926/1817 1158/1912/1803
f 1158/1912/1803 1254/1915/1806 1269/1927/1818
f 1245/1900/1791 1148/1891/1790 1173/1926/1817
f 1173/1926/1817 1269/1927/1818 1245/1900/1791
f 1241/1929/1820 1147/1928/1819 1152/1916/1807
f 1152/1916/1807 1248/1919/1810 1241/1929/1820
f 1240/1906/1797 1144/1905/1796 1147/1928/1819
f 1147/1928/1819 1241/1929/1820 1240/1906/1797
f 1270/1933/1824 1174/1930/1821 1177/1931/1822
f 1177/1931/1822 1271/1932/1823 1270/1933/1824
f 1271/1932/1823 1177/1931/1822 1179/1934/1825
f 1179/1934/1825 1274/1935/1826 1271/1932/1823
f 1277/1939/1830 1180/1936/1827 1182/1937/1828
f 1182/1937/1828 1278/1938/1829 1277/1939/1830
f 1276/1941/1832 1181/1940/1831 1180/1936/1827
f 1180/1936/1827 1277/1939/1830 1276/1941/1832
f 1282/1945/1836 1184/1942/1833 1183/1943/1834
f 1183/1943/1834 1279/1944/1835 1282/1945/1836
f 1287/1947/1838 1191/1946/1837 1184/1942/1833
f 1184/1942/1833 1282/1945/1836 1287/1947/1838
f 1283/1951/1842 1188/1948/1839 1187/1949/1840
f 1187/1949/1840 1284/1950/1841 1283/1951/1842
f 1284/1950/1841 1187/1949/1840 1190/1952/1843
f 1190/1952/1843 1285/1953/1844 1284/1950/1841
f 1314/1957/1848 1218/1954/1845 1215/1955/1846
f 1215/1955/1846 1310/1956/1847 1314/1957/1848
f 1274/1935/1826 1179/1934/1825 1218/1954/1845
f 1218/1954/1845 1314/1957/1848 1274/1935/1826
f 1309/1961/1852 1211/1958/1849 1210/1959/1850
f 1210/1959/1850 1306/1960/1851 1309/1961/1852
f 1285/1953/1844 1190/1952/1843 1211/1958/1849
f 1211/1958/1849 1309/1961/1852 1285/1953/1844
f 1292/1965/1856 1197/1962/1853 1196/1963/1854
f 1196/1963/1854 1293/1964/1855 1292/1965/1856
f 1293/1964/1855 1196/1963/1854 1199/1966/1857
f 1199/1966/1857 1294/1967/1858 1293/1964/1855
f 1288/1970/1862 1192/1959/1859 1219/1968/1860
f 1219/1968/1860 1316/1969/1861 1288/1970/1862
f 1316/1969/1861 1219/1968/1860 1201/1971/1863
f 1201/1971/1863 1297/1972/1864 1316/1969/1861
f 1297/1972/1864 1201/1971/1863 1204/1973/1865
f 1204/1973/1865 1298/1974/1866 1297/1972/1864
f 1298/1974/1866 1204/1973/1865 1174/1930/1821
f 1174/1930/1821 1270/1933/1824 1298/1974/1866
f 1301/1978/1870 1205/1975/1867 1206/1976/1868
f 1206/1976/1868 1302/1977/1869 1301/1978/1870
f 1278/1938/1829 1182/1937/1828 1205/1975/1867
f 1205/1975/1867 1301/1978/1870 1278/1938/1829
f 1304/1982/1874 1207/1979/1871 1200/1980/1872
f 1200/1980/1872 1296/1981/1873 1304/1982/1874
f 1279/1944/1835 1183/1943/1834 1207/1979/1871
f 1207/1979/1871 1304/1982/1874 1279/1944/1835
f 1294/1967/1858 1199/1966/1857 1209/1983/1875
f 1209/1983/1875 1305/1984/1876 1294/1967/1858
f 1305/1984/1876 1209/1983/1875 1188/1948/1839
f 1188/1948/1839 1283/1951/1842 1305/1984/1876
f 1311/1986/1878 1214/1985/1877 1191/1946/1837
f 1191/1946/1837 1287/1947/1838 1311/1986/1878
f 1310/1956/1847 1215/1955/1846 1214/1985/1877
f 1214/1985/1877 1311/1986/1878 1310/1956/1847
f 1313/1988/1880 1216/1987/1879 1181/1940/1831
f 1181/1940/1831 1276/1941/1832 1313/1988/1880
f 1306/1960/1851 1210/1959/1850 1216/1987/1879
f 1216/1987/1879 1313/1988/1880 1306/1960/1851
f 1302/1977/1869 1206/1976/1868 1221/1989/1881
f 1221/1989/1881 1317/1990/1882 1302/1977/1869
f 1317/1990/1882 1221/1989/1881 1197/1962/1853
f 1197/1962/1853 1292/1965/1856 1317/1990/1882
f 1296/1981/1873 1200/1980/1872 1193/1991/1883
f 1193/1991/1883 1291/1992/1884 1296/1981/1873
f 1291/1992/1884 1193/1991/1883 1192/1959/1859
f 1192/1959/1859 1288/1970/1862 1291/1992/1884

# Mesh
g Circle.005
usemtl DefaultMaterial
f 1321/1996/1888 1318/1993/1885 1319/1994/1886
f 1319/1994/1886 1320/1995/1887 1321/1996/1888
f 1325/2000/1892 1322/1997/1889 1323/1998/1890
f 1323/1998/1890 1324/1999/1891 1325/2000/1892
f 1327/2002/1894 1326/2001/1893 1322/1997/1889
f 1322/1997/1889 1325/2000/1892 1327/2002/1894
f 1324/1999/1891 1323/1998/1890 1328/2003/1895
f 1328/2003/1895 1329/2004/1896 1324/1999/1891
f 1329/2006/1896 1328/2005/1895 1318/1993/1885
f 1318/1993/1885 1321/1996/1888 1329/2006/1896
f 1333/2010/1900 1330/2007/1897 1331/2008/1898
f 1331/2008/1898 1332/2009/1899 1333/2010/1900
f 1337/2014/1904 1334/2011/1901 1335/2012/1902
f 1335/2012/1902 1336/2013/1903 1337/2014/1904
f 1334/2011/1901 1338/2015/1905 1339/2016/1906
f 1339/2016/1906 1335/2012/1902 1334/2011/1901
f 1341/2018/1908 1337/2014/1904 1336/2013/1903
f 1336/2013/1903 1340/2017/1907 1341/2018/1908
f 1330/2007/1897 1341/2019/1908 1340/2020/1907
f 1340/2020/1907 1331/2008/1898 1330/2007/1897
f 1345/2024/1912 1342/2021/1909 1343/2022/1910
f 1343/2022/1910 1344/2023/1911 1345/2024/1912
f 1325/2028/1916 1324/2025/1913 1336/2026/1914
f 1336/2026/1914 1335/2027/1915 1325/2028/1916
f 1349/2032/1920 1346/2029/1917 1347/2030/1918
f 1347/2030/1918 1348/2031/1919 1349/2032/1920
f 1327/2034/1922 1325/2028/1916 1335/2027/1915
f 1335/2027/1915 1339/2033/1921 1327/2034/1922
f 1342/2021/1909 1350/2035/1923 1351/2036/1924
f 1351/2036/1924 1343/2022/1910 1342/2021/1909
f 1346/2029/1917 1352/2037/1925 1353/2038/1926
f 1353/2038/1926 1347/2030/1918 1346/2029/1917
f 1329/2042/1930 1321/2039/1927 1331/2040/1928
f 1331/2040/1928 1340/2041/1929 1329/2042/1930
f 1321/2039/1927 1320/2043/1931 1332/2044/1932
f 1332/2044/1932 1331/2040/1928 1321/2039/1927
f 1324/2025/1913 1329/2042/1930 1340/2041/1929
f 1340/2041/1929 1336/2026/1914 1324/2025/1913
f 1352/2037/1925 1345/2024/1912 1344/2023/1911
f 1344/2023/1911 1353/2038/1926 1352/2037/1925
f 1350/2047/1935 1326/2001/1893 1354/2045/1933
f 1354/2045/1933 1355/2046/1934 1350/2047/1935
f 1320/1995/1887 1319/1994/1886 1356/2048/1936
f 1356/2048/1936 1357/2049/1937 1320/1995/1887
f 1332/2044/1932 1320/2043/1931 1357/2050/1938
f 1357/2050/1938 1358/2051/1938 1332/2044/1932
f 1348/2054/1941 1333/2010/1900 1359/2052/1939
f 1359/2052/1939 1360/2053/1940 1348/2054/1941
f 1349/2032/1920 1348/2031/1919 1360/2055/1942
f 1360/2055/1942 1361/2056/1943 1349/2032/1920
f 1358/2051/1938 1357/2050/1938 1362/2057/1938
f 1362/2057/1938 1363/2058/1938 1358/2051/1938
f 1357/2049/1937 1356/2048/1936 1364/2059/1944
f 1364/2059/1944 1362/2060/1945 1357/2049/1937
f 1361/2056/1943 1360/2055/1942 1365/2061/1946
f 1365/2061/1946 1366/2062/1946 1361/2056/1943
f 1360/2053/1940 1359/2052/1939 1367/2063/1947
f 1367/2063/1947 1365/2064/1948 1360/2053/1940
f 1370/2068/1951 1355/2065/1949 1368/2066/1950
f 1368/2066/1950 1369/2067/1950 1370/2068/1951
f 1327/2034/1922 1339/2033/1921 1371/2069/1952
f 1371/2069/1952 1372/2070/1953 1327/2034/1922
f 1339/2016/1906 1338/2015/1905 1373/2071/1954
f 1373/2071/1954 1371/2072/1955 1339/2016/1906
f 1351/2036/1924 1350/2035/1923 1355/2065/1949
f 1355/2065/1949 1370/2068/1951 1351/2036/1924
f 1371/2072/1955 1373/2071/1954 1374/2073/1956
f 1371/2072/1955 1374/2073/1956 1375/2074/1957
f 1375/2074/1957 1376/2075/1958 1371/2072/1955
f 1373/2071/1954 1370/2076/1959 1369/2077/1960
f 1373/2071/1954 1369/2077/1960 1377/2078/1961
f 1377/2078/1961 1374/2073/1956 1373/2071/1954
f 1372/2070/1953 1371/2069/1952 1376/2079/1962
f 1376/2079/1962 1378/2080/1962 1372/2070/1953
f 1354/2045/1933 1372/2081/1963 1378/2082/1964
f 1354/2045/1933 1378/2082/1964 1379/2083/1965
f 1379/2083/1965 1380/2084/1966 1354/2045/1933
f 1367/2088/1967 1364/2085/1967 1366/2086/1968
f 1366/2086/1968 1365/2087/1968 1367/2088/1967
f 1363/2090/1969 1362/2089/1969 1364/2085/1967
f 1364/2085/1967 1367/2088/1967 1363/2090/1969
f 1368/2094/1972 1381/2091/1970 1377/2092/1971
f 1377/2092/1971 1369/2093/1972 1368/2094/1972
f 1355/2046/1934 1354/2045/1933 1380/2084/1966
f 1355/2046/1934 1380/2084/1966 1381/2095/1973
f 1381/2095/1973 1368/2096/1974 1355/2046/1934
f 1338/2015/1905 1351/2097/1975 1370/2076/1959
f 1370/2076/1959 1373/2071/1954 1338/2015/1905
f 1359/2052/1939 1358/2098/1976 1363/2099/1977
f 1363/2099/1977 1367/2063/1947 1359/2052/1939
f 1356/2048/1936 1361/2100/1978 1366/2101/1979
f 1366/2101/1979 1364/2059/1944 1356/2048/1936
f 1333/2010/1900 1332/2009/1899 1358/2098/1976
f 1358/2098/1976 1359/2052/1939 1333/2010/1900
f 1319/1994/1886 1349/2102/1980 1361/2100/1978
f 1361/2100/1978 1356/2048/1936 1319/1994/1886
f 1326/2001/1893 1327/2002/1894 1372/2081/1963
f 1372/2081/1963 1354/2045/1933 1326/2001/1893
f 1347/2104/1982 1353/2103/1981 1341/2019/1908
f 1341/2019/1908 1330/2007/1897 1347/2104/1982
f 1353/2106/1981 1344/2105/1983 1337/2014/1904
f 1337/2014/1904 1341/2018/1908 1353/2106/1981
f 1343/2107/1984 1351/2097/1975 1338/2015/1905
f 1338/2015/1905 1334/2011/1901 1343/2107/1984
f 1344/2105/1983 1343/2107/1984 1334/2011/1901
f 1334/2011/1901 1337/2014/1904 1344/2105/1983
f 1348/2054/1941 1347/2104/1982 1330/2007/1897
f 1330/2007/1897 1333/2010/1900 1348/2054/1941
f 1328/2005/1895 1352/2108/1985 1346/2109/1986
f 1346/2109/1986 1318/1993/1885 1328/2005/1895
f 1323/1998/1890 1345/2110/1987 1352/2111/1985
f 1352/2111/1985 1328/2003/1895 1323/1998/1890
f 1326/2001/1893 1350/2047/1935 1342/2112/1988
f 1342/2112/1988 1322/1997/1889 1326/2001/1893
f 1322/1997/1889 1342/2112/1988 1345/2110/1987
f 1345/2110/1987 1323/1998/1890 1322/1997/1889
f 1318/1993/1885 1346/2109/1986 1349/2102/1980
f 1349/2102/1980 1319/1994/1886 1318/1993/1885
f 1379/2083/1965 1382/2113/1989 1380/2084/1966
f 1382/2113/1989 1381/2095/1973 1380/2084/1966
f 1377/2078/1961 1383/2114/1990 1374/2073/1956
f 1383/2114/1990 1375/2074/1957 1374/2073/1956
f 1383/2116/1992 1377/2092/1971 1381/2091/1970
f 1381/2091/1970 1382/2115/1991 1383/2116/1992
f 1375/2118/1994 1383/2116/1992 1382/2115/1991
f 1382/2115/1991 1379/2117/1993 1375/2118/1994
f 1379/2117/1993 1378/2119/1995 1376/2120/1995
f 1376/2120/1995 1375/2118/1994 1379/2117/1993

# Mesh
g Circle.010
usemtl DefaultMaterial
f 1387/2124/1999 1384/2121/1996 1385/2122/1997
f 1385/2122/1997 1386/2123/1998 1387/2124/1999
f 1386/2123/1998 1385/2122/1997 1388/2125/2000
f 1388/2125/2000 1389/2126/2001 1386/2123/1998
f 1391/2128/2003 1386/2123/1998 1389/2126/2001
f 1389/2126/2001 1390/2127/2002 1391/2128/2003
f 1392/2129/2004 1387/2124/1999 1386/2123/1998
f 1386/2123/1998 1391/2128/2003 1392/2129/2004
f 1396/2133/2008 1393/2130/2005 1394/2131/2006
f 1394/2131/2006 1395/2132/2007 1396/2133/2008
f 1395/2132/2007 1394/2131/2006 1397/2134/2009
f 1397/2134/2009 1398/2135/2010 1395/2132/2007
f 1400/2137/2012 1395/2132/2007 1398/2135/2010
f 1398/2135/2010 1399/2136/2011 1400/2137/2012
f 1401/2138/2013 1396/2133/2008 1395/2132/2007
f 1395/2132/2007 1400/2137/2012 1401/2138/2013
f 1405/2142/2017 1402/2139/2014 1403/2140/2015
f 1403/2140/2015 1404/2141/2016 1405/2142/2017
f 1404/2141/2016 1403/2140/2015 1406/2143/2018
f 1406/2143/2018 1407/2144/2019 1404/2141/2016
f 1409/2146/2021 1404/2141/2016 1407/2144/2019
f 1407/2144/2019 1408/2145/2020 1409/2146/2021
f 1410/2147/2022 1405/2142/2017 1404/2141/2016
f 1404/2141/2016 1409/2146/2021 1410/2147/2022
f 1414/2151/2026 1411/2148/2023 1412/2149/2024
f 1412/2149/2024 1413/2150/2025 1414/2151/2026
f 1413/2150/2025 1412/2149/2024 1415/2152/2027
f 1415/2152/2027 1416/2153/2028 1413/2150/2025
f 1418/2155/2030 1413/2150/2025 1416/2153/2028
f 1416/2153/2028 1417/2154/2029 1418/2155/2030
f 1419/2156/2031 1414/2151/2026 1413/2150/2025
f 1413/2150/2025 1418/2155/2030 1419/2156/2031
f 1423/2160/2035 1420/2157/2032 1421/2158/2033
f 1421/2158/2033 1422/2159/2034 1423/2160/2035
f 1422/2159/2034 1421/2158/2033 1424/2161/2036
f 1424/2161/2036 1425/2162/2037 1422/2159/2034
f 1427/2164/2039 1422/2159/2034 1425/2162/2037
f 1425/2162/2037 1426/2163/2038 1427/2164/2039
f 1428/2165/2040 1423/2160/2035 1422/2159/2034
f 1422/2159/2034 1427/2164/2039 1428/2165/2040
f 1432/2169/2044 1429/2166/2041 1430/2167/2042
f 1430/2167/2042 1431/2168/2043 1432/2169/2044
f 1431/2168/2043 1430/2167/2042 1433/2170/2045
f 1433/2170/2045 1434/2171/2046 1431/2168/2043
f 1436/2175/2048 1431/2172/2043 1434/2173/2046
f 1434/2173/2046 1435/2174/2047 1436/2175/2048
f 1411/2177/2023 1432/2176/2044 1431/2172/2043
f 1431/2172/2043 1436/2175/2048 1411/2177/2023
f 1440/2181/2052 1437/2178/2049 1438/2179/2050
f 1438/2179/2050 1439/2180/2051 1440/2181/2052
f 1439/2180/2051 1438/2179/2050 1441/2182/2053
f 1441/2182/2053 1442/2183/2054 1439/2180/2051
f 1444/2187/2056 1439/2184/2051 1442/2185/2054
f 1442/2185/2054 1443/2186/2055 1444/2187/2056
f 1401/2189/2013 1440/2188/2052 1439/2184/2051
f 1439/2184/2051 1444/2187/2056 1401/2189/2013
f 1448/2193/2060 1445/2190/2057 1446/2191/2058
f 1446/2191/2058 1447/2192/2059 1448/2193/2060
f 1447/2192/2059 1446/2191/2058 1449/2194/2061
f 1449/2194/2061 1450/2195/2062 1447/2192/2059
f 1451/2199/2063 1447/2196/2059 1450/2197/2062
f 1450/2197/2062 1399/2198/2011 1451/2199/2063
f 1452/2201/2064 1448/2200/2060 1447/2196/2059
f 1447/2196/2059 1451/2199/2063 1452/2201/2064
f 1456/2205/2068 1453/2202/2065 1454/2203/2066
f 1454/2203/2066 1455/2204/2067 1456/2205/2068
f 1455/2204/2067 1454/2203/2066 1457/2206/2069
f 1457/2206/2069 1458/2207/2070 1455/2204/2067
f 1391/2211/2003 1455/2208/2067 1458/2209/2070
f 1458/2209/2070 1392/2210/2004 1391/2211/2003
f 1390/2213/2002 1456/2212/2068 1455/2208/2067
f 1455/2208/2067 1391/2211/2003 1390/2213/2002
f 1430/2217/2042 1429/2214/2041 1459/2215/2071
f 1459/2215/2071 1460/2216/2072 1430/2217/2042
f 1460/2216/2072 1459/2215/2071 1461/2218/2073
f 1461/2218/2073 1462/2219/2074 1460/2216/2072
f 1464/2221/2076 1460/2216/2072 1462/2219/2074
f 1462/2219/2074 1463/2220/2075 1464/2221/2076
f 1433/2222/2045 1430/2217/2042 1460/2216/2072
f 1460/2216/2072 1464/2221/2076 1433/2222/2045
f 1468/2226/2080 1465/2223/2077 1466/2224/2078
f 1466/2224/2078 1467/2225/2079 1468/2226/2080
f 1467/2225/2079 1466/2224/2078 1443/2227/2055
f 1443/2227/2055 1469/2228/2081 1467/2225/2079
f 1471/2230/2083 1467/2225/2079 1469/2228/2081
f 1469/2228/2081 1470/2229/2082 1471/2230/2083
f 1435/2231/2047 1468/2226/2080 1467/2225/2079
f 1467/2225/2079 1471/2230/2083 1435/2231/2047
f 1475/2235/2087 1472/2232/2084 1473/2233/2085
f 1473/2233/2085 1474/2234/2086 1475/2235/2087
f 1474/2234/2086 1473/2233/2085 1476/2236/2088
f 1476/2236/2088 1477/2237/2089 1474/2234/2086
f 1454/2239/2066 1474/2234/2086 1477/2237/2089
f 1477/2237/2089 1457/2238/2069 1454/2239/2066
f 1453/2240/2065 1475/2235/2087 1474/2234/2086
f 1474/2234/2086 1454/2239/2066 1453/2240/2065
f 1481/2244/2093 1478/2241/2090 1479/2242/2091
f 1479/2242/2091 1480/2243/2092 1481/2244/2093
f 1480/2243/2092 1479/2242/2091 1482/2245/2094
f 1482/2245/2094 1483/2246/2095 1480/2243/2092
f 1485/2248/2097 1480/2243/2092 1483/2246/2095
f 1483/2246/2095 1484/2247/2096 1485/2248/2097
f 1486/2249/2098 1481/2244/2093 1480/2243/2092
f 1480/2243/2092 1485/2248/2097 1486/2249/2098
f 1407/2144/2019 1406/2143/2018 1487/2250/2099
f 1487/2250/2099 1488/2251/2100 1407/2144/2019
f 1488/2251/2100 1487/2250/2099 1489/2252/2101
f 1489/2252/2101 1490/2253/2102 1488/2251/2100
f 1492/2255/2104 1488/2251/2100 1490/2253/2102
f 1490/2253/2102 1491/2254/2103 1492/2255/2104
f 1408/2145/2020 1407/2144/2019 1488/2251/2100
f 1488/2251/2100 1492/2255/2104 1408/2145/2020
f 1477/2237/2089 1476/2236/2088 1493/2256/2105
f 1493/2256/2105 1494/2257/2106 1477/2237/2089
f 1494/2257/2106 1493/2256/2105 1495/2258/2107
f 1495/2258/2107 1496/2259/2108 1494/2257/2106
f 1498/2261/2110 1494/2257/2106 1496/2259/2108
f 1496/2259/2108 1497/2260/2109 1498/2261/2110
f 1457/2238/2069 1477/2237/2089 1494/2257/2106
f 1494/2257/2106 1498/2261/2110 1457/2238/2069
f 1502/2265/2114 1499/2262/2111 1500/2263/2112
f 1500/2263/2112 1501/2264/2113 1502/2265/2114
f 1501/2264/2113 1500/2263/2112 1503/2266/2115
f 1503/2266/2115 1504/2267/2116 1501/2264/2113
f 1506/2269/2118 1501/2264/2113 1504/2267/2116
f 1504/2267/2116 1505/2268/2117 1506/2269/2118
f 1452/2270/2064 1502/2265/2114 1501/2264/2113
f 1501/2264/2113 1506/2269/2118 1452/2270/2064
f 1510/2274/2122 1507/2271/2119 1508/2272/2120
f 1508/2272/2120 1509/2273/2121 1510/2274/2122
f 1509/2273/2121 1508/2272/2120 1472/2232/2084
f 1472/2232/2084 1475/2235/2087 1509/2273/2121
f 1511/2275/2123 1509/2273/2121 1475/2235/2087
f 1475/2235/2087 1453/2240/2065 1511/2275/2123
f 1512/2276/2124 1510/2274/2122 1509/2273/2121
f 1509/2273/2121 1511/2275/2123 1512/2276/2124
f 1516/2280/2128 1513/2277/2125 1514/2278/2126
f 1514/2278/2126 1515/2279/2127 1516/2280/2128
f 1515/2279/2127 1514/2278/2126 1517/2281/2129
f 1517/2281/2129 1518/2282/2130 1515/2279/2127
f 1520/2284/2132 1515/2279/2127 1518/2282/2130
f 1518/2282/2130 1519/2283/2131 1520/2284/2132
f 1521/2285/2133 1516/2280/2128 1515/2279/2127
f 1515/2279/2127 1520/2284/2132 1521/2285/2133
f 1523/2287/2135 1428/2165/2040 1427/2164/2039
f 1427/2164/2039 1522/2286/2134 1523/2287/2135
f 1522/2286/2134 1427/2164/2039 1426/2163/2038
f 1426/2163/2038 1524/2288/2136 1522/2286/2134
f 1459/2215/2071 1522/2286/2134 1524/2288/2136
f 1524/2288/2136 1461/2218/2073 1459/2215/2071
f 1429/2214/2041 1523/2287/2135 1522/2286/2134
f 1522/2286/2134 1459/2215/2071 1429/2214/2041
f 1496/2259/2108 1495/2258/2107 1525/2289/2137
f 1525/2289/2137 1526/2290/2138 1496/2259/2108
f 1526/2290/2138 1525/2289/2137 1527/2291/2139
f 1527/2291/2139 1528/2292/2140 1526/2290/2138
f 1529/2294/2141 1526/2290/2138 1528/2292/2140
f 1528/2292/2140 1445/2293/2057 1529/2294/2141
f 1497/2260/2109 1496/2259/2108 1526/2290/2138
f 1526/2290/2138 1529/2294/2141 1497/2260/2109
f 1532/2298/2144 1410/2295/2022 1530/2296/2142
f 1530/2296/2142 1531/2297/2143 1532/2298/2144
f 1531/2302/2143 1530/2299/2142 1533/2300/2145
f 1533/2300/2145 1534/2301/2146 1531/2302/2143
f 1535/2304/2147 1531/2302/2143 1534/2301/2146
f 1534/2301/2146 1484/2303/2096 1535/2304/2147
f 1536/2306/2148 1532/2298/2144 1531/2297/2143
f 1531/2297/2143 1535/2305/2147 1536/2306/2148
f 1540/2310/2152 1537/2307/2149 1538/2308/2150
f 1538/2308/2150 1539/2309/2151 1540/2310/2152
f 1539/2309/2151 1538/2308/2150 1536/2311/2148
f 1536/2311/2148 1541/2312/2153 1539/2309/2151
f 1421/2158/2033 1539/2309/2151 1541/2312/2153
f 1541/2312/2153 1424/2161/2036 1421/2158/2033
f 1420/2157/2032 1540/2310/2152 1539/2309/2151
f 1539/2309/2151 1421/2158/2033 1420/2157/2032
f 1490/2253/2102 1489/2252/2101 1542/2313/2154
f 1542/2313/2154 1543/2314/2155 1490/2253/2102
f 1543/2314/2155 1542/2313/2154 1507/2271/2119
f 1507/2271/2119 1510/2274/2122 1543/2314/2155
f 1544/2315/2156 1543/2314/2155 1510/2274/2122
f 1510/2274/2122 1512/2276/2124 1544/2315/2156
f 1491/2254/2103 1490/2253/2102 1543/2314/2155
f 1543/2314/2155 1544/2315/2156 1491/2254/2103
f 1546/2317/2158 1419/2156/2031 1418/2155/2030
f 1418/2155/2030 1545/2316/2157 1546/2317/2158
f 1545/2316/2157 1418/2155/2030 1417/2154/2029
f 1417/2154/2029 1547/2318/2159 1545/2316/2157
f 1479/2242/2091 1545/2316/2157 1547/2318/2159
f 1547/2318/2159 1482/2245/2094 1479/2242/2091
f 1478/2241/2090 1546/2317/2158 1545/2316/2157
f 1545/2316/2157 1479/2242/2091 1478/2241/2090
f 1551/2322/2163 1548/2319/2160 1549/2320/2161
f 1549/2320/2161 1550/2321/2162 1551/2322/2163
f 1550/2321/2162 1549/2320/2161 1552/2323/2164
f 1552/2323/2164 1553/2324/2165 1550/2321/2162
f 1554/2326/2166 1550/2321/2162 1553/2324/2165
f 1553/2324/2165 1533/2325/2145 1554/2326/2166
f 1555/2327/2167 1551/2322/2163 1550/2321/2162
f 1550/2321/2162 1554/2326/2166 1555/2327/2167
f 1557/2331/2169 1408/2328/2020 1492/2329/2104
f 1492/2329/2104 1556/2330/2168 1557/2331/2169
f 1556/2330/2168 1492/2329/2104 1491/2332/2103
f 1491/2332/2103 1558/2333/2170 1556/2330/2168
f 1559/2337/2171 1556/2334/2168 1558/2335/2170
f 1558/2335/2170 1519/2336/2131 1559/2337/2171
f 1555/2339/2167 1557/2338/2169 1556/2334/2168
f 1556/2334/2168 1559/2337/2171 1555/2339/2167
f 1561/2343/2173 1537/2340/2149 1540/2341/2152
f 1540/2341/2152 1560/2342/2172 1561/2343/2173
f 1560/2342/2172 1540/2341/2152 1420/2344/2032
f 1420/2344/2032 1562/2345/2174 1560/2342/2172
f 1481/2349/2093 1560/2346/2172 1562/2347/2174
f 1562/2347/2174 1478/2348/2090 1481/2349/2093
f 1486/2351/2098 1561/2350/2173 1560/2346/2172
f 1560/2346/2172 1481/2349/2093 1486/2351/2098
f 1558/2333/2170 1491/2332/2103 1544/2352/2156
f 1544/2352/2156 1563/2353/2175 1558/2333/2170
f 1563/2353/2175 1544/2352/2156 1512/2354/2124
f 1512/2354/2124 1564/2355/2176 1563/2353/2175
f 1520/2359/2132 1563/2356/2175 1564/2357/2176
f 1564/2357/2176 1521/2358/2133 1520/2359/2132
f 1519/2336/2131 1558/2335/2170 1563/2356/2175
f 1563/2356/2175 1520/2359/2132 1519/2336/2131
f 1466/2224/2078 1465/2223/2077 1565/2360/2177
f 1565/2360/2177 1566/2361/2178 1466/2224/2078
f 1566/2361/2178 1565/2360/2177 1393/2130/2005
f 1393/2130/2005 1396/2133/2008 1566/2361/2178
f 1444/2362/2056 1566/2361/2178 1396/2133/2008
f 1396/2133/2008 1401/2138/2013 1444/2362/2056
f 1443/2227/2055 1466/2224/2078 1566/2361/2178
f 1566/2361/2178 1444/2362/2056 1443/2227/2055
f 1425/2366/2037 1424/2363/2036 1567/2364/2179
f 1567/2364/2179 1568/2365/2180 1425/2366/2037
f 1568/2370/2180 1567/2367/2179 1482/2368/2094
f 1482/2368/2094 1547/2369/2159 1568/2370/2180
f 1569/2372/2181 1568/2370/2180 1547/2369/2159
f 1547/2369/2159 1417/2371/2029 1569/2372/2181
f 1426/2374/2038 1425/2366/2037 1568/2365/2180
f 1568/2365/2180 1569/2373/2181 1426/2374/2038
f 1389/2126/2001 1388/2125/2000 1570/2375/2182
f 1570/2375/2182 1571/2376/2183 1389/2126/2001
f 1571/2376/2183 1570/2375/2182 1513/2277/2125
f 1513/2277/2125 1516/2280/2128 1571/2376/2183
f 1572/2377/2184 1571/2376/2183 1516/2280/2128
f 1516/2280/2128 1521/2285/2133 1572/2377/2184
f 1390/2127/2002 1389/2126/2001 1571/2376/2183
f 1571/2376/2183 1572/2377/2184 1390/2127/2002
f 1450/2195/2062 1449/2194/2061 1573/2378/2185
f 1573/2378/2185 1574/2379/2186 1450/2195/2062
f 1574/2379/2186 1573/2378/2185 1437/2178/2049
f 1437/2178/2049 1440/2181/2052 1574/2379/2186
f 1400/2381/2012 1574/2380/2186 1440/2188/2052
f 1440/2188/2052 1401/2189/2013 1400/2381/2012
f 1399/2198/2011 1450/2197/2062 1574/2380/2186
f 1574/2380/2186 1400/2381/2012 1399/2198/2011
f 1462/2385/2074 1461/2382/2073 1575/2383/2187
f 1575/2383/2187 1576/2384/2188 1462/2385/2074
f 1576/2389/2188 1575/2386/2187 1415/2387/2027
f 1415/2387/2027 1577/2388/2189 1576/2389/2188
f 1578/2391/2190 1576/2389/2188 1577/2388/2189
f 1577/2388/2189 1470/2390/2082 1578/2391/2190
f 1463/2393/2075 1462/2385/2074 1576/2384/2188
f 1576/2384/2188 1578/2392/2190 1463/2393/2075
f 1436/2395/2048 1435/2231/2047 1471/2230/2083
f 1471/2230/2083 1579/2394/2191 1436/2395/2048
f 1579/2394/2191 1471/2230/2083 1470/2229/2082
f 1470/2229/2082 1577/2396/2189 1579/2394/2191
f 1412/2149/2024 1579/2394/2191 1577/2396/2189
f 1577/2396/2189 1415/2152/2027 1412/2149/2024
f 1411/2148/2023 1436/2395/2048 1579/2394/2191
f 1579/2394/2191 1412/2149/2024 1411/2148/2023
f 1581/2398/2193 1433/2222/2045 1464/2221/2076
f 1464/2221/2076 1580/2397/2192 1581/2398/2193
f 1580/2397/2192 1464/2221/2076 1463/2220/2075
f 1463/2220/2075 1582/2399/2194 1580/2397/2192
f 1583/2401/2195 1580/2397/2192 1582/2399/2194
f 1582/2399/2194 1441/2400/2053 1583/2401/2195
f 1584/2402/2196 1581/2398/2193 1580/2397/2192
f 1580/2397/2192 1583/2401/2195 1584/2402/2196
f 1524/2404/2136 1426/2374/2038 1569/2373/2181
f 1569/2373/2181 1585/2403/2197 1524/2404/2136
f 1585/2406/2197 1569/2372/2181 1417/2371/2029
f 1417/2371/2029 1416/2405/2028 1585/2406/2197
f 1575/2386/2187 1585/2406/2197 1416/2405/2028
f 1416/2405/2028 1415/2387/2027 1575/2386/2187
f 1461/2382/2073 1524/2404/2136 1585/2403/2197
f 1585/2403/2197 1575/2383/2187 1461/2382/2073
f 1530/2296/2142 1410/2295/2022 1409/2407/2021
f 1409/2407/2021 1586/2408/2198 1530/2296/2142
f 1586/2408/2198 1409/2407/2021 1408/2328/2020
f 1408/2328/2020 1557/2331/2169 1586/2408/2198
f 1554/2410/2166 1586/2409/2198 1557/2338/2169
f 1557/2338/2169 1555/2339/2167 1554/2410/2166
f 1533/2300/2145 1530/2299/2142 1586/2409/2198
f 1586/2409/2198 1554/2410/2166 1533/2300/2145
f 1541/2412/2153 1536/2306/2148 1535/2305/2147
f 1535/2305/2147 1587/2411/2199 1541/2412/2153
f 1587/2414/2199 1535/2304/2147 1484/2303/2096
f 1484/2303/2096 1483/2413/2095 1587/2414/2199
f 1567/2367/2179 1587/2414/2199 1483/2413/2095
f 1483/2413/2095 1482/2368/2094 1567/2367/2179
f 1424/2363/2036 1541/2412/2153 1587/2411/2199
f 1587/2411/2199 1567/2364/2179 1424/2363/2036
f 1582/2416/2194 1463/2393/2075 1578/2392/2190
f 1578/2392/2190 1588/2415/2200 1582/2416/2194
f 1588/2418/2200 1578/2391/2190 1470/2390/2082
f 1470/2390/2082 1469/2417/2081 1588/2418/2200
f 1442/2185/2054 1588/2418/2200 1469/2417/2081
f 1469/2417/2081 1443/2186/2055 1442/2185/2054
f 1441/2182/2053 1582/2416/2194 1588/2415/2200
f 1588/2415/2200 1442/2183/2054 1441/2182/2053
f 1458/2207/2070 1457/2206/2069 1498/2419/2110
f 1498/2419/2110 1589/2420/2201 1458/2207/2070
f 1589/2420/2201 1498/2419/2110 1497/2421/2109
f 1497/2421/2109 1590/2422/2202 1589/2420/2201
f 1591/2426/2203 1589/2423/2201 1590/2424/2202
f 1590/2424/2202 1505/2425/2117 1591/2426/2203
f 1392/2210/2004 1458/2209/2070 1589/2423/2201
f 1589/2423/2201 1591/2426/2203 1392/2210/2004
f 1590/2422/2202 1497/2421/2109 1529/2427/2141
f 1529/2427/2141 1592/2428/2204 1590/2422/2202
f 1592/2428/2204 1529/2427/2141 1445/2190/2057
f 1445/2190/2057 1448/2193/2060 1592/2428/2204
f 1506/2430/2118 1592/2429/2204 1448/2200/2060
f 1448/2200/2060 1452/2201/2064 1506/2430/2118
f 1505/2425/2117 1590/2424/2202 1592/2429/2204
f 1592/2429/2204 1506/2430/2118 1505/2425/2117
f 1564/2355/2176 1512/2354/2124 1511/2431/2123
f 1511/2431/2123 1593/2432/2205 1564/2355/2176
f 1593/2432/2205 1511/2431/2123 1453/2202/2065
f 1453/2202/2065 1456/2205/2068 1593/2432/2205
f 1572/2434/2184 1593/2433/2205 1456/2212/2068
f 1456/2212/2068 1390/2213/2002 1572/2434/2184
f 1521/2358/2133 1564/2357/2176 1593/2433/2205
f 1593/2433/2205 1572/2434/2184 1521/2358/2133
f 1595/2438/2207 1428/2435/2040 1523/2436/2135
f 1523/2436/2135 1594/2437/2206 1595/2438/2207
f 1594/2437/2206 1523/2436/2135 1429/2166/2041
f 1429/2166/2041 1432/2169/2044 1594/2437/2206
f 1414/2440/2026 1594/2439/2206 1432/2176/2044
f 1432/2176/2044 1411/2177/2023 1414/2440/2026
f 1419/2442/2031 1595/2441/2207 1594/2439/2206
f 1594/2439/2206 1414/2440/2026 1419/2442/2031
f 1599/2446/2211 1596/2443/2208 1597/2444/2209
f 1597/2444/2209 1598/2445/2210 1599/2446/2211
f 1598/2450/2210 1597/2447/2209 1393/2448/2005
f 1393/2448/2005 1565/2449/2177 1598/2450/2210
f 1600/2452/2212 1598/2450/2210 1565/2449/2177
f 1565/2449/2177 1465/2451/2077 1600/2452/2212
f 1584/2454/2196 1599/2446/2211 1598/2445/2210
f 1598/2445/2210 1600/2453/2212 1584/2454/2196
f 1434/2171/2046 1433/2170/2045 1581/2455/2193
f 1581/2455/2193 1601/2456/2213 1434/2171/2046
f 1601/2456/2213 1581/2455/2193 1584/2454/2196
f 1584/2454/2196 1600/2453/2212 1601/2456/2213
f 1468/2458/2080 1601/2457/2213 1600/2452/2212
f 1600/2452/2212 1465/2451/2077 1468/2458/2080
f 1435/2174/2047 1434/2173/2046 1601/2457/2213
f 1601/2457/2213 1468/2458/2080 1435/2174/2047
f 1403/2462/2015 1402/2459/2014 1602/2460/2214
f 1602/2460/2214 1603/2461/2215 1403/2462/2015
f 1603/2466/2215 1602/2463/2214 1552/2464/2164
f 1552/2464/2164 1549/2465/2161 1603/2466/2215
f 1604/2468/2216 1603/2466/2215 1549/2465/2161
f 1549/2465/2161 1548/2467/2160 1604/2468/2216
f 1406/2470/2018 1403/2462/2015 1603/2461/2215
f 1603/2461/2215 1604/2469/2216 1406/2470/2018
f 1473/2474/2085 1472/2471/2084 1605/2472/2217
f 1605/2472/2217 1606/2473/2218 1473/2474/2085
f 1606/2478/2218 1605/2475/2217 1388/2476/2000
f 1388/2476/2000 1385/2477/1997 1606/2478/2218
f 1607/2480/2219 1606/2478/2218 1385/2477/1997
f 1385/2477/1997 1384/2479/1996 1607/2480/2219
f 1476/2482/2088 1473/2474/2085 1606/2473/2218
f 1606/2473/2218 1607/2481/2219 1476/2482/2088
f 1611/2486/2223 1608/2483/2220 1609/2484/2221
f 1609/2484/2221 1610/2485/2222 1611/2486/2223
f 1610/2490/2222 1609/2487/2221 1397/2488/2009
f 1397/2488/2009 1394/2489/2006 1610/2490/2222
f 1597/2447/2209 1610/2490/2222 1394/2489/2006
f 1394/2489/2006 1393/2448/2005 1597/2447/2209
f 1596/2443/2208 1611/2486/2223 1610/2485/2222
f 1610/2485/2222 1597/2444/2209 1596/2443/2208
f 1602/2460/2214 1402/2459/2014 1612/2491/2224
f 1612/2491/2224 1613/2492/2225 1602/2460/2214
f 1613/2492/2225 1612/2491/2224 1537/2340/2149
f 1537/2340/2149 1561/2343/2173 1613/2492/2225
f 1614/2494/2226 1613/2493/2225 1561/2350/2173
f 1561/2350/2173 1486/2351/2098 1614/2494/2226
f 1552/2464/2164 1602/2463/2214 1613/2493/2225
f 1613/2493/2225 1614/2494/2226 1552/2464/2164
f 1617/2498/2229 1527/2495/2139 1615/2496/2227
f 1615/2496/2227 1616/2497/2228 1617/2498/2229
f 1616/2502/2228 1615/2499/2227 1499/2500/2111
f 1499/2500/2111 1618/2501/2230 1616/2502/2228
f 1609/2487/2221 1616/2502/2228 1618/2501/2230
f 1618/2501/2230 1397/2488/2009 1609/2487/2221
f 1608/2483/2220 1617/2498/2229 1616/2497/2228
f 1616/2497/2228 1609/2484/2221 1608/2483/2220
f 1562/2345/2174 1420/2344/2032 1423/2503/2035
f 1423/2503/2035 1619/2504/2231 1562/2345/2174
f 1619/2504/2231 1423/2503/2035 1428/2435/2040
f 1428/2435/2040 1595/2438/2207 1619/2504/2231
f 1546/2506/2158 1619/2505/2231 1595/2441/2207
f 1595/2441/2207 1419/2442/2031 1546/2506/2158
f 1478/2348/2090 1562/2347/2174 1619/2505/2231
f 1619/2505/2231 1546/2506/2158 1478/2348/2090
f 1487/2508/2099 1406/2470/2018 1604/2469/2216
f 1604/2469/2216 1620/2507/2232 1487/2508/2099
f 1620/2510/2232 1604/2468/2216 1548/2467/2160
f 1548/2467/2160 1621/2509/2233 1620/2510/2232
f 1622/2512/2234 1620/2510/2232 1621/2509/2233
f 1621/2509/2233 1517/2511/2129 1622/2512/2234
f 1489/2514/2101 1487/2508/2099 1620/2507/2232
f 1620/2507/2232 1622/2513/2234 1489/2514/2101
f 1525/2518/2137 1495/2515/2107 1623/2516/2235
f 1623/2516/2235 1624/2517/2236 1525/2518/2137
f 1624/2522/2236 1623/2519/2235 1503/2520/2115
f 1503/2520/2115 1500/2521/2112 1624/2522/2236
f 1615/2499/2227 1624/2522/2236 1500/2521/2112
f 1500/2521/2112 1499/2500/2111 1615/2499/2227
f 1527/2495/2139 1525/2518/2137 1624/2517/2236
f 1624/2517/2236 1615/2496/2227 1527/2495/2139
f 1508/2526/2120 1507/2523/2119 1625/2524/2237
f 1625/2524/2237 1626/2525/2238 1508/2526/2120
f 1626/2530/2238 1625/2527/2237 1513/2528/2125
f 1513/2528/2125 1570/2529/2182 1626/2530/2238
f 1605/2475/2217 1626/2530/2238 1570/2529/2182
f 1570/2529/2182 1388/2476/2000 1605/2475/2217
f 1472/2471/2084 1508/2526/2120 1626/2525/2238
f 1626/2525/2238 1605/2472/2217 1472/2471/2084
f 1493/2532/2105 1476/2482/2088 1607/2481/2219
f 1607/2481/2219 1627/2531/2239 1493/2532/2105
f 1627/2534/2239 1607/2480/2219 1384/2479/1996
f 1384/2479/1996 1628/2533/2240 1627/2534/2239
f 1623/2519/2235 1627/2534/2239 1628/2533/2240
f 1628/2533/2240 1503/2520/2115 1623/2519/2235
f 1495/2515/2107 1493/2532/2105 1627/2531/2239
f 1627/2531/2239 1623/2516/2235 1495/2515/2107
f 1612/2536/2224 1402/2139/2014 1405/2142/2017
f 1405/2142/2017 1629/2535/2241 1612/2536/2224
f 1629/2535/2241 1405/2142/2017 1410/2147/2022
f 1410/2147/2022 1532/2537/2144 1629/2535/2241
f 1538/2308/2150 1629/2535/2241 1532/2537/2144
f 1532/2537/2144 1536/2311/2148 1538/2308/2150
f 1537/2307/2149 1612/2536/2224 1629/2535/2241
f 1629/2535/2241 1538/2308/2150 1537/2307/2149
f 1542/2539/2154 1489/2514/2101 1622/2513/2234
f 1622/2513/2234 1630/2538/2242 1542/2539/2154
f 1630/2541/2242 1622/2512/2234 1517/2511/2129
f 1517/2511/2129 1514/2540/2126 1630/2541/2242
f 1625/2527/2237 1630/2541/2242 1514/2540/2126
f 1514/2540/2126 1513/2528/2125 1625/2527/2237
f 1507/2523/2119 1542/2539/2154 1630/2538/2242
f 1630/2538/2242 1625/2524/2237 1507/2523/2119
f 1632/2545/2244 1596/2542/2208 1599/2543/2211
f 1599/2543/2211 1631/2544/2243 1632/2545/2244
f 1631/2544/2243 1599/2543/2211 1584/2402/2196
f 1584/2402/2196 1583/2401/2195 1631/2544/2243
f 1438/2546/2050 1631/2544/2243 1583/2401/2195
f 1583/2401/2195 1441/2400/2053 1438/2546/2050
f 1437/2547/2049 1632/2545/2244 1631/2544/2243
f 1631/2544/2243 1438/2546/2050 1437/2547/2049
f 1614/2549/2226 1486/2249/2098 1485/2248/2097
f 1485/2248/2097 1633/2548/2245 1614/2549/2226
f 1633/2548/2245 1485/2248/2097 1484/2247/2096
f 1484/2247/2096 1534/2550/2146 1633/2548/2245
f 1553/2324/2165 1633/2548/2245 1534/2550/2146
f 1534/2550/2146 1533/2325/2145 1553/2324/2165
f 1552/2323/2164 1614/2549/2226 1633/2548/2245
f 1633/2548/2245 1553/2324/2165 1552/2323/2164
f 1528/2292/2140 1527/2291/2139 1617/2551/2229
f 1617/2551/2229 1634/2552/2246 1528/2292/2140
f 1634/2552/2246 1617/2551/2229 1608/2553/2220
f 1608/2553/2220 1635/2554/2247 1634/2552/2246
f 1446/2556/2058 1634/2552/2246 1635/2554/2247
f 1635/2554/2247 1449/2555/2061 1446/2556/2058
f 1445/2293/2057 1528/2292/2140 1634/2552/2246
f 1634/2552/2246 1446/2556/2058 1445/2293/2057
f 1504/2267/2116 1503/2266/2115 1628/2557/2240
f 1628/2557/2240 1636/2558/2248 1504/2267/2116
f 1636/2558/2248 1628/2557/2240 1384/2121/1996
f 1384/2121/1996 1387/2124/1999 1636/2558/2248
f 1591/2559/2203 1636/2558/2248 1387/2124/1999
f 1387/2124/1999 1392/2129/2004 1591/2559/2203
f 1505/2268/2117 1504/2267/2116 1636/2558/2248
f 1636/2558/2248 1591/2559/2203 1505/2268/2117
f 1635/2554/2247 1608/2553/2220 1611/2560/2223
f 1611/2560/2223 1637/2561/2249 1635/2554/2247
f 1637/2561/2249 1611/2560/2223 1596/2542/2208
f 1596/2542/2208 1632/2545/2244 1637/2561/2249
f 1573/2562/2185 1637/2561/2249 1632/2545/2244
f 1632/2545/2244 1437/2547/2049 1573/2562/2185
f 1449/2555/2061 1635/2554/2247 1637/2561/2249
f 1637/2561/2249 1573/2562/2185 1449/2555/2061
f 1518/2282/2130 1517/2281/2129 1621/2563/2233
f 1621/2563/2233 1638/2564/2250 1518/2282/2130
f 1638/2564/2250 1621/2563/2233 1548/2319/2160
f 1548/2319/2160 1551/2322/2163 1638/2564/2250
f 1559/2565/2171 1638/2564/2250 1551/2322/2163
f 1551/2322/2163 1555/2327/2167 1559/2565/2171
f 1519/2283/2131 1518/2282/2130 1638/2564/2250
f 1638/2564/2250 1559/2565/2171 1519/2283/2131
f 1398/2135/2010 1397/2134/2009 1618/2566/2230
f 1618/2566/2230 1639/2567/2251 1398/2135/2010
f 1639/2567/2251 1618/2566/2230 1499/2262/2111
f 1499/2262/2111 1502/2265/2114 1639/2567/2251
f 1451/2568/2063 1639/2567/2251 1502/2265/2114
f 1502/2265/2114 1452/2270/2064 1451/2568/2063
f 1399/2136/2011 1398/2135/2010 1639/2567/2251
f 1639/2567/2251 1451/2568/2063 1399/2136/2011

# Mesh
g Circle.006
usemtl DefaultMaterial
f 1643/2572/2255 1640/2569/2252 1641/2570/2253
f 1641/2570/2253 1642/2571/2254 1643/2572/2255
f 1642/2571/2254 1641/2570/2253 1644/2573/2256
f 1644/2573/2256 1645/2574/2257 1642/2571/2254
f 1647/2578/2259 1642/2575/2254 1645/2576/2257
f 1645/2576/2257 1646/2577/2258 1647/2578/2259
f 1648/2580/2260 1643/2579/2255 1642/2575/2254
f 1642/2575/2254 1647/2578/2259 1648/2580/2260
f 1652/2584/2264 1649/2581/2261 1650/2582/2262
f 1650/2582/2262 1651/2583/2263 1652/2584/2264
f 1651/2588/2263 1650/2585/2262 1653/2586/2265
f 1653/2586/2265 1654/2587/2266 1651/2588/2263
f 1656/2592/2270 1651/2589/2267 1654/2590/2268
f 1654/2590/2268 1655/2591/2269 1656/2592/2270
f 1657/2594/2272 1652/2593/2271 1651/2589/2267
f 1651/2589/2267 1656/2592/2270 1657/2594/2272
f 1659/2596/2274 1640/2569/2252 1643/2572/2255
f 1643/2572/2255 1658/2595/2273 1659/2596/2274
f 1658/2598/2273 1643/2579/2255 1648/2580/2260
f 1648/2580/2260 1660/2597/2275 1658/2598/2273
f 1662/2600/2277 1658/2598/2273 1660/2597/2275
f 1660/2597/2275 1661/2599/2276 1662/2600/2277
f 1663/2602/2279 1659/2596/2274 1658/2595/2273
f 1658/2595/2273 1662/2601/2278 1663/2602/2279
f 1665/2604/2281 1649/2581/2261 1652/2584/2264
f 1652/2584/2264 1664/2603/2280 1665/2604/2281
f 1664/2606/2283 1652/2593/2271 1657/2594/2272
f 1657/2594/2272 1666/2605/2282 1664/2606/2283
f 1668/2610/2285 1664/2607/2283 1666/2608/2282
f 1666/2608/2282 1667/2609/2284 1668/2610/2285
f 1669/2612/2287 1665/2604/2281 1664/2603/2280
f 1664/2603/2280 1668/2611/2286 1669/2612/2287
f 1671/2614/2289 1663/2602/2279 1662/2601/2278
f 1662/2601/2278 1670/2613/2288 1671/2614/2289
f 1670/2618/2291 1662/2615/2277 1661/2616/2276
f 1661/2616/2276 1672/2617/2290 1670/2618/2291
f 1674/2620/2293 1670/2618/2291 1672/2617/2290
f 1672/2617/2290 1673/2619/2292 1674/2620/2293
f 1675/2624/2295 1671/2621/2289 1670/2622/2288
f 1670/2622/2288 1674/2623/2294 1675/2624/2295
f 1679/2628/2299 1676/2625/2296 1677/2626/2297
f 1677/2626/2297 1678/2627/2298 1679/2628/2299
f 1678/2632/2298 1677/2629/2297 1680/2630/2300
f 1680/2630/2300 1681/2631/2301 1678/2632/2298
f 1683/2634/2303 1678/2632/2298 1681/2631/2301
f 1681/2631/2301 1682/2633/2302 1683/2634/2303
f 1684/2636/2304 1679/2628/2299 1678/2627/2298
f 1678/2627/2298 1683/2635/2303 1684/2636/2304
f 1686/2638/2306 1669/2612/2287 1668/2611/2286
f 1668/2611/2286 1685/2637/2305 1686/2638/2306
f 1685/2640/2305 1668/2610/2285 1667/2609/2284
f 1667/2609/2284 1687/2639/2307 1685/2640/2305
f 1677/2629/2297 1685/2640/2305 1687/2639/2307
f 1687/2639/2307 1680/2630/2300 1677/2629/2297
f 1676/2625/2296 1686/2638/2306 1685/2637/2305
f 1685/2637/2305 1677/2626/2297 1676/2625/2296
f 1689/2642/2309 1675/2624/2295 1674/2623/2294
f 1674/2623/2294 1688/2641/2308 1689/2642/2309
f 1688/2644/2311 1674/2620/2293 1673/2619/2292
f 1673/2619/2292 1690/2643/2310 1688/2644/2311
f 1654/2590/2268 1688/2644/2311 1690/2643/2310
f 1690/2643/2310 1655/2591/2269 1654/2590/2268
f 1653/2586/2265 1689/2642/2309 1688/2641/2308
f 1688/2641/2308 1654/2587/2266 1653/2586/2265
f 1694/2648/2315 1691/2645/2312 1692/2646/2313
f 1692/2646/2313 1693/2647/2314 1694/2648/2315
f 1693/2647/2314 1692/2646/2313 1695/2649/2316
f 1695/2649/2316 1696/2650/2317 1693/2647/2314
f 1698/2652/2319 1693/2647/2314 1696/2650/2317
f 1696/2650/2317 1697/2651/2318 1698/2652/2319
f 1699/2653/2320 1694/2648/2315 1693/2647/2314
f 1693/2647/2314 1698/2652/2319 1699/2653/2320
f 1703/2657/2324 1700/2654/2321 1701/2655/2322
f 1701/2655/2322 1702/2656/2323 1703/2657/2324
f 1702/2656/2323 1701/2655/2322 1704/2658/2325
f 1704/2658/2325 1705/2659/2326 1702/2656/2323
f 1707/2661/2328 1702/2656/2323 1705/2659/2326
f 1705/2659/2326 1706/2660/2327 1707/2661/2328
f 1708/2662/2329 1703/2657/2324 1702/2656/2323
f 1702/2656/2323 1707/2661/2328 1708/2662/2329
f 1712/2666/2333 1709/2663/2330 1710/2664/2331
f 1710/2664/2331 1711/2665/2332 1712/2666/2333
f 1711/2665/2332 1710/2664/2331 1713/2667/2334
f 1713/2667/2334 1714/2668/2335 1711/2665/2332
f 1716/2670/2337 1711/2665/2332 1714/2668/2335
f 1714/2668/2335 1715/2669/2336 1716/2670/2337
f 1717/2671/2338 1712/2666/2333 1711/2665/2332
f 1711/2665/2332 1716/2670/2337 1717/2671/2338
f 1721/2675/2342 1718/2672/2339 1719/2673/2340
f 1719/2673/2340 1720/2674/2341 1721/2675/2342
f 1720/2679/2341 1719/2676/2340 1722/2677/2343
f 1722/2677/2343 1723/2678/2344 1720/2679/2341
f 1725/2683/2348 1720/2680/2345 1723/2681/2346
f 1723/2681/2346 1724/2682/2347 1725/2683/2348
f 1726/2685/2350 1721/2684/2349 1720/2680/2345
f 1720/2680/2345 1725/2683/2348 1726/2685/2350
f 1730/2689/2354 1727/2686/2351 1728/2687/2352
f 1728/2687/2352 1729/2688/2353 1730/2689/2354
f 1729/2688/2353 1728/2687/2352 1731/2690/2355
f 1731/2690/2355 1732/2691/2356 1729/2688/2353
f 1725/2683/2348 1729/2688/2353 1732/2691/2356
f 1732/2691/2356 1726/2685/2350 1725/2683/2348
f 1724/2682/2347 1730/2689/2354 1729/2688/2353
f 1729/2688/2353 1725/2683/2348 1724/2682/2347
f 1735/2695/2359 1699/2692/2320 1733/2693/2357
f 1733/2693/2357 1734/2694/2358 1735/2695/2359
f 1734/2699/2363 1733/2696/2360 1736/2697/2361
f 1736/2697/2361 1737/2698/2362 1734/2699/2363
f 1739/2701/2365 1734/2699/2363 1737/2698/2362
f 1737/2698/2362 1738/2700/2364 1739/2701/2365
f 1740/2703/2367 1735/2695/2359 1734/2694/2358
f 1734/2694/2358 1739/2702/2366 1740/2703/2367
f 1732/2691/2356 1731/2690/2355 1741/2704/2368
f 1741/2704/2368 1742/2705/2369 1732/2691/2356
f 1742/2705/2369 1741/2704/2368 1709/2663/2330
f 1709/2663/2330 1712/2666/2333 1742/2705/2369
f 1743/2706/2370 1742/2705/2369 1712/2666/2333
f 1712/2666/2333 1717/2671/2338 1743/2706/2370
f 1726/2685/2350 1732/2691/2356 1742/2705/2369
f 1742/2705/2369 1743/2706/2370 1726/2685/2350
f 1747/2710/2374 1744/2707/2371 1745/2708/2372
f 1745/2708/2372 1746/2709/2373 1747/2710/2374
f 1746/2709/2373 1745/2708/2372 1748/2711/2375
f 1748/2711/2375 1749/2712/2376 1746/2709/2373
f 1751/2714/2378 1746/2709/2373 1749/2712/2376
f 1749/2712/2376 1750/2713/2377 1751/2714/2378
f 1752/2715/2379 1747/2710/2374 1746/2709/2373
f 1746/2709/2373 1751/2714/2378 1752/2715/2379
f 1714/2668/2335 1713/2667/2334 1753/2716/2380
f 1753/2716/2380 1754/2717/2381 1714/2668/2335
f 1754/2717/2381 1753/2716/2380 1744/2707/2371
f 1744/2707/2371 1747/2710/2374 1754/2717/2381
f 1755/2718/2382 1754/2717/2381 1747/2710/2374
f 1747/2710/2374 1752/2715/2379 1755/2718/2382
f 1715/2669/2336 1714/2668/2335 1754/2717/2381
f 1754/2717/2381 1755/2718/2382 1715/2669/2336
f 1759/2722/2386 1756/2719/2383 1757/2720/2384
f 1757/2720/2384 1758/2721/2385 1759/2722/2386
f 1758/2721/2385 1757/2720/2384 1700/2654/2321
f 1700/2654/2321 1703/2657/2324 1758/2721/2385
f 1760/2723/2387 1758/2721/2385 1703/2657/2324
f 1703/2657/2324 1708/2662/2329 1760/2723/2387
f 1761/2724/2388 1759/2722/2386 1758/2721/2385
f 1758/2721/2385 1760/2723/2387 1761/2724/2388
f 1696/2650/2317 1695/2649/2316 1762/2725/2389
f 1762/2725/2389 1763/2726/2390 1696/2650/2317
f 1763/2726/2390 1762/2725/2389 1756/2719/2383
f 1756/2719/2383 1759/2722/2386 1763/2726/2390
f 1764/2727/2391 1763/2726/2390 1759/2722/2386
f 1759/2722/2386 1761/2724/2388 1764/2727/2391
f 1697/2651/2318 1696/2650/2317 1763/2726/2390
f 1763/2726/2390 1764/2727/2391 1697/2651/2318
f 1768/2731/2395 1765/2728/2392 1766/2729/2393
f 1766/2729/2393 1767/2730/2394 1768/2731/2395
f 1767/2730/2394 1766/2729/2393 1727/2686/2351
f 1727/2686/2351 1730/2689/2354 1767/2730/2394
f 1769/2732/2396 1767/2730/2394 1730/2689/2354
f 1730/2689/2354 1724/2682/2347 1769/2732/2396
f 1770/2733/2397 1768/2731/2395 1767/2730/2394
f 1767/2730/2394 1769/2732/2396 1770/2733/2397
f 1774/2737/2401 1771/2734/2398 1772/2735/2399
f 1772/2735/2399 1773/2736/2400 1774/2737/2401
f 1773/2736/2400 1772/2735/2399 1691/2738/2312
f 1691/2738/2312 1694/2739/2315 1773/2736/2400
f 1735/2695/2359 1773/2736/2400 1694/2739/2315
f 1694/2739/2315 1699/2692/2320 1735/2695/2359
f 1740/2703/2367 1774/2737/2401 1773/2736/2400
f 1773/2736/2400 1735/2695/2359 1740/2703/2367
f 1707/2661/2328 1706/2660/2327 1775/2740/2402
f 1775/2740/2402 1776/2741/2403 1707/2661/2328
f 1776/2743/2405 1775/2742/2404 1717/2671/2338
f 1717/2671/2338 1716/2670/2337 1776/2743/2405
f 1777/2744/2406 1776/2743/2405 1716/2670/2337
f 1716/2670/2337 1715/2669/2336 1777/2744/2406
f 1708/2662/2329 1707/2661/2328 1776/2741/2403
f 1776/2741/2403 1777/2745/2407 1708/2662/2329
f 1779/2747/2409 1697/2651/2318 1764/2727/2391
f 1764/2727/2391 1778/2746/2408 1779/2747/2409
f 1778/2746/2408 1764/2727/2391 1761/2724/2388
f 1761/2724/2388 1780/2748/2410 1778/2746/2408
f 1751/2714/2378 1778/2749/2411 1780/2750/2412
f 1780/2750/2412 1752/2715/2379 1751/2714/2378
f 1750/2713/2377 1779/2751/2413 1778/2749/2411
f 1778/2749/2411 1751/2714/2378 1750/2713/2377
f 1784/2755/2417 1781/2752/2414 1782/2753/2415
f 1782/2753/2415 1783/2754/2416 1784/2755/2417
f 1783/2754/2416 1782/2753/2415 1785/2756/2418
f 1785/2756/2418 1786/2757/2419 1783/2754/2416
f 1737/2698/2362 1783/2758/2416 1786/2759/2419
f 1786/2759/2419 1738/2700/2420 1737/2698/2362
f 1736/2697/2361 1784/2760/2417 1783/2758/2416
f 1783/2758/2416 1737/2698/2362 1736/2697/2361
f 1790/2764/2424 1787/2761/2421 1788/2762/2422
f 1788/2762/2422 1789/2763/2423 1790/2764/2424
f 1789/2763/2423 1788/2762/2422 1791/2765/2425
f 1791/2765/2425 1792/2766/2426 1789/2763/2423
f 1794/2768/2428 1789/2763/2423 1792/2766/2426
f 1792/2766/2426 1793/2767/2427 1794/2768/2428
f 1722/2677/2343 1790/2764/2424 1789/2763/2423
f 1789/2763/2423 1794/2768/2428 1722/2677/2343
f 1723/2678/2344 1722/2677/2343 1794/2768/2428
f 1794/2768/2428 1795/2769/2429 1723/2678/2344
f 1795/2769/2429 1794/2768/2428 1793/2767/2427
f 1793/2767/2427 1796/2770/2430 1795/2769/2429
f 1769/2732/2396 1795/2771/2431 1796/2772/2432
f 1796/2772/2432 1770/2733/2433 1769/2732/2396
f 1724/2682/2347 1723/2681/2346 1795/2771/2431
f 1795/2771/2431 1769/2732/2396 1724/2682/2347
f 1800/2776/2437 1797/2773/2434 1798/2774/2435
f 1798/2774/2435 1799/2775/2436 1800/2776/2437
f 1799/2775/2436 1798/2774/2435 1787/2777/2421
f 1787/2777/2421 1790/2778/2424 1799/2775/2436
f 1719/2673/2340 1799/2775/2436 1790/2778/2424
f 1790/2778/2424 1722/2779/2343 1719/2673/2340
f 1718/2672/2339 1800/2776/2437 1799/2775/2436
f 1799/2775/2436 1719/2673/2340 1718/2672/2339
f 1733/2693/2357 1699/2692/2320 1698/2780/2319
f 1698/2780/2319 1801/2781/2438 1733/2693/2357
f 1801/2782/2438 1698/2652/2319 1697/2651/2318
f 1697/2651/2318 1779/2747/2409 1801/2782/2438
f 1802/2784/2440 1801/2783/2439 1779/2751/2413
f 1779/2751/2413 1750/2713/2377 1802/2784/2440
f 1736/2697/2361 1733/2696/2360 1801/2783/2439
f 1801/2783/2439 1802/2784/2440 1736/2697/2361
f 1775/2740/2402 1706/2660/2327 1803/2785/2441
f 1803/2785/2441 1804/2786/2442 1775/2740/2402
f 1804/2786/2442 1803/2785/2441 1718/2672/2339
f 1718/2672/2339 1721/2675/2342 1804/2786/2442
f 1743/2706/2370 1804/2787/2443 1721/2684/2349
f 1721/2684/2349 1726/2685/2350 1743/2706/2370
f 1717/2671/2338 1775/2742/2404 1804/2787/2443
f 1804/2787/2443 1743/2706/2370 1717/2671/2338
f 1780/2748/2410 1761/2724/2388 1760/2723/2387
f 1760/2723/2387 1805/2788/2444 1780/2748/2410
f 1805/2788/2444 1760/2723/2387 1708/2662/2329
f 1708/2662/2329 1777/2745/2407 1805/2788/2444
f 1755/2718/2382 1805/2789/2445 1777/2744/2406
f 1777/2744/2406 1715/2669/2336 1755/2718/2382
f 1752/2715/2379 1780/2750/2412 1805/2789/2445
f 1805/2789/2445 1755/2718/2382 1752/2715/2379
f 1749/2712/2376 1748/2711/2375 1806/2790/2446
f 1806/2790/2446 1807/2791/2447 1749/2712/2376
f 1807/2791/2447 1806/2790/2446 1781/2792/2414
f 1781/2792/2414 1784/2760/2417 1807/2791/2447
f 1802/2784/2440 1807/2791/2447 1784/2760/2417
f 1784/2760/2417 1736/2697/2361 1802/2784/2440
f 1750/2713/2377 1749/2712/2376 1807/2791/2447
f 1807/2791/2447 1802/2784/2440 1750/2713/2377
f 1705/2659/2326 1704/2658/2325 1808/2793/2448
f 1808/2793/2448 1809/2794/2449 1705/2659/2326
f 1809/2794/2449 1808/2793/2448 1797/2773/2434
f 1797/2773/2434 1800/2776/2437 1809/2794/2449
f 1803/2785/2441 1809/2794/2449 1800/2776/2437
f 1800/2776/2437 1718/2672/2339 1803/2785/2441
f 1706/2660/2327 1705/2659/2326 1809/2794/2449
f 1809/2794/2449 1803/2785/2441 1706/2660/2327
f 1811/2796/2451 1765/2728/2392 1768/2731/2395
f 1768/2731/2395 1810/2795/2450 1811/2796/2451
f 1810/2795/2450 1768/2731/2395 1770/2733/2433
f 1770/2733/2433 1796/2772/2432 1810/2795/2450
f 1792/2766/2426 1810/2797/2452 1796/2770/2430
f 1796/2770/2430 1793/2767/2427 1792/2766/2426
f 1791/2765/2425 1811/2798/2453 1810/2797/2452
f 1810/2797/2452 1792/2766/2426 1791/2765/2425
f 1814/2802/2456 1785/2799/2418 1812/2800/2454
f 1812/2800/2454 1813/2801/2455 1814/2802/2456
f 1813/2804/2457 1812/2803/2454 1646/2577/2258
f 1646/2577/2258 1645/2576/2257 1813/2804/2457
f 1815/2808/2458 1813/2805/2458 1645/2806/2458
f 1645/2806/2458 1644/2807/2458 1815/2808/2458
f 1771/2734/2398 1814/2809/2459 1813/2810/2460
f 1813/2810/2460 1815/2811/2461 1771/2734/2398
f 1739/2701/2365 1738/2700/2364 1786/2759/2419
f 1786/2759/2419 1816/2812/2462 1739/2701/2365
f 1816/2812/2462 1786/2759/2419 1785/2799/2418
f 1785/2799/2418 1814/2802/2456 1816/2812/2462
f 1774/2737/2401 1816/2813/2463 1814/2809/2459
f 1814/2809/2459 1771/2734/2398 1774/2737/2401
f 1740/2703/2367 1739/2702/2366 1816/2813/2463
f 1816/2813/2463 1774/2737/2401 1740/2703/2367
f 1683/2634/2303 1682/2633/2302 1817/2814/2464
f 1817/2814/2464 1818/2815/2465 1683/2634/2303
f 1818/2817/2466 1817/2816/2464 1765/2728/2392
f 1765/2728/2392 1811/2796/2451 1818/2817/2466
f 1819/2819/2468 1818/2818/2467 1811/2798/2453
f 1811/2798/2453 1791/2765/2425 1819/2819/2468
f 1684/2823/2469 1683/2820/2469 1818/2821/2469
f 1818/2821/2469 1819/2822/2469 1684/2823/2469
f 1821/2827/2473 1649/2824/2470 1665/2825/2471
f 1665/2825/2471 1820/2826/2472 1821/2827/2473
f 1820/2826/2472 1665/2825/2471 1669/2828/2474
f 1669/2828/2474 1822/2829/2475 1820/2826/2472
f 1808/2793/2448 1820/2826/2472 1822/2829/2475
f 1822/2829/2475 1797/2773/2434 1808/2793/2448
f 1704/2658/2325 1821/2827/2473 1820/2826/2472
f 1820/2826/2472 1808/2793/2448 1704/2658/2325
f 1824/2833/2479 1661/2830/2476 1660/2831/2477
f 1660/2831/2477 1823/2832/2478 1824/2833/2479
f 1823/2835/2478 1660/2597/2477 1648/2580/2480
f 1648/2580/2480 1825/2834/2481 1823/2835/2478
f 1806/2790/2446 1823/2832/2478 1825/2836/2481
f 1825/2836/2481 1781/2792/2414 1806/2790/2446
f 1748/2711/2375 1824/2833/2479 1823/2832/2478
f 1823/2832/2478 1806/2790/2446 1748/2711/2375
f 1822/2829/2475 1669/2828/2474 1686/2837/2482
f 1686/2837/2482 1826/2838/2483 1822/2829/2475
f 1826/2838/2483 1686/2837/2482 1676/2839/2484
f 1676/2839/2484 1827/2840/2485 1826/2838/2483
f 1798/2774/2435 1826/2838/2483 1827/2840/2485
f 1827/2840/2485 1787/2777/2421 1798/2774/2435
f 1797/2773/2434 1822/2829/2475 1826/2838/2483
f 1826/2838/2483 1798/2774/2435 1797/2773/2434
f 1827/2840/2485 1676/2839/2484 1679/2841/2486
f 1679/2841/2486 1828/2842/2487 1827/2840/2485
f 1828/2842/2487 1679/2841/2486 1684/2823/2488
f 1684/2823/2488 1819/2822/2468 1828/2842/2487
f 1788/2762/2422 1828/2843/2487 1819/2819/2468
f 1819/2819/2468 1791/2765/2425 1788/2762/2422
f 1787/2761/2421 1827/2844/2485 1828/2843/2487
f 1828/2843/2487 1788/2762/2422 1787/2761/2421
f 1825/2834/2481 1648/2580/2480 1647/2578/2259
f 1647/2578/2259 1829/2845/2489 1825/2834/2481
f 1829/2845/2489 1647/2578/2259 1646/2577/2258
f 1646/2577/2258 1812/2803/2454 1829/2845/2489
f 1782/2753/2415 1829/2845/2489 1812/2803/2454
f 1812/2803/2454 1785/2756/2418 1782/2753/2415
f 1781/2752/2414 1825/2834/2481 1829/2845/2489
f 1829/2845/2489 1782/2753/2415 1781/2752/2414
f 1815/2808/2461 1644/2807/2490 1641/2846/2491
f 1641/2846/2491 1830/2847/2492 1815/2808/2461
f 1830/2847/2492 1641/2846/2491 1640/2848/2493
f 1640/2848/2493 1831/2849/2494 1830/2847/2492
f 1772/2735/2399 1830/2850/2492 1831/2851/2494
f 1831/2851/2494 1691/2738/2312 1772/2735/2399
f 1771/2734/2398 1815/2811/2461 1830/2850/2492
f 1830/2850/2492 1772/2735/2399 1771/2734/2398
f 1817/2814/2464 1682/2633/2302 1681/2631/2301
f 1681/2631/2301 1832/2852/2495 1817/2814/2464
f 1832/2852/2495 1681/2631/2301 1680/2630/2496
f 1680/2630/2496 1833/2853/2497 1832/2852/2495
f 1766/2729/2393 1832/2854/2495 1833/2855/2497
f 1833/2855/2497 1727/2686/2351 1766/2729/2393
f 1765/2857/2392 1817/2814/2464 1832/2852/2495
f 1832/2852/2495 1766/2856/2393 1765/2857/2392
f 1835/2861/2501 1663/2858/2498 1671/2859/2499
f 1671/2859/2499 1834/2860/2500 1835/2861/2501
f 1834/2860/2500 1671/2859/2499 1675/2862/2502
f 1675/2862/2502 1836/2863/2503 1834/2860/2500
f 1762/2725/2389 1834/2860/2500 1836/2863/2503
f 1836/2863/2503 1756/2719/2383 1762/2725/2389
f 1695/2649/2316 1835/2861/2501 1834/2860/2500
f 1834/2860/2500 1762/2725/2389 1695/2649/2316
f 1836/2863/2503 1675/2862/2502 1689/2864/2504
f 1689/2864/2504 1837/2865/2505 1836/2863/2503
f 1837/2865/2505 1689/2864/2504 1653/2866/2506
f 1653/2866/2506 1838/2867/2507 1837/2865/2505
f 1757/2720/2384 1837/2865/2505 1838/2867/2507
f 1838/2867/2507 1700/2654/2321 1757/2720/2384
f 1756/2719/2383 1836/2863/2503 1837/2865/2505
f 1837/2865/2505 1757/2720/2384 1756/2719/2383
f 1840/2871/2511 1655/2868/2508 1690/2869/2509
f 1690/2869/2509 1839/2870/2510 1840/2871/2511
f 1839/2870/2510 1690/2869/2509 1673/2872/2512
f 1673/2872/2512 1841/2873/2513 1839/2870/2510
f 1753/2716/2380 1839/2870/2510 1841/2873/2513
f 1841/2873/2513 1744/2707/2371 1753/2716/2380
f 1713/2667/2334 1840/2871/2511 1839/2870/2510
f 1839/2870/2510 1753/2716/2380 1713/2667/2334
f 1841/2873/2513 1673/2872/2512 1672/2874/2514
f 1672/2874/2514 1842/2875/2515 1841/2873/2513
f 1842/2875/2515 1672/2874/2514 1661/2830/2476
f 1661/2830/2476 1824/2833/2479 1842/2875/2515
f 1745/2708/2372 1842/2875/2515 1824/2833/2479
f 1824/2833/2479 1748/2711/2375 1745/2708/2372
f 1744/2707/2371 1841/2873/2513 1842/2875/2515
f 1842/2875/2515 1745/2708/2372 1744/2707/2371
f 1844/2879/2519 1667/2876/2516 1666/2877/2517
f 1666/2877/2517 1843/2878/2518 1844/2879/2519
f 1843/2878/2518 1666/2877/2517 1657/2880/2520
f 1657/2880/2520 1845/2881/2521 1843/2878/2518
f 1741/2704/2368 1843/2878/2518 1845/2881/2521
f 1845/2881/2521 1709/2663/2330 1741/2704/2368
f 1731/2690/2355 1844/2879/2519 1843/2878/2518
f 1843/2878/2518 1741/2704/2368 1731/2690/2355
f 1833/2853/2497 1680/2630/2496 1687/2639/2522
f 1687/2639/2522 1846/2882/2523 1833/2853/2497
f 1846/2884/2523 1687/2883/2522 1667/2876/2516
f 1667/2876/2516 1844/2879/2519 1846/2884/2523
f 1728/2687/2352 1846/2884/2523 1844/2879/2519
f 1844/2879/2519 1731/2690/2355 1728/2687/2352
f 1727/2686/2351 1833/2855/2497 1846/2884/2523
f 1846/2884/2523 1728/2687/2352 1727/2686/2351
f 1845/2881/2521 1657/2880/2520 1656/2885/2524
f 1656/2885/2524 1847/2886/2525 1845/2881/2521
f 1847/2886/2525 1656/2885/2524 1655/2868/2508
f 1655/2868/2508 1840/2871/2511 1847/2886/2525
f 1710/2664/2331 1847/2886/2525 1840/2871/2511
f 1840/2871/2511 1713/2667/2334 1710/2664/2331
f 1709/2663/2330 1845/2881/2521 1847/2886/2525
f 1847/2886/2525 1710/2664/2331 1709/2663/2330
f 1838/2867/2507 1653/2866/2506 1650/2887/2526
f 1650/2887/2526 1848/2888/2527 1838/2867/2507
f 1848/2888/2527 1650/2887/2526 1649/2824/2470
f 1649/2824/2470 1821/2827/2473 1848/2888/2527
f 1701/2655/2322 1848/2888/2527 1821/2827/2473
f 1821/2827/2473 1704/2658/2325 1701/2655/2322
f 1700/2654/2321 1838/2867/2507 1848/2888/2527
f 1848/2888/2527 1701/2655/2322 1700/2654/2321
f 1831/2849/2494 1640/2848/2493 1659/2889/2528
f 1659/2889/2528 1849/2890/2529 1831/2849/2494
f 1849/2890/2529 1659/2889/2528 1663/2858/2498
f 1663/2858/2498 1835/2861/2501 1849/2890/2529
f 1692/2646/2313 1849/2890/2529 1835/2861/2501
f 1835/2861/2501 1695/2649/2316 1692/2646/2313
f 1691/2645/2312 1831/2849/2494 1849/2890/2529
f 1849/2890/2529 1692/2646/2313 1691/2645/2312
