mtllib model_0.mtl
o model_0
v 0.02051120065152645 47.921836853027344 29.292619705200195 
v 10.891155242919922 46.64603042602539 29.14996337890625 
v 0.02051120065152645 47.985626220703125 21.1612548828125 
v 10.891155242919922 46.64603042602539 20.990068435668945 
v 0.02051120065152645 47.539093017578125 9.007007598876953 
v 10.809113502502441 46.26329040527344 8.835820198059082 
v 0.02051120065152645 47.539093017578125 8.23666763305664 
v 10.809113502502441 46.26329040527344 8.065481185913086 
v 0.02051120065152645 48.36836624145508 7.608983516693115 
v 10.973197937011719 47.02877426147461 7.409265518188477 
v 10.973197937011719 47.09256362915039 6.439208030700684 
v 21.22852325439453 43.00999069213867 6.753050327301025 
v 21.187501907348633 43.00999069213867 5.754461765289307 
v 30.007081985473633 36.37580871582031 5.697399616241455 
v 29.966060638427734 36.439598083496094 4.698811054229736 
v 36.775596618652344 27.764131546020508 4.584686756134033 
v 36.73457336425781 27.764131546020508 3.5860981941223145 
v 41.000789642333984 17.685279846191406 3.7002224922180176 
v 40.95977020263672 17.685279846191406 2.673103094100952 
v 41.98530197143555 6.9047369956970215 3.1296005249023438 
v 41.944278717041016 6.9047369956970215 2.131012201309204 
v 41.57508850097656 -3.9395971298217773 3.2151939868927 
v 41.53406524658203 -4.003387451171875 2.1880743503570557 
v 39.524024963378906 -14.975301742553711 3.1866629123687744 
v 39.11381149291992 -15.740784645080566 -3.1472413539886475 
v 35.33985137939453 -26.7764892578125 -0.8647534251213074 
v 38.94972610473633 -16.314895629882812 -4.659389495849609 
v 35.33985137939453 -26.904069900512695 -1.8633419275283813 
v 39.277896881103516 -15.102882385253906 -4.06023645401001 
v 41.28793716430664 -4.322338581085205 -4.573796272277832 
v 41.698150634765625 6.649576187133789 -4.630858421325684 
v 40.71364212036133 17.621490478515625 -4.06023645401001 
v 36.48844528198242 27.827922821044922 -3.1187102794647217 
v 29.80197525024414 36.50339126586914 -2.0059974193573 
v 21.064437866210938 43.201358795166016 -0.9218155741691589 
v 10.891155242919922 47.475303649902344 -0.20853810012340546 
v 0.02051120065152645 48.43215560913086 6.6103949546813965 
v 39.277896881103516 -15.35804271697998 -4.9161696434021 
v 41.28793716430664 -4.3861284255981445 -5.230011463165283 
v 41.698150634765625 6.585785865783691 -5.287074089050293 
v 40.71364212036133 17.621490478515625 -4.716452121734619 
v 36.48844528198242 27.827922821044922 -3.8034567832946777 
v 29.80197525024414 36.56718063354492 -2.662212610244751 
v 21.064437866210938 43.201358795166016 -1.5780309438705444 
v 41.28793716430664 -4.449918746948242 -6.257131099700928 
v 41.698150634765625 6.585785865783691 -6.342724800109863 
v 40.71364212036133 17.621490478515625 -5.7435712814331055 
v 36.48844528198242 27.891712188720703 -4.830576419830322 
v 29.80197525024414 36.56718063354492 -3.6893322467803955 
v 21.064437866210938 43.26515197753906 -2.6051504611968994 
v 10.891155242919922 47.66667556762695 -1.8918730020523071 
v 10.891155242919922 47.539093017578125 -0.8647534251213074 
v 0.02051120065152645 49.19763946533203 -1.6921552419662476 
v 0.02051120065152645 49.07006072998047 -0.6650357246398926 
v 0.02051120065152645 48.94247817993164 -0.008820399641990662 
v 0.02051120065152645 -46.67903137207031 33.00166320800781 
v 0.02051120065152645 -46.87040328979492 25.95448112487793 
v 10.439921379089355 -45.33943557739258 32.60222625732422 
v 10.439921379089355 -45.53080749511719 25.55504608154297 
v 20.2440128326416 -41.63960647583008 31.346858978271484 
v 20.2440128326416 -41.51202392578125 24.385269165039062 
v 28.735422134399414 -35.13300323486328 29.692054748535156 
v 28.735422134399414 -35.00542449951172 22.50221824645996 
v 35.33985137939453 -26.393747329711914 27.894596099853516 
v 35.33985137939453 -26.26616668701172 20.305322647094727 
v 39.277896881103516 -14.847721099853516 26.32538414001465 
v 39.277896881103516 -14.720141410827637 18.251083374023438 
v 41.28793716430664 -3.875807046890259 26.068605422973633 
v 41.28793716430664 -3.875807046890259 17.62339973449707 
v 41.698150634765625 6.9047369956970215 26.068605422973633 
v 41.698150634765625 6.9047369956970215 17.480743408203125 
v 40.71364212036133 17.685279846191406 18.02283477783203 
v 40.303428649902344 17.557701110839844 5.183839797973633 
v 36.1602783203125 27.381391525268555 6.068304061889648 
v 36.11925506591797 27.381391525268555 5.26943302154541 
v 29.51482582092285 35.86548614501953 6.353614807128906 
v 0.02051120065152645 -46.4876594543457 16.5677490234375 
v 10.31685733795166 -45.148067474365234 15.997126579284668 
v 20.03890609741211 -41.19307327270508 14.31379222869873 
v 28.448272705078125 -34.75026321411133 11.660399436950684 
v 34.97065734863281 -26.074796676635742 8.493447303771973 
v 38.9087028503418 -14.656351089477539 5.554744243621826 
v 40.87772750854492 -3.812016725540161 4.698811054229736 
v 41.28793716430664 6.9047369956970215 4.613217830657959 
v 40.303428649902344 17.557701110839844 4.356437683105469 
v 0.02051120065152645 -46.42387008666992 15.968595504760742 
v 10.31685733795166 -45.08427810668945 15.3694429397583 
v 19.99788475036621 -41.19307327270508 13.686107635498047 
v 28.448272705078125 -34.68647384643555 10.975652694702148 
v 34.97065734863281 -26.074796676635742 7.751638889312744 
v 38.86768341064453 -14.656351089477539 4.755873203277588 
v 40.83670425415039 -3.812016725540161 3.8714091777801514 
v 41.246917724609375 6.9047369956970215 3.8143470287323 
v 10.521964073181152 -45.84975814819336 14.713227272033691 
v 20.367076873779297 -41.83097457885742 13.029891967773438 
v 28.940526962280273 -35.26058578491211 10.29090690612793 
v 35.58597946166992 -26.457538604736328 7.066892623901367 
v 39.56504440307617 -14.911511421203613 4.1281890869140625 
v 10.521964073181152 -45.91354751586914 13.714638710021973 
v 20.367076873779297 -41.89476776123047 12.002772331237793 
v 28.940526962280273 -35.32437515258789 9.263787269592285 
v 35.58597946166992 -26.52132797241211 6.039772987365723 
v 10.439921379089355 -46.10491943359375 6.952767848968506 
v 20.2440128326416 -42.08613586425781 5.212370872497559 
v 28.735422134399414 -35.57953643798828 2.444854259490967 
v 10.439921379089355 -46.16870880126953 5.982710838317871 
v 20.2440128326416 -42.149925231933594 4.242313385009766 
v 28.735422134399414 -35.64332580566406 1.446265697479248 
v 0.02051120065152645 -47.508304595947266 6.581863880157471 
v 0.02051120065152645 -47.444515228271484 7.5519208908081055 
v 0.02051120065152645 -47.253143310546875 14.285261154174805 
v 0.02051120065152645 -47.253143310546875 15.312379837036133 
v 40.71364212036133 17.685279846191406 26.63922691345215 
v 36.48844528198242 27.57276153564453 18.736112594604492 
v 36.48844528198242 27.57276153564453 27.238380432128906 
v 29.80197525024414 36.1844367980957 19.592044830322266 
v 29.80197525024414 36.1844367980957 27.923126220703125 
v 21.064437866210938 42.75482940673828 20.41944694519043 
v 21.064437866210938 42.75482940673828 28.607872009277344 
v 29.51482582092285 35.86548614501953 7.1524858474731445 
v 20.859331130981445 42.37208938598633 8.179605484008789 
v 20.859331130981445 42.30829620361328 7.409265518188477 
v 0.02051120065152645 49.19763946533203 -1.6921552419662476 
v 0.02051120065152645 47.985626220703125 -1.8633419275283813 
v -10.891154289245605 47.66667556762695 -1.8918730020523071 
v -10.562984466552734 46.45466232299805 -2.0345284938812256 
v -21.064437866210938 43.26515197753906 -2.6051504611968994 
v -20.44911766052246 42.18071746826172 -2.6907436847686768 
v -29.801973342895508 36.56718063354492 -3.6893322467803955 
v -28.899505615234375 35.73790740966797 -3.7178633213043213 
v -36.48844528198242 27.891712188720703 -4.830576419830322 
v -35.42189025878906 27.25381088256836 -4.859107494354248 
v -40.71363830566406 17.621490478515625 -5.7435712814331055 
v -39.483001708984375 17.302539825439453 -5.7435712814331055 
v -41.698150634765625 6.585785865783691 -6.342724800109863 
v -40.426490783691406 6.521995544433594 -6.342724800109863 
v -41.28793716430664 -4.449918746948242 -6.257131099700928 
v -40.05730056762695 -4.322338581085205 -6.2856621742248535 
v -39.27789306640625 -15.35804271697998 -4.9161696434021 
v -38.08827590942383 -15.039092063903809 -5.11588716506958 
v 0.02051120065152645 46.70981979370117 -2.0345284938812256 
v -10.234813690185547 45.242645263671875 -2.1771841049194336 
v -19.792776107788086 41.160072326660156 -2.7478060722351074 
v -28.038057327270508 34.844844818115234 -3.774925708770752 
v -34.31431579589844 26.615907669067383 -4.859107494354248 
v -38.29338455200195 17.047378540039062 -5.7435712814331055 
v -39.19585037231445 6.521995544433594 -6.3141937255859375 
v -38.78563690185547 -4.19475793838501 -6.2856621742248535 
v -36.898658752441406 -14.783930778503418 -5.315605163574219 
v -38.78563690185547 -4.130967617034912 -5.258543014526367 
v -39.19585037231445 6.521995544433594 -5.287074089050293 
v -38.29338455200195 16.98358917236328 -4.716452121734619 
v -34.35533905029297 26.5521183013916 -3.8319878578186035 
v -28.038057327270508 34.78105545043945 -2.7478060722351074 
v -19.792776107788086 41.096282958984375 -1.720686435699463 
v -10.234813690185547 45.178855895996094 -1.1500643491744995 
v 0.02051120065152645 46.58224105834961 -1.007408857345581 
v -28.038057327270508 34.717262268066406 -2.0630595684051514 
v -34.35533905029297 26.5521183013916 -3.1757724285125732 
v -38.29338455200195 16.98358917236328 -4.06023645401001 
v -39.19585037231445 6.585785865783691 -4.630858421325684 
v -38.78563690185547 -4.067177772521973 -4.573796272277832 
v -36.81661605834961 -14.592560768127441 -4.174361228942871 
v -36.61151123046875 -15.676994323730469 -5.172949314117432 
v -38.29338455200195 17.047378540039062 4.47056245803833 
v -34.35533905029297 26.29695701599121 5.3550262451171875 
v -28.038057327270508 34.398311614990234 6.439208030700684 
v -19.833797454833984 41.032493591308594 -1.0644711256027222 
v -19.833797454833984 40.52217102050781 7.437796592712402 
v -10.275835037231445 45.05127716064453 -0.49384909868240356 
v -10.316856384277344 44.22200393676758 8.03695011138916 
v 0.02051120065152645 45.497806549072266 8.179605484008789 
v -10.316856384277344 44.22200393676758 20.875944137573242 
v 0.02051120065152645 45.434017181396484 21.018600463867188 
v -9.742558479309082 41.86176681518555 27.809001922607422 
v 0.02051120065152645 43.07378005981445 27.923126220703125 
v -8.429876327514648 36.31201934814453 32.0316047668457 
v 0.02051120065152645 37.33266067504883 32.1171989440918 
v 0.02051120065152645 27.25381088256836 34.65646743774414 
v -19.874818801879883 40.52217102050781 20.305322647094727 
v -28.038057327270508 34.398311614990234 19.477920532226562 
v -34.35533905029297 26.29695701599121 18.62198829650879 
v -38.29338455200195 17.047378540039062 17.908710479736328 
v -39.19585037231445 6.840946674346924 17.366619110107422 
v -39.19585037231445 6.840946674346924 3.928471326828003 
v -38.78563690185547 -3.5568559169769287 3.9855337142944336 
v -38.78563690185547 -3.5568559169769287 17.509275436401367 
v -36.85763931274414 -14.146029472351074 4.841466426849365 
v -36.73457336425781 -15.102882385253906 -3.1757724285125732 
v -37.55500030517578 6.521995544433594 25.355327606201172 
v -36.447425842285156 16.154315948486328 25.726232528686523 
v -31.77099609375 14.049239158630371 30.975954055786133 
v -28.407249450683594 21.64027214050293 31.20420265197754 
v -21.02341651916504 15.962944984436035 34.65646743774414 
v -17.003328323364258 20.683420181274414 34.65646743774414 
v -8.758047103881836 7.415058612823486 34.65646743774414 
v -7.076173782348633 9.328763961791992 34.65646743774414 
v 0.02051120065152645 1.3549894094467163 34.65646743774414 
v -4.943066120147705 10.795939445495605 34.65646743774414 
v -2.563830614089966 11.68900203704834 34.65646743774414 
v -6.173705101013184 26.48832893371582 34.65646743774414 
v -32.632442474365234 24.95736312866211 26.211259841918945 
v -23.115501403808594 28.210662841796875 31.489513397216797 
v -11.957708358764648 24.25567054748535 34.65646743774414 
v -26.602312088012695 32.548397064208984 26.810413360595703 
v -16.305965423583984 33.25008773803711 31.803356170654297 
v -18.808265686035156 38.35330581665039 27.38103485107422 
v 0.02051120065152645 47.921836853027344 29.292619705200195 
v 0.02051120065152645 47.985626220703125 21.1612548828125 
v -10.891154289245605 46.64603042602539 29.14996337890625 
v -10.891154289245605 46.64603042602539 20.990068435668945 
v -21.064437866210938 42.75482940673828 28.607872009277344 
v -21.064437866210938 42.75482940673828 20.41944694519043 
v -29.801973342895508 36.1844367980957 27.923126220703125 
v -29.801973342895508 36.1844367980957 19.592044830322266 
v -36.48844528198242 27.57276153564453 27.238380432128906 
v -36.48844528198242 27.57276153564453 18.736112594604492 
v -40.71363830566406 17.685279846191406 26.63922691345215 
v -40.71363830566406 17.685279846191406 18.02283477783203 
v -41.698150634765625 6.9047369956970215 26.068605422973633 
v -41.698150634765625 6.9047369956970215 17.480743408203125 
v -41.28793716430664 -3.875807046890259 17.62339973449707 
v -40.877723693847656 -3.812016725540161 4.698811054229736 
v -38.9087028503418 -14.656351089477539 5.554744243621826 
v -38.867679595947266 -14.656351089477539 4.755873203277588 
v -34.97065734863281 -26.074796676635742 7.751638889312744 
v -35.585975646972656 -26.457538604736328 7.066892623901367 
v -28.940526962280273 -35.26058578491211 10.29090690612793 
v -28.940526962280273 -35.32437515258789 9.263787269592285 
v -20.367074966430664 -41.89476776123047 12.002772331237793 
v -20.24401092529297 -42.08613586425781 5.212370872497559 
v -10.439920425415039 -46.10491943359375 6.952767848968506 
v -10.439920425415039 -46.16870880126953 5.982710838317871 
v 0.02051120065152645 -47.508304595947266 6.581863880157471 
v 0.02051120065152645 47.539093017578125 9.007007598876953 
v -10.809111595153809 46.26329040527344 8.835820198059082 
v -20.859331130981445 42.37208938598633 8.179605484008789 
v -29.51482391357422 35.86548614501953 7.1524858474731445 
v -36.160274505615234 27.381391525268555 6.068304061889648 
v -40.30342483520508 17.557701110839844 5.183839797973633 
v -41.28793716430664 6.9047369956970215 4.613217830657959 
v -40.83670425415039 -3.812016725540161 3.8714091777801514 
v -41.57508850097656 -3.9395971298217773 3.2151939868927 
v -39.56504440307617 -14.911511421203613 4.1281890869140625 
v -41.53406524658203 -4.003387451171875 2.1880743503570557 
v -39.52402114868164 -14.975301742553711 3.1866629123687744 
v -39.113807678222656 -15.740784645080566 -3.1472413539886475 
v -35.339847564697266 -26.7764892578125 -0.8647534251213074 
v -38.94972229003906 -16.314895629882812 -4.659389495849609 
v -35.339847564697266 -26.904069900512695 -1.8633419275283813 
v 0.02051120065152645 47.539093017578125 8.23666763305664 
v -10.809111595153809 46.26329040527344 8.065481185913086 
v -20.859331130981445 42.30829620361328 7.409265518188477 
v -29.51482391357422 35.86548614501953 6.353614807128906 
v -36.11925506591797 27.381391525268555 5.26943302154541 
v -40.30342483520508 17.557701110839844 4.356437683105469 
v -41.246917724609375 6.9047369956970215 3.8143470287323 
v -41.98529815673828 6.9047369956970215 3.1296005249023438 
v -41.944278717041016 6.9047369956970215 2.131012201309204 
v -41.698150634765625 6.649576187133789 -4.630858421325684 
v -41.28793716430664 -4.322338581085205 -4.573796272277832 
v -41.698150634765625 6.585785865783691 -5.287074089050293 
v -41.28793716430664 -4.3861284255981445 -5.230011463165283 
v -41.698150634765625 6.585785865783691 -6.342724800109863 
v -41.28793716430664 -4.449918746948242 -6.257131099700928 
v 0.02051120065152645 48.36836624145508 7.608983516693115 
v -10.973196983337402 47.02877426147461 7.409265518188477 
v -21.2285213470459 43.00999069213867 6.753050327301025 
v -30.007080078125 36.37580871582031 5.697399616241455 
v -36.775596618652344 27.764131546020508 4.584686756134033 
v -41.000789642333984 17.685279846191406 3.7002224922180176 
v 0.02051120065152645 48.43215560913086 6.6103949546813965 
v -10.973196983337402 47.09256362915039 6.439208030700684 
v -21.1875 43.00999069213867 5.754461765289307 
v -29.9660587310791 36.439598083496094 4.698811054229736 
v -36.73457336425781 27.764131546020508 3.5860981941223145 
v -40.95976638793945 17.685279846191406 2.673103094100952 
v 0.02051120065152645 48.94247817993164 -0.008820399641990662 
v -10.891154289245605 47.475303649902344 -0.20853810012340546 
v -21.064437866210938 43.201358795166016 -0.9218155741691589 
v -29.801973342895508 36.50339126586914 -2.0059974193573 
v -36.48844528198242 27.827922821044922 -3.1187102794647217 
v -40.71363830566406 17.621490478515625 -4.06023645401001 
v -21.064437866210938 43.201358795166016 -1.5780309438705444 
v -29.801973342895508 36.56718063354492 -2.662212610244751 
v -36.48844528198242 27.827922821044922 -3.8034567832946777 
v -40.71363830566406 17.621490478515625 -4.716452121734619 
v -21.064437866210938 43.26515197753906 -2.6051504611968994 
v -29.801973342895508 36.56718063354492 -3.6893322467803955 
v -36.48844528198242 27.891712188720703 -4.830576419830322 
v -40.71363830566406 17.621490478515625 -5.7435712814331055 
v -10.891154289245605 47.66667556762695 -1.8918730020523071 
v -10.891154289245605 47.539093017578125 -0.8647534251213074 
v 0.02051120065152645 49.19763946533203 -1.6921552419662476 
v 0.02051120065152645 49.07006072998047 -0.6650357246398926 
v -20.24401092529297 -42.149925231933594 4.242313385009766 
v -28.73542022705078 -35.57953643798828 2.444854259490967 
v -28.73542022705078 -35.64332580566406 1.446265697479248 
v -35.585975646972656 -26.52132797241211 6.039772987365723 
v -39.27789306640625 -15.35804271697998 -4.9161696434021 
v -39.27789306640625 -15.102882385253906 -4.06023645401001 
v -41.28793716430664 -3.875807046890259 26.068605422973633 
v -39.27789306640625 -14.720141410827637 18.251083374023438 
v -39.27789306640625 -14.847721099853516 26.32538414001465 
v -35.339847564697266 -26.26616668701172 20.305322647094727 
v -35.339847564697266 -26.393747329711914 27.894596099853516 
v -28.73542022705078 -35.00542449951172 22.50221824645996 
v -28.73542022705078 -35.13300323486328 29.692054748535156 
v -20.24401092529297 -41.51202392578125 24.385269165039062 
v -20.24401092529297 -41.63960647583008 31.346858978271484 
v -10.439920425415039 -45.53080749511719 25.55504608154297 
v -10.439920425415039 -45.33943557739258 32.60222625732422 
v 0.02051120065152645 -46.87040328979492 25.95448112487793 
v 0.02051120065152645 -46.67903137207031 33.00166320800781 
v -34.97065734863281 -26.074796676635742 8.493447303771973 
v -28.448270797729492 -34.75026321411133 11.660399436950684 
v -20.038904190063477 -41.19307327270508 14.31379222869873 
v -10.316856384277344 -45.148067474365234 15.997126579284668 
v 0.02051120065152645 -46.4876594543457 16.5677490234375 
v -28.448270797729492 -34.68647384643555 10.975652694702148 
v -19.997882843017578 -41.19307327270508 13.686107635498047 
v -10.316856384277344 -45.08427810668945 15.3694429397583 
v 0.02051120065152645 -46.42387008666992 15.968595504760742 
v -20.367074966430664 -41.83097457885742 13.029891967773438 
v -10.521963119506836 -45.84975814819336 14.713227272033691 
v -10.521963119506836 -45.91354751586914 13.714638710021973 
v 0.02051120065152645 -47.253143310546875 14.285261154174805 
v 0.02051120065152645 -47.253143310546875 15.312379837036133 
v 0.02051120065152645 -47.444515228271484 7.5519208908081055 
v 0.02051120065152645 12.007952690124512 34.65646743774414 
v 0.02051120065152645 46.51845169067383 -0.3511936068534851 
v 39.277896881103516 -15.35804271697998 -4.9161696434021 
v 38.08827590942383 -15.039092063903809 -5.11588716506958 
v 41.28793716430664 -4.449918746948242 -6.257131099700928 
v 40.05730056762695 -4.322338581085205 -6.2856621742248535 
v 41.698150634765625 6.585785865783691 -6.342724800109863 
v 40.426490783691406 6.521995544433594 -6.342724800109863 
v 40.71364212036133 17.621490478515625 -5.7435712814331055 
v 39.483001708984375 17.302539825439453 -5.7435712814331055 
v 36.48844528198242 27.891712188720703 -4.830576419830322 
v 35.42189407348633 27.25381088256836 -4.859107494354248 
v 29.80197525024414 36.56718063354492 -3.6893322467803955 
v 28.899505615234375 35.73790740966797 -3.7178633213043213 
v 21.064437866210938 43.26515197753906 -2.6051504611968994 
v 20.44911766052246 42.18071746826172 -2.6907436847686768 
v 10.891155242919922 47.66667556762695 -1.8918730020523071 
v 10.56298542022705 46.45466232299805 -2.0345284938812256 
v 0.02051120065152645 49.19763946533203 -1.6921552419662476 
v 0.02051120065152645 47.985626220703125 -1.8633419275283813 
v 36.898658752441406 -14.783930778503418 -5.315605163574219 
v 38.785640716552734 -4.19475793838501 -6.2856621742248535 
v 39.19585418701172 6.521995544433594 -6.3141937255859375 
v 38.29338455200195 17.047378540039062 -5.7435712814331055 
v 34.3143196105957 26.615907669067383 -4.859107494354248 
v 28.03805923461914 34.844844818115234 -3.774925708770752 
v 19.79277801513672 41.160072326660156 -2.7478060722351074 
v 10.234814643859863 45.242645263671875 -2.1771841049194336 
v 0.02051120065152645 46.70981979370117 -2.0345284938812256 
v 38.785640716552734 -4.130967617034912 -5.258543014526367 
v 39.19585418701172 6.521995544433594 -5.287074089050293 
v 38.29338455200195 16.98358917236328 -4.716452121734619 
v 34.35533905029297 26.5521183013916 -3.8319878578186035 
v 28.03805923461914 34.78105545043945 -2.7478060722351074 
v 19.79277801513672 41.096282958984375 -1.720686435699463 
v 10.234814643859863 45.178855895996094 -1.1500643491744995 
v 0.02051120065152645 46.58224105834961 -1.007408857345581 
v 38.785640716552734 -4.067177772521973 -4.573796272277832 
v 39.19585418701172 6.585785865783691 -4.630858421325684 
v 38.29338455200195 16.98358917236328 -4.06023645401001 
v 34.35533905029297 26.5521183013916 -3.1757724285125732 
v 28.03805923461914 34.717262268066406 -2.0630595684051514 
v 19.833799362182617 41.032493591308594 -1.0644711256027222 
v 10.275835990905762 45.05127716064453 -0.49384909868240356 
v 19.833799362182617 40.52217102050781 7.437796592712402 
v 10.31685733795166 44.22200393676758 8.03695011138916 
v 19.874820709228516 40.52217102050781 20.305322647094727 
v 10.31685733795166 44.22200393676758 20.875944137573242 
v 18.808265686035156 38.35330581665039 27.38103485107422 
v 9.742559432983398 41.86176681518555 27.809001922607422 
v 16.305967330932617 33.25008773803711 31.803356170654297 
v 8.429877281188965 36.31201934814453 32.0316047668457 
v 6.1737060546875 26.48832893371582 34.65646743774414 
v 0.02051120065152645 27.25381088256836 34.65646743774414 
v 2.5638318061828613 11.68900203704834 34.65646743774414 
v 0.02051120065152645 12.007952690124512 34.65646743774414 
v 0.02051120065152645 1.3549894094467163 34.65646743774414 
v 0.02051120065152645 37.33266067504883 32.1171989440918 
v 0.02051120065152645 43.07378005981445 27.923126220703125 
v 0.02051120065152645 45.434017181396484 21.018600463867188 
v 0.02051120065152645 45.497806549072266 8.179605484008789 
v 0.02051120065152645 46.51845169067383 -0.3511936068534851 
v -38.08827590942383 -15.039092063903809 -5.11588716506958 
v -38.12929916381836 -15.740784645080566 -5.600915908813477 
v -39.27789306640625 -15.35804271697998 -4.9161696434021 
v -39.27789306640625 -15.99594497680664 -5.258543014526367 
v -38.94972229003906 -16.314895629882812 -4.659389495849609 
v -38.94972229003906 -16.95279884338379 -5.001762866973877 
v -35.339847564697266 -26.904069900512695 -1.8633419275283813 
v -35.339847564697266 -27.54197120666504 -2.1771841049194336 
v -28.73542022705078 -35.64332580566406 1.446265697479248 
v -28.73542022705078 -36.34502029418945 1.1609547138214111 
v -20.24401092529297 -42.149925231933594 4.242313385009766 
v -20.24401092529297 -42.851619720458984 3.9855337142944336 
v -10.439920425415039 -46.16870880126953 5.982710838317871 
v -10.439920425415039 -46.87040328979492 5.782992839813232 
v 0.02051120065152645 -47.508304595947266 6.581863880157471 
v 0.02051120065152645 -48.20999526977539 6.382145881652832 
v 10.439921379089355 -46.87040328979492 5.782992839813232 
v 10.439921379089355 -47.57209396362305 5.583275318145752 
v 20.2440128326416 -43.55331039428711 3.7572848796844482 
v 20.2850341796875 -48.20999526977539 2.2166054248809814 
v 28.735422134399414 -41.63960647583008 -1.0359400510787964 
v 28.77644157409668 -52.16498947143555 -5.3441362380981445 
v 35.257808685302734 -42.7878303527832 -9.652332305908203 
v 35.17576599121094 -58.22505569458008 -16.385671615600586 
v 38.662574768066406 -42.724037170410156 -16.185955047607422 
v 38.990745544433594 -42.660247802734375 -16.756576538085938 
v 38.94972610473633 -30.986642837524414 -12.733691215515137 
v 39.277896881103516 -29.965999603271484 -13.019001960754395 
v 38.94972610473633 -21.67327308654785 -7.598093032836914 
v 39.277896881103516 -20.652629852294922 -7.854872703552246 
v 38.94972610473633 -17.590700149536133 -5.3441362380981445 
v 39.277896881103516 -16.570056915283203 -5.600915908813477 
v 38.94972610473633 -16.95279884338379 -5.001762866973877 
v 39.277896881103516 -15.99594497680664 -5.258543014526367 
v 38.94972610473633 -16.314895629882812 -4.659389495849609 
v 39.277896881103516 -15.35804271697998 -4.9161696434021 
v -38.170318603515625 -16.314895629882812 -6.085944652557373 
v -39.27789306640625 -16.570056915283203 -5.600915908813477 
v -38.94972229003906 -17.590700149536133 -5.3441362380981445 
v -35.339847564697266 -28.243663787841797 -2.519557237625122 
v -28.73542022705078 -37.04671096801758 0.8756436705589294 
v -20.24401092529297 -43.55331039428711 3.7572848796844482 
v -10.439920425415039 -47.57209396362305 5.583275318145752 
v 0.02051120065152645 -48.91168975830078 6.210959434509277 
v 10.480942726135254 -52.16498947143555 4.327906608581543 
v 20.3260555267334 -58.73537826538086 -1.3212510347366333 
v 28.77644157409668 -68.30390930175781 -11.678040504455566 
v 35.17576599121094 -59.18191146850586 -16.81363868713379 
v 34.15023422241211 -58.92675018310547 -17.4698543548584 
v 37.924190521240234 -42.46887969970703 -17.327198028564453 
v -39.27789306640625 -20.652629852294922 -7.854872703552246 
v -38.94972229003906 -21.67327308654785 -7.598093032836914 
v -35.298828125 -32.64518737792969 -4.687920570373535 
v -28.73542022705078 -41.63960647583008 -1.0359400510787964 
v -20.285032272338867 -48.20999526977539 2.2166054248809814 
v -10.480941772460938 -52.16498947143555 4.327906608581543 
v 0.02051120065152645 -53.56837463378906 5.06971549987793 
v 10.521964073181152 -62.56278991699219 1.446265697479248 
v 20.367076873779297 -75.00187683105469 -6.599504470825195 
v 28.77644157409668 -69.32455444335938 -12.077475547790527 
v 27.914995193481445 -69.00559997558594 -12.904877662658691 
v -35.257808685302734 -42.7878303527832 -9.652332305908203 
v -28.77644157409668 -52.16498947143555 -5.3441362380981445 
v -20.326053619384766 -58.73537826538086 -1.3212510347366333 
v -10.521963119506836 -62.56278991699219 1.446265697479248 
v 0.02051120065152645 -64.15754699707031 2.444854259490967 
v 10.56298542022705 -78.7655029296875 -2.947523593902588 
v 20.408098220825195 -76.02252197265625 -6.941877841949463 
v 19.75175666809082 -75.70357513427734 -7.968997478485107 
v -35.17576599121094 -58.22505569458008 -16.385671615600586 
v -28.77644157409668 -68.30390930175781 -11.678040504455566 
v -20.367074966430664 -75.00187683105469 -6.599504470825195 
v -10.562984466552734 -78.7655029296875 -2.947523593902588 
v 0.02051120065152645 -80.36026000976562 -1.6065620183944702 
v 10.60400676727295 -79.78614807128906 -3.232834815979004 
v 10.234814643859863 -79.46719360351562 -4.374078750610352 
v -35.17576599121094 -59.18191146850586 -16.81363868713379 
v -28.77644157409668 -69.32455444335938 -12.077475547790527 
v -20.408096313476562 -76.02252197265625 -6.941877841949463 
v -10.604005813598633 -79.78614807128906 -3.232834815979004 
v 0.02051120065152645 -81.38089752197266 -1.8633419275283813 
v 0.02051120065152645 -81.06195068359375 -3.090179204940796 
v -10.234813690185547 -79.46719360351562 -4.374078750610352 
v -19.751754760742188 -75.70357513427734 -7.968997478485107 
v -27.914993286132812 -69.00559997558594 -12.904877662658691 
v -34.150230407714844 -58.92675018310547 -17.4698543548584 
v -37.924190521240234 -42.46887969970703 -17.327198028564453 
v -38.990745544433594 -42.660247802734375 -16.756576538085938 
v -38.170318603515625 -29.710838317871094 -13.475499153137207 
v -39.27789306640625 -29.965999603271484 -13.019001960754395 
v -38.170318603515625 -20.39746856689453 -8.3399019241333 
v -38.94972229003906 -30.986642837524414 -12.733691215515137 
v -38.662574768066406 -42.724037170410156 -16.185955047607422 
v 35.298828125 -32.64518737792969 -4.687920570373535 
v 35.33985137939453 -28.243663787841797 -2.519557237625122 
v 28.735422134399414 -37.04671096801758 0.8756436705589294 
v 28.735422134399414 -36.34502029418945 1.1609547138214111 
v 20.2440128326416 -42.851619720458984 3.9855337142944336 
v 20.2440128326416 -42.149925231933594 4.242313385009766 
v 10.439921379089355 -46.16870880126953 5.982710838317871 
v 28.735422134399414 -35.64332580566406 1.446265697479248 
v 35.33985137939453 -27.54197120666504 -2.1771841049194336 
v 35.33985137939453 -26.904069900512695 -1.8633419275283813 
v 38.170318603515625 -29.710838317871094 -13.475499153137207 
v 38.170318603515625 -20.39746856689453 -8.3399019241333 
v 38.170318603515625 -16.314895629882812 -6.085944652557373 
v 38.12929916381836 -15.740784645080566 -5.600915908813477 
v 38.08827590942383 -15.039092063903809 -5.11588716506958 
v 36.81661605834961 -14.592560768127441 -4.174361228942871 
v 36.73457336425781 -15.102882385253906 -3.1757724285125732 
v 36.85763931274414 -14.146029472351074 4.841466426849365 
v 33.124698638916016 -25.628265380859375 -0.9503467082977295 
v 33.124698638916016 -25.117942810058594 7.808701038360596 
v 26.930484771728516 -33.79341125488281 2.302198648452759 
v 26.971506118774414 -33.28308868408203 11.004183769226074 
v 18.97235107421875 -39.91727066040039 5.06971549987793 
v 18.97235107421875 -39.40694808959961 13.686107635498047 
v 9.783580780029297 -43.68089294433594 6.781581401824951 
v 9.783580780029297 -43.106781005859375 15.397974014282227 
v 0.02051120065152645 -44.956695556640625 7.380734443664551 
v 0.02051120065152645 -44.38258361816406 15.968595504760742 
v 9.783580780029297 -43.106781005859375 25.469451904296875 
v 19.01337242126465 -39.34315872192383 24.2996768951416 
v 26.971506118774414 -33.21929931640625 22.416624069213867 
v 33.124698638916016 -25.117942810058594 20.191198348999023 
v 36.85763931274414 -14.082239151000977 18.136959075927734 
v 38.785640716552734 -3.5568559169769287 17.509275436401367 
v 38.785640716552734 -3.5568559169769287 3.9855337142944336 
v 39.19585418701172 6.840946674346924 17.366619110107422 
v 39.19585418701172 6.840946674346924 3.928471326828003 
v 38.29338455200195 17.047378540039062 4.47056245803833 
v 9.373367309570312 -40.555171966552734 30.776235580444336 
v 18.192947387695312 -36.9829216003418 29.977365493774414 
v 25.78188705444336 -31.114221572875977 28.72199821472168 
v 31.688955307006836 -23.331817626953125 27.238380432128906 
v 35.3808708190918 -13.252965927124023 25.897418975830078 
v 37.267852783203125 -3.365485429763794 25.469451904296875 
v 37.55500030517578 6.521995544433594 25.355327606201172 
v 33.04265594482422 5.692722797393799 30.804767608642578 
v 31.770998001098633 14.049239158630371 30.975954055786133 
v 23.812864303588867 10.476987838745117 34.65646743774414 
v 21.02341651916504 15.962944984436035 34.65646743774414 
v 9.94766616821289 5.1186113357543945 34.65646743774414 
v 8.758048057556152 7.415058612823486 34.65646743774414 
v 7.076174736022949 9.328763961791992 34.65646743774414 
v 4.9430670738220215 10.795939445495605 34.65646743774414 
v 11.957709312438965 24.25567054748535 34.65646743774414 
v 10.56298542022705 2.630793333053589 34.65646743774414 
v 25.125547409057617 4.480709075927734 34.65646743774414 
v 32.796531677246094 -2.7913734912872314 30.890361785888672 
v 31.114656448364258 -11.33926010131836 31.118610382080078 
v 27.75090980529785 -19.695775985717773 31.689231872558594 
v 22.623247146606445 -26.457538604736328 32.37397766113281 
v 15.936775207519531 -31.560752868652344 32.94459915161133 
v 8.224771499633789 -34.75026321411133 33.34403610229492 
v 0.02051120065152645 -35.77090835571289 33.458160400390625 
v 0.02051120065152645 -41.76718521118164 31.033016204833984 
v 0.02051120065152645 -24.798992156982422 34.65646743774414 
v 6.1737060546875 -24.033510208129883 34.65646743774414 
v 11.916687965393066 -21.737062454223633 34.65646743774414 
v 16.962308883666992 -18.164812088012695 34.65646743774414 
v 20.941373825073242 -13.380546569824219 34.65646743774414 
v 23.689802169799805 -7.767009258270264 34.65646743774414 
v 25.125547409057617 -1.7069401741027832 34.65646743774414 
v 10.56298542022705 0.07918539643287659 34.65646743774414 
v 0.02051120065152645 -9.2979736328125 34.65646743774414 
v 2.5638318061828613 -8.979022979736328 34.65646743774414 
v 4.9430670738220215 -8.085960388183594 34.65646743774414 
v 7.076174736022949 -6.618785381317139 34.65646743774414 
v 8.758048057556152 -4.705079555511475 34.65646743774414 
v 9.94766616821289 -2.408632516860962 34.65646743774414 
v 36.61151123046875 -15.676994323730469 -5.172949314117432 
v 33.08367919921875 -26.01100730895996 -2.519557237625122 
v 26.889463424682617 -34.303733825683594 0.39061498641967773 
v 18.890308380126953 -40.555171966552734 2.8728206157684326 
v 9.742559432983398 -44.31879425048828 4.4135003089904785 
v 0.02051120065152645 -45.59459686279297 4.927060127258301 
v 0.02051120065152645 -44.38258361816406 25.868886947631836 
v 36.447425842285156 16.154315948486328 25.726232528686523 
v 38.29338455200195 17.047378540039062 17.908710479736328 
v 32.6324462890625 24.95736312866211 26.211259841918945 
v 34.35533905029297 26.29695701599121 18.62198829650879 
v 26.602313995361328 32.548397064208984 26.810413360595703 
v 28.03805923461914 34.398311614990234 19.477920532226562 
v 28.407251358032227 21.64027214050293 31.20420265197754 
v 23.115503311157227 28.210662841796875 31.489513397216797 
v 17.00333023071289 20.683420181274414 34.65646743774414 
v 34.35533905029297 26.29695701599121 5.3550262451171875 
v 28.03805923461914 34.398311614990234 6.439208030700684 
v 38.12929916381836 -15.740784645080566 -5.600915908813477 
v 38.170318603515625 -16.314895629882812 -6.085944652557373 
v 37.021724700927734 -16.059734344482422 -6.542442321777344 
v 37.021724700927734 -20.14230728149414 -8.796399116516113 
v 36.69355392456055 -17.08037757873535 -6.2856621742248535 
v 36.69355392456055 -21.16295051574707 -8.539619445800781 
v 33.28878402709961 -27.60576057434082 -3.774925708770752 
v 33.247764587402344 -32.071075439453125 -5.943289279937744 
v 27.176610946655273 -36.281227111816406 -0.9503467082977295 
v 27.135589599609375 -40.874122619628906 -2.804868221282959 
v 19.21847915649414 -42.851619720458984 1.5889211893081665 
v 19.21847915649414 -47.444515228271484 0.07677289843559265 
v 9.94766616821289 -46.87040328979492 3.2151939868927 
v 9.94766616821289 -51.463294982910156 1.988356590270996 
v 0.02051120065152645 -48.33757781982422 3.785815954208374 
v 0.02051120065152645 -52.93046951293945 2.6445717811584473 
v -9.947664260864258 -51.463294982910156 1.988356590270996 
v -9.906643867492676 -61.924888610839844 -0.8932844996452332 
v -19.136436462402344 -58.033687591552734 -3.4040212631225586 
v -19.054393768310547 -74.36397552490234 -8.625212669372559 
v -27.01252555847168 -67.66600799560547 -13.304312705993652 
v -27.053546905517578 -68.68665313720703 -13.732279777526855 
v -33.16572189331055 -58.6077995300293 -18.154600143432617 
v -27.914993286132812 -69.00559997558594 -12.904877662658691 
v -34.150230407714844 -58.92675018310547 -17.4698543548584 
v -36.81661605834961 -42.21371841430664 -17.89781951904297 
v -33.124698638916016 -57.650943756103516 -17.669570922851562 
v -27.094568252563477 -51.463294982910156 -7.084533214569092 
v -19.21847915649414 -47.444515228271484 0.07677289843559265 
v -9.947664260864258 -46.87040328979492 3.2151939868927 
v 0.02051120065152645 -46.997982025146484 4.356437683105469 
v 9.865623474121094 -45.65838623046875 3.8143470287323 
v 19.054393768310547 -41.70339584350586 2.2166054248809814 
v 27.05354881286621 -35.32437515258789 -0.29413139820098877 
v 33.20674133300781 -26.84027862548828 -3.1757724285125732 
v 36.652530670166016 -16.378686904907227 -5.7435712814331055 
v 36.9807014465332 -15.421833038330078 -5.943289279937744 
v 38.08827590942383 -15.039092063903809 -5.11588716506958 
v -36.48844528198242 -42.27750778198242 -17.298667907714844 
v -33.20674133300781 -42.21371841430664 -10.93623161315918 
v -27.135589599609375 -40.874122619628906 -2.804868221282959 
v -19.21847915649414 -42.851619720458984 1.5889211893081665 
v -9.865622520446777 -45.65838623046875 3.8143470287323 
v 0.02051120065152645 -45.59459686279297 4.927060127258301 
v 9.742559432983398 -44.31879425048828 4.4135003089904785 
v 18.890308380126953 -40.555171966552734 2.8728206157684326 
v 26.889463424682617 -34.303733825683594 0.39061498641967773 
v 33.08367919921875 -26.01100730895996 -2.519557237625122 
v 36.61151123046875 -15.676994323730469 -5.172949314117432 
v 36.898658752441406 -14.783930778503418 -5.315605163574219 
v -33.247764587402344 -32.071075439453125 -5.943289279937744 
v -27.176610946655273 -36.281227111816406 -0.9503467082977295 
v -19.054393768310547 -41.70339584350586 2.2166054248809814 
v -9.742558479309082 -44.31879425048828 4.4135003089904785 
v -36.69355392456055 -21.16295051574707 -8.539619445800781 
v -33.28878402709961 -27.60576057434082 -3.774925708770752 
v -27.053546905517578 -35.32437515258789 -0.29413139820098877 
v -18.890308380126953 -40.555171966552734 2.8728206157684326 
v -36.69355392456055 -17.08037757873535 -6.2856621742248535 
v -33.20674133300781 -26.84027862548828 -3.1757724285125732 
v -26.889461517333984 -34.303733825683594 0.39061498641967773 
v -36.652530670166016 -16.378686904907227 -5.7435712814331055 
v -33.08367919921875 -26.01100730895996 -2.519557237625122 
v -36.61151123046875 -15.676994323730469 -5.172949314117432 
v -36.9807014465332 -15.421833038330078 -5.943289279937744 
v -36.898658752441406 -14.783930778503418 -5.315605163574219 
v -38.08827590942383 -15.039092063903809 -5.11588716506958 
v -37.02172088623047 -16.059734344482422 -6.542442321777344 
v -37.02172088623047 -20.14230728149414 -8.796399116516113 
v -37.02172088623047 -29.455677032470703 -13.960528373718262 
v -36.69355392456055 -30.603900909423828 -13.732279777526855 
v -38.12929916381836 -15.740784645080566 -5.600915908813477 
v -38.170318603515625 -16.314895629882812 -6.085944652557373 
v -38.170318603515625 -20.39746856689453 -8.3399019241333 
v -38.170318603515625 -29.710838317871094 -13.475499153137207 
v -37.924190521240234 -42.46887969970703 -17.327198028564453 
v -19.751754760742188 -75.70357513427734 -7.968997478485107 
v -19.095415115356445 -75.3846206665039 -8.996116638183594 
v -10.234813690185547 -79.46719360351562 -4.374078750610352 
v -9.865622520446777 -79.2120361328125 -5.543853759765625 
v 0.02051120065152645 -81.06195068359375 -3.090179204940796 
v 0.02051120065152645 -80.8067855834961 -4.288485527038574 
v 10.234814643859863 -79.46719360351562 -4.374078750610352 
v 9.865623474121094 -79.2120361328125 -5.543853759765625 
v 19.75175666809082 -75.70357513427734 -7.968997478485107 
v 19.095415115356445 -75.3846206665039 -8.996116638183594 
v 27.914995193481445 -69.00559997558594 -12.904877662658691 
v 27.05354881286621 -68.68665313720703 -13.732279777526855 
v 34.15023422241211 -58.92675018310547 -17.4698543548584 
v 33.16572189331055 -58.6077995300293 -18.154600143432617 
v 37.924190521240234 -42.46887969970703 -17.327198028564453 
v 36.81661605834961 -42.21371841430664 -17.89781951904297 
v 38.170318603515625 -29.710838317871094 -13.475499153137207 
v 37.021724700927734 -29.455677032470703 -13.960528373718262 
v 38.170318603515625 -20.39746856689453 -8.3399019241333 
v 0.02051120065152645 -79.9775161743164 -4.031705379486084 
v 9.865623474121094 -78.12760162353516 -5.258543014526367 
v 19.054393768310547 -74.36397552490234 -8.625212669372559 
v 27.012527465820312 -67.66600799560547 -13.304312705993652 
v 33.124698638916016 -57.650943756103516 -17.669570922851562 
v 36.48844528198242 -42.27750778198242 -17.298667907714844 
v 36.69355392456055 -30.603900909423828 -13.732279777526855 
v 33.20674133300781 -42.21371841430664 -10.93623161315918 
v 27.094568252563477 -51.463294982910156 -7.084533214569092 
v 19.136436462402344 -58.033687591552734 -3.4040212631225586 
v 9.906644821166992 -61.924888610839844 -0.8932844996452332 
v 0.02051120065152645 -63.51964569091797 0.01971069909632206 
v -9.865622520446777 -78.12760162353516 -5.258543014526367 
v -36.48844528198242 27.57276153564453 27.238380432128906 
v -40.71363830566406 17.685279846191406 26.63922691345215 
v -39.81117248535156 17.302539825439453 28.43668556213379 
v -40.754661560058594 6.777156352996826 27.951658248901367 
v -37.63704299926758 16.537057876586914 29.77764892578125 
v -38.70359420776367 6.521995544433594 29.4067440032959 
v -28.817462921142578 14.878511428833008 34.65646743774414 
v -29.884016036987305 5.947883605957031 34.68499755859375 
v -20.24401092529297 15.516413688659668 37.6522331237793 
v -21.1875 6.075464248657227 37.85194778442383 
v -11.096261024475098 16.600847244262695 39.050254821777344 
v -11.711580276489258 6.585785865783691 39.506752014160156 
v 0.02051120065152645 17.174959182739258 39.649410247802734 
v 0.02051120065152645 6.777156352996826 40.24856185913086 
v 11.096261978149414 16.600847244262695 39.050254821777344 
v 11.711581230163574 6.585785865783691 39.506752014160156 
v 20.2440128326416 15.516413688659668 37.6522331237793 
v 21.187501907348633 6.075464248657227 37.85194778442383 
v 28.817462921142578 14.878511428833008 34.65646743774414 
v 29.884017944335938 5.947883605957031 34.68499755859375 
v 38.70359802246094 6.521995544433594 29.4067440032959 
v 38.33440399169922 -3.5568559169769287 29.378211975097656 
v 40.34444808959961 -3.7482266426086426 27.951658248901367 
v 36.48844528198242 -13.699498176574707 29.49233627319336 
v 38.416446685791016 -14.401189804077148 28.15137481689453 
v 32.83755111694336 -24.161090850830078 30.60504913330078 
v 34.60146713256836 -25.628265380859375 29.54939842224121 
v 26.889463424682617 -32.134864807128906 32.003074645996094 
v 28.120101928710938 -34.112361907958984 31.26126480102539 
v 19.01337242126465 -37.93977355957031 33.31550598144531 
v 19.833799362182617 -40.49138259887695 32.773414611816406 
v 9.824602127075195 -41.25686264038086 34.285560607910156 
v 10.234814643859863 -44.06363296508789 33.91465759277344 
v 0.02051120065152645 -42.46887969970703 34.65646743774414 
v 0.02051120065152645 -45.403228759765625 34.31409454345703 
v -10.234813690185547 -44.06363296508789 33.91465759277344 
v -10.439920425415039 -45.33943557739258 32.60222625732422 
v -20.24401092529297 -41.63960647583008 31.346858978271484 
v -41.698150634765625 6.9047369956970215 26.068605422973633 
v -40.34444808959961 -3.7482266426086426 27.951658248901367 
v -38.33440399169922 -3.5568559169769287 29.378211975097656 
v -29.76095199584961 -3.49306583404541 34.48527908325195 
v -21.1875 -4.067177772521973 37.4525146484375 
v -11.711580276489258 -4.641289234161377 39.192909240722656 
v 0.02051120065152645 -4.896450042724609 39.90618896484375 
v 11.711581230163574 -4.641289234161377 39.192909240722656 
v 21.187501907348633 -4.067177772521973 37.4525146484375 
v 29.760953903198242 -3.49306583404541 34.48527908325195 
v -36.48844528198242 -13.699498176574707 29.49233627319336 
v -28.48929214477539 -12.487483978271484 33.971717834472656 
v -20.20298957824707 -13.508127212524414 36.76776885986328 
v -11.096261024475098 -14.720141410827637 38.080196380615234 
v 0.02051120065152645 -15.35804271697998 38.650821685791016 
v 11.096261978149414 -14.720141410827637 38.080196380615234 
v 20.202991485595703 -13.508127212524414 36.76776885986328 
v 28.489294052124023 -12.487483978271484 33.971717834472656 
v -32.83755111694336 -24.161090850830078 30.60504913330078 
v -26.23311996459961 -20.652629852294922 33.74346923828125 
v -18.644180297851562 -21.35432243347168 35.82624053955078 
v -10.111749649047852 -22.69391632080078 36.96748352050781 
v 0.02051120065152645 -23.45939826965332 37.42398452758789 
v 10.111750602722168 -22.69391632080078 36.96748352050781 
v 18.644182205200195 -21.35432243347168 35.82624053955078 
v 26.233121871948242 -20.652629852294922 33.74346923828125 
v 23.607759475708008 -26.712697982788086 34.05731201171875 
v 17.659669876098633 -29.328096389770508 34.913246154785156 
v 9.373367309570312 -31.752124786376953 35.74064636230469 
v 0.02051120065152645 -32.64518737792969 36.0830192565918 
v -9.824601173400879 -41.25686264038086 34.285560607910156 
v -19.833797454833984 -40.49138259887695 32.773414611816406 
v -28.73542022705078 -35.13300323486328 29.692054748535156 
v -9.373366355895996 -31.752124786376953 35.74064636230469 
v -17.659669876098633 -29.328096389770508 34.913246154785156 
v -23.607757568359375 -26.712697982788086 34.05731201171875 
v -19.01337242126465 -37.93977355957031 33.31550598144531 
v -28.120100021362305 -34.112361907958984 31.26126480102539 
v -35.339847564697266 -26.393747329711914 27.894596099853516 
v -26.889461517333984 -32.134864807128906 32.003074645996094 
v -34.60146713256836 -25.628265380859375 29.54939842224121 
v -39.27789306640625 -14.847721099853516 26.32538414001465 
v -38.416446685791016 -14.401189804077148 28.15137481689453 
v -41.28793716430664 -3.875807046890259 26.068605422973633 
v 0.02051120065152645 -46.67903137207031 33.00166320800781 
v 10.439921379089355 -45.33943557739258 32.60222625732422 
v 20.2440128326416 -41.63960647583008 31.346858978271484 
v 28.735422134399414 -35.13300323486328 29.692054748535156 
v 35.33985137939453 -26.393747329711914 27.894596099853516 
v 39.277896881103516 -14.847721099853516 26.32538414001465 
v 41.28793716430664 -3.875807046890259 26.068605422973633 
v 41.698150634765625 6.9047369956970215 26.068605422973633 
v 40.754661560058594 6.777156352996826 27.951658248901367 
v 40.71364212036133 17.685279846191406 26.63922691345215 
v 39.81117248535156 17.302539825439453 28.43668556213379 
v 36.48844528198242 27.57276153564453 27.238380432128906 
v 35.709041595458984 26.99864959716797 28.978776931762695 
v 29.80197525024414 36.1844367980957 27.923126220703125 
v 29.145633697509766 35.355167388916016 29.606460571289062 
v 21.064437866210938 42.75482940673828 28.607872009277344 
v 20.613203048706055 41.73418426513672 30.262676239013672 
v 10.891155242919922 46.64603042602539 29.14996337890625 
v 10.645028114318848 45.56159973144531 30.776235580444336 
v 0.02051120065152645 47.921836853027344 29.292619705200195 
v 0.02051120065152645 46.83740234375 30.91889190673828 
v -10.645027160644531 45.56159973144531 30.776235580444336 
v 0.02051120065152645 44.22200393676758 31.97454261779785 
v -10.193792343139648 43.00999069213867 31.803356170654297 
v 0.02051120065152645 34.653472900390625 35.79771041870117 
v -9.496430397033691 33.76041030883789 35.48386764526367 
v -10.111749649047852 24.638412475585938 38.13726043701172 
v -18.68520164489746 23.42639923095703 36.96748352050781 
v 37.63704299926758 16.537057876586914 29.77764892578125 
v 33.78104019165039 25.72284507751465 30.234146118164062 
v 26.52027130126953 22.724706649780273 34.65646743774414 
v 18.685203552246094 23.42639923095703 36.96748352050781 
v 10.111750602722168 24.638412475585938 38.13726043701172 
v 0.02051120065152645 25.403894424438477 38.62228775024414 
v 27.709888458251953 33.56904220581055 30.719173431396484 
v 23.894906997680664 28.52961540222168 33.68640899658203 
v 17.864776611328125 31.40017318725586 34.74205780029297 
v 9.496431350708008 33.76041030883789 35.48386764526367 
v 19.669713973999023 39.437740325927734 31.346858978271484 
v 10.193793296813965 43.00999069213867 31.803356170654297 
v -10.891154289245605 46.64603042602539 29.14996337890625 
v -20.613203048706055 41.73418426513672 30.262676239013672 
v -19.66971206665039 39.437740325927734 31.346858978271484 
v -29.145633697509766 35.355167388916016 29.606460571289062 
v -27.709888458251953 33.56904220581055 30.719173431396484 
v -35.709041595458984 26.99864959716797 28.978776931762695 
v -33.78104019165039 25.72284507751465 30.234146118164062 
v -26.5202693939209 22.724706649780273 34.65646743774414 
v -23.894906997680664 28.52961540222168 33.68640899658203 
v -17.864774703979492 31.40017318725586 34.74205780029297 
v -21.064437866210938 42.75482940673828 28.607872009277344 
v -29.801973342895508 36.1844367980957 27.923126220703125 
v -9.947664260864258 5.1186113357543945 34.65646743774414 
v -10.562984466552734 2.630793333053589 34.65646743774414 
v -10.562984466552734 0.07918539643287659 34.65646743774414 
v -25.125545501708984 4.480709075927734 34.65646743774414 
v -25.125545501708984 -1.7069401741027832 34.65646743774414 
v -32.79652786254883 -2.7913734912872314 30.890361785888672 
v -23.689800262451172 -7.767009258270264 34.65646743774414 
v -31.114656448364258 -11.33926010131836 31.118610382080078 
v -20.941373825073242 -13.380546569824219 34.65646743774414 
v -27.75090980529785 -19.695775985717773 31.689231872558594 
v -16.96230697631836 -18.164812088012695 34.65646743774414 
v -22.623247146606445 -26.457538604736328 32.37397766113281 
v -11.91668701171875 -21.737062454223633 34.65646743774414 
v -15.936774253845215 -31.560752868652344 32.94459915161133 
v -6.173705101013184 -24.033510208129883 34.65646743774414 
v -8.224770545959473 -34.75026321411133 33.34403610229492 
v 0.02051120065152645 -24.798992156982422 34.65646743774414 
v 0.02051120065152645 -35.77090835571289 33.458160400390625 
v -23.812864303588867 10.476987838745117 34.65646743774414 
v -33.04265594482422 5.692722797393799 30.804767608642578 
v -37.26784896850586 -3.365485429763794 25.469451904296875 
v -35.3808708190918 -13.252965927124023 25.897418975830078 
v -31.688953399658203 -23.331817626953125 27.238380432128906 
v -25.78188705444336 -31.114221572875977 28.72199821472168 
v -18.19294548034668 -36.9829216003418 29.977365493774414 
v -9.373366355895996 -40.555171966552734 30.776235580444336 
v 0.02051120065152645 -41.76718521118164 31.033016204833984 
v -9.78357982635498 -43.106781005859375 25.469451904296875 
v -19.01337242126465 -39.34315872192383 24.2996768951416 
v -26.97150421142578 -33.21929931640625 22.416624069213867 
v -33.124698638916016 -25.117942810058594 20.191198348999023 
v -36.85763931274414 -14.082239151000977 18.136959075927734 
v -9.78357982635498 -43.106781005859375 15.397974014282227 
v -18.97235107421875 -39.40694808959961 13.686107635498047 
v -26.97150421142578 -33.28308868408203 11.004183769226074 
v -33.124698638916016 -25.117942810058594 7.808701038360596 
v -9.78357982635498 -43.68089294433594 6.781581401824951 
v -18.97235107421875 -39.91727066040039 5.06971549987793 
v -26.930482864379883 -33.79341125488281 2.302198648452759 
v -33.124698638916016 -25.628265380859375 -0.9503467082977295 
v -9.742558479309082 -44.31879425048828 4.4135003089904785 
v -18.890308380126953 -40.555171966552734 2.8728206157684326 
v -26.889461517333984 -34.303733825683594 0.39061498641967773 
v -33.08367919921875 -26.01100730895996 -2.519557237625122 
v 0.02051120065152645 -45.59459686279297 4.927060127258301 
v 0.02051120065152645 -44.956695556640625 7.380734443664551 
v 0.02051120065152645 -44.38258361816406 15.968595504760742 
v 0.02051120065152645 -44.38258361816406 25.868886947631836 
v 0.02051120065152645 -9.2979736328125 34.65646743774414 
v -2.563830614089966 -8.979022979736328 34.65646743774414 
v -4.943066120147705 -8.085960388183594 34.65646743774414 
v -7.076173782348633 -6.618785381317139 34.65646743774414 
v -8.758047103881836 -4.705079555511475 34.65646743774414 
v -9.947664260864258 -2.408632516860962 34.65646743774414 
vn -0.0037718000821769238 0.9580748677253723 0.2864931523799896 
vn 0.24250072240829468 0.9268845915794373 0.2864931523799896 
vn -1.0339945994688668e-13 0.9998830556869507 -0.0152922747656703 
vn 0.23928767442703247 0.9708282947540283 -0.0152922747656703 
vn -1.0335603087361506e-13 0.9994630813598633 -0.03276457265019417 
vn 0.23918718099594116 0.9704205393791199 -0.03276457265019417 
vn -0.0018853197107091546 0.9013727307319641 0.43303996324539185 
vn 0.2348705232143402 0.8741202354431152 0.42514660954475403 
vn -0.0018868892220780253 0.8877083659172058 0.46040233969688416 
vn 0.23858021199703217 0.8612338304519653 0.4487268626689911 
vn 0.25210440158843994 0.9663956761360168 0.05022686347365379 
vn 0.47187960147857666 0.7745518088340759 0.42118772864341736 
vn 0.4911971688270569 0.8709141612052917 0.0152922747656703 
vn 0.6673207879066467 0.6299690008163452 0.3972681760787964 
vn 0.7017316222190857 0.7124112844467163 -0.006554040592163801 
vn 0.8123210668563843 0.4414120316505432 0.3811691105365753 
vn 0.863247811794281 0.5042080879211426 -0.024029340595006943 
vn 0.9071865677833557 0.20208443701267242 0.3690181374549866 
vn 0.9684385657310486 0.24647115170955658 -0.03713129088282585 
vn 0.9292997121810913 0.015089083462953568 0.3690181374549866 
vn 0.9988545179367065 0.03018219955265522 -0.03713129088282585 
vn 0.9240947961807251 -0.0828455239534378 0.37307560443878174 
vn 0.993057370185852 -0.11297578364610672 -0.03276457265019417 
vn 0.9669373631477356 -0.2538793981075287 -0.024029340595006943 
vn 0.9652689099311829 -0.2612491250038147 0.002184694167226553 
vn 0.8854032158851624 -0.46469545364379883 0.010923261754214764 
vn 0.9451151490211487 -0.25356826186180115 0.2060592919588089 
vn 0.8996475338935852 -0.3466217517852783 0.26549527049064636 
vn 0.9772019982337952 -0.2097684144973755 0.03276457265019417 
vn 0.9935315847396851 -0.11302972584962845 -0.010923261754214764 
vn 0.9993505477905273 0.03019719012081623 -0.01966099627315998 
vn 0.9708282947540283 0.23928767442703247 -0.0152922747656703 
vn 0.8634786009788513 0.5043429136276245 -0.006554040592163801 
vn 0.707024097442627 0.707024097442627 0.0152922747656703 
vn 0.5040059089660645 0.8629016876220703 0.03713129088282585 
vn 0.2647397518157959 0.9612894654273987 0.0763898640871048 
vn -0.003776365192607045 0.9977003335952759 0.06767380982637405 
vn 0.8707835078239441 -0.02264494076371193 -0.4911448359489441 
vn 0.9942998290061951 -0.10551747679710388 0.0152922747656703 
vn 0.9997409582138062 0.022653724998235703 0.002184694167226553 
vn 0.9709395170211792 0.23931509256362915 0.002184694167226553 
vn 0.8671798706054688 0.497760146856308 0.0152922747656703 
vn 0.706727147102356 0.706727147102356 0.03276457265019417 
vn 0.5087668299674988 0.8585730195045471 0.0633138045668602 
vn 0.7221786975860596 -0.1203087791800499 -0.681163489818573 
vn 0.7133851051330566 0.030202072113752365 -0.7001210451126099 
vn 0.7026540040969849 0.21598663926124573 -0.677958071231842 
vn 0.6144561767578125 0.419364333152771 -0.6682642698287964 
vn 0.4911404550075531 0.5778130292892456 -0.651853621006012 
vn 0.34794366359710693 0.6957741379737854 -0.6283578276634216 
vn 0.19264277815818787 0.778546929359436 -0.5972883701324463 
vn 0.2683757543563843 0.9578455686569214 0.10250037163496017 
vn 0.003775842720642686 0.8148742914199829 -0.5796254277229309 
vn 0.003773920238018036 0.9922492504119873 0.1242060661315918 
vn -1.0291221271430812e-13 0.995171308517456 0.0981530249118805 
vn -0.0018864679150283337 -0.9211371541023254 0.3892335295677185 
vn 3.0978390967890956e-13 -0.9999785423278809 -0.006554040592163801 
vn 0.25497129559516907 -0.8920785784721375 0.37307560443878174 
vn 0.24662651121616364 -0.9690490365028381 -0.010923261754214764 
vn 0.49644240736961365 -0.8019928932189941 0.33219319581985474 
vn 0.4911596477031708 -0.8708476424217224 -0.01966099627315998 
vn 0.7059025764465332 -0.6459168791770935 0.29067665338516235 
vn 0.7069026231765747 -0.7069026231765747 -0.024029340595006943 
vn 0.8667214512825012 -0.42996323108673096 0.25283506512641907 
vn 0.8817508220672607 -0.47130560874938965 -0.01966099627315998 
vn 0.9458537697792053 -0.23163773119449615 0.22738653421401978 
vn 0.9670296907424927 -0.25390365719795227 -0.01966099627315998 
vn 0.969074547290802 -0.10539320856332779 0.22312943637371063 
vn 0.9934746623039246 -0.11302325129508972 -0.0152922747656703 
vn 0.9745261669158936 0.02262646146118641 0.22312943637371063 
vn 0.9994269013404846 0.03019949607551098 -0.0152922747656703 
vn 0.9689935445785522 0.24661238491535187 -0.0152922747656703 
vn 0.9685865640640259 0.24650880694389343 -0.03276457265019417 
vn 0.8592021465301514 0.5105860829353333 -0.03276457265019417 
vn 0.8078554272651672 0.4279296100139618 0.405272513628006 
vn 0.6712865829467773 0.6179628372192383 0.40926313400268555 
vn 3.0952372826256735e-13 -0.999138593673706 -0.04149730131030083 
vn 0.2537339925765991 -0.9663834571838379 -0.04149730131030083 
vn 0.4908314645290375 -0.8702657222747803 -0.04149730131030083 
vn 0.7012627124786377 -0.71193528175354 -0.03713129088282585 
vn 0.8777304887771606 -0.47771376371383667 -0.03713129088282585 
vn 0.9666973352432251 -0.2538163959980011 -0.03276457265019417 
vn 0.993057370185852 -0.11297578364610672 -0.03276457265019417 
vn 0.9990071058273315 0.030186811462044716 -0.03276457265019417 
vn 0.8932124376296997 0.19474536180496216 0.405272513628006 
vn 0.0018870099447667599 -0.9141939878463745 0.405272513628006 
vn 0.2801756262779236 -0.8720554113388062 0.401274174451828 
vn 0.5308282971382141 -0.7485982179641724 0.3972681760787964 
vn 0.7261437773704529 -0.5611534714698792 0.3972681760787964 
vn 0.8571833968162537 -0.3177904486656189 0.405272513628006 
vn 0.8968578577041626 -0.15771441161632538 0.41324591636657715 
vn 0.9104281067848206 -0.08291439712047577 0.405272513628006 
vn 0.917578399181366 0.015093809925019741 0.3972681760787964 
vn 0.27481207251548767 -0.8604381084442139 0.42909738421440125 
vn 0.5223633050918579 -0.741442859172821 0.42118772864341736 
vn 0.7196382284164429 -0.5666567087173462 0.401274174451828 
vn 0.857343316078186 -0.34593716263771057 0.3811691105365753 
vn 0.9118385314941406 -0.1799335777759552 0.3690181374549866 
vn 0.2538793981075287 -0.9669373631477356 0.024029340595006943 
vn 0.49772214889526367 -0.8671136498451233 0.01966099627315998 
vn 0.7124112844467163 -0.7017316222190857 0.006554040592163801 
vn 0.8819023370742798 -0.4713866114616394 -0.006554040592163801 
vn 0.2594585418701172 -0.96466463804245 0.04586252197623253 
vn 0.5039193034172058 -0.8627533316612244 0.04149730131030083 
vn 0.7174162864685059 -0.6960657238960266 0.028397228568792343 
vn 0.2818542420864105 -0.7309250831604004 0.6215357780456543 
vn 0.5346965789794922 -0.6532020568847656 0.5361219048500061 
vn 0.7427027821540833 -0.5237550735473633 0.417220801115036 
vn 2.3560163152011593e-13 -0.758344829082489 0.651853621006012 
vn -0.001887861406430602 -0.9987360239028931 0.05022686347365379 
vn 3.096656503269457e-13 -0.9995967149734497 0.028397228568792343 
vn -0.0018853197107091546 -0.9013727307319641 0.43303996324539185 
vn 0.9437502026557922 0.23171661794185638 0.23588760197162628 
vn 0.8595631718635559 0.5108006000518799 -0.0152922747656703 
vn 0.838202178478241 0.48320960998535156 0.25283506512641907 
vn 0.7016646265983582 0.7123432755470276 -0.0152922747656703 
vn 0.6837276816368103 0.6797269582748413 0.26549527049064636 
vn 0.48460614681243896 0.8745988011360168 -0.0152922747656703 
vn 0.4759124517440796 0.8343634009361267 0.2781098484992981 
vn 0.6959726810455322 0.7173203825950623 -0.03276457265019417 
vn 0.4844026267528534 0.8742313981056213 -0.03276457265019417 
vn 0.4749297797679901 0.7748345136642456 0.417220801115036 
vn 0.003775842720642686 0.8148742914199829 -0.5796254277229309 
vn 0.0018979120068252087 0.12202323973178864 -0.9925254583358765 
vn -0.18897368013858795 0.7794456481933594 -0.5972883701324463 
vn 0.011395451612770557 0.1084204763174057 -0.9940398335456848 
vn -0.35131797194480896 0.6940764784812927 -0.6283578276634216 
vn 0.03520776331424713 0.09857441484928131 -0.9945066571235657 
vn -0.48825761675834656 0.580251157283783 -0.651853621006012 
vn 0.04779020696878433 0.0979844480752945 -0.9940398335456848 
vn -0.6123198866844177 0.42247745394706726 -0.6682642698287964 
vn 0.035403061658144 0.08921056240797043 -0.9953833818435669 
vn -0.703755259513855 0.21237094700336456 -0.677958071231842 
vn 0.018687747418880463 0.06730718165636063 -0.9975572824478149 
vn -0.7133851051330566 0.030202072113752365 -0.7001210451126099 
vn 0.0037933827843517065 0.02151334285736084 -0.9997613430023193 
vn -0.7215484380722046 -0.12403260171413422 -0.681163489818573 
vn -0.032719891518354416 -0.06171626225113869 -0.9975572824478149 
vn -0.8706772327423096 -0.02641802281141281 -0.4911448359489441 
vn -0.198560893535614 0.2533261477947235 -0.946783721446991 
vn 0.0018911174265667796 -0.5742690563201904 -0.8186644315719604 
vn 0.18942077457904816 -0.5683024525642395 -0.8007197380065918 
vn 0.3764505982398987 -0.5136359333992004 -0.7710143327713013 
vn 0.5164427757263184 -0.40045052766799927 -0.7569189071655273 
vn 0.6118395924568176 -0.26468425989151 -0.7453821301460266 
vn 0.6582516431808472 -0.1054050549864769 -0.7453821301460266 
vn 0.6859472990036011 0 -0.7276512384414673 
vn 0.6561141014099121 0.030222715809941292 -0.7540562748908997 
vn 0.6865056157112122 0.32880666851997375 -0.6485338807106018 
vn 0.994223952293396 0.10550941526889801 -0.01966099627315998 
vn 0.9997409582138062 -0.022653724998235703 0.002184694167226553 
vn 0.9709395170211792 -0.23931509256362915 -0.002184694167226553 
vn 0.8671798706054688 -0.497760146856308 -0.0152922747656703 
vn 0.706727147102356 -0.706727147102356 -0.03276457265019417 
vn 0.5087668299674988 -0.8585730195045471 -0.0633138045668602 
vn 0.2683757543563843 -0.9578455686569214 -0.10250037163496017 
vn 0.003773920238018036 -0.9922492504119873 -0.1242060661315918 
vn 0.706727147102356 -0.706727147102356 -0.03276457265019417 
vn 0.8671798706054688 -0.497760146856308 -0.0152922747656703 
vn 0.9709395170211792 -0.23931509256362915 -0.002184694167226553 
vn 0.9997409582138062 -0.022653724998235703 0.002184694167226553 
vn 0.9935694932937622 0.11303403973579407 -0.006554040592163801 
vn 0.9786087274551392 0.20235185325145721 -0.03713129088282585 
vn 0.9440730214118958 0.2539413571357727 -0.2103329300880432 
vn 0.9709395170211792 -0.23931509256362915 -0.002184694167226553 
vn 0.8634786009788513 -0.5043429136276245 -0.006554040592163801 
vn 0.7016646265983582 -0.7123432755470276 -0.0152922747656703 
vn 0.5023951530456543 -0.8626260757446289 -0.058952588587999344 
vn 0.49105650186538696 -0.8706647753715515 -0.028397228568792343 
vn 0.26283693313598633 -0.960269570350647 -0.09380380809307098 
vn 0.25215739011764526 -0.9665988087654114 -0.04586252197623253 
vn -0.0018874284578487277 -0.9985070824623108 -0.05459024757146835 
vn 0.24664250016212463 -0.9545338749885559 -0.16742929816246033 
vn 3.0541758358482163e-13 -0.9858840703964233 -0.16742929816246033 
vn 0.20903398096561432 -0.7849875092506409 -0.5831804275512695 
vn 2.523776001552014e-13 -0.812342643737793 -0.5831804275512695 
vn 0.12504538893699646 -0.42891737818717957 -0.8946471214294434 
vn 0.0018889878410845995 -0.4389342665672302 -0.8985171914100647 
vn 4.1953230169380906e-14 -0.13503733277320862 -0.990840494632721 
vn 0.48710471391677856 -0.8587835431098938 -0.15880759060382843 
vn 0.6984204649925232 -0.6997547745704651 -0.15017375349998474 
vn 0.8565738797187805 -0.4974503517150879 -0.1372016966342926 
vn 0.9635224342346191 -0.23928186297416687 -0.11986933648586273 
vn 0.9942747354507446 -0.030189042910933495 -0.10250037163496017 
vn 0.9997409582138062 -0.022653724998235703 0.002184694167226553 
vn 0.9944137930870056 0.10552956163883209 -0.002184694167226553 
vn 0.9895606637001038 0.10552568733692169 -0.0981530249118805 
vn 0.9690860509872437 0.24663592875003815 -0.006554040592163801 
vn 0.9669373631477356 0.2538793981075287 -0.024029340595006943 
vn 0.8989663124084473 -0.03021656908094883 -0.43697428703308105 
vn 0.8563281893730164 -0.20956918597221375 -0.4719987213611603 
vn 0.5637354254722595 -0.1422439068555832 -0.8136147856712341 
vn 0.47464531660079956 -0.26093846559524536 -0.8406086564064026 
vn 0.16640815138816833 -0.09389617294073105 -0.9815762042999268 
vn 0.12320587784051895 -0.11652734130620956 -0.9855159521102905 
vn -2.0682311115474694e-13 0 -1 
vn -2.0682311115474694e-13 0 -1 
vn -2.0682311115474694e-13 0 -1 
vn -2.0682311115474694e-13 0 -1 
vn -2.0682311115474694e-13 0 -1 
vn 0.03728419542312622 -0.13428553938865662 -0.9902410507202148 
vn 0.7508155107498169 -0.4196647107601166 -0.5100564956665039 
vn 0.3696706295013428 -0.3376011848449707 -0.865661084651947 
vn 0.08264786750078201 -0.12796393036842346 -0.9883291721343994 
vn 0.6084414720535278 -0.5817296504974365 -0.5398051738739014 
vn 0.2490644007921219 -0.39866554737091064 -0.882628321647644 
vn 0.42113739252090454 -0.7092844247817993 -0.5652954578399658 
vn -0.0037718000821769238 0.9580748677253723 0.2864931523799896 
vn -1.0339945994688668e-13 0.9998830556869507 -0.0152922747656703 
vn -0.24250072240829468 0.9268845915794373 0.2864931523799896 
vn -0.23928767442703247 0.9708282947540283 -0.0152922747656703 
vn -0.4759124517440796 0.8343634009361267 0.2781098484992981 
vn -0.48460614681243896 0.8745988011360168 -0.0152922747656703 
vn -0.6863817572593689 0.6770467758178711 0.26549527049064636 
vn -0.7016646265983582 0.7123432755470276 -0.0152922747656703 
vn -0.8400815725326538 0.4799347519874573 0.25283506512641907 
vn -0.8595631718635559 0.5108006000518799 -0.0152922747656703 
vn -0.9446429014205933 0.22805000841617584 0.23588760197162628 
vn -0.9689935445785522 0.24661238491535187 -0.0152922747656703 
vn -0.9745261669158936 0.02262646146118641 0.22312943637371063 
vn -0.9994269013404846 0.03019949607551098 -0.0152922747656703 
vn -0.9934746623039246 -0.11302325129508972 -0.0152922747656703 
vn -0.993057370185852 -0.11297578364610672 -0.03276457265019417 
vn -0.9666973352432251 -0.2538163959980011 -0.03276457265019417 
vn -0.8968578577041626 -0.15771441161632538 0.41324591636657715 
vn -0.8558642268180847 -0.3213263750076294 0.405272513628006 
vn -0.857343316078186 -0.34593716263771057 0.3811691105365753 
vn -0.7172989845275879 -0.5696149468421936 0.401274174451828 
vn -0.7124112844467163 -0.7017316222190857 0.006554040592163801 
vn -0.49772214889526367 -0.8671136498451233 0.01966099627315998 
vn -0.5039193034172058 -0.8627533316612244 0.04149730131030083 
vn -0.2631036043167114 -0.9636768698692322 0.04586252197623253 
vn -0.27833449840545654 -0.7322726249694824 0.6215357780456543 
vn 2.3560163152011593e-13 -0.758344829082489 0.651853621006012 
vn -1.0335603087361506e-13 0.9994630813598633 -0.03276457265019417 
vn -0.23918718099594116 0.9704205393791199 -0.03276457265019417 
vn -0.4844026267528534 0.8742313981056213 -0.03276457265019417 
vn -0.6959726810455322 0.7173203825950623 -0.03276457265019417 
vn -0.8592021465301514 0.5105860829353333 -0.03276457265019417 
vn -0.9685865640640259 0.24650880694389343 -0.03276457265019417 
vn -0.9990071058273315 0.030186811462044716 -0.03276457265019417 
vn -0.9107626676559448 -0.07915523648262024 0.405272513628006 
vn -0.9237504601478577 -0.08660049736499786 0.37307560443878174 
vn -0.9118385314941406 -0.1799335777759552 0.3690181374549866 
vn -0.993057370185852 -0.11297578364610672 -0.03276457265019417 
vn -0.9669373631477356 -0.2538793981075287 -0.024029340595006943 
vn -0.9652689099311829 -0.2612491250038147 0.002184694167226553 
vn -0.8854032158851624 -0.46469545364379883 0.010923261754214764 
vn -0.9441307187080383 -0.25720953941345215 0.2060592919588089 
vn -0.9009966850280762 -0.3430993854999542 0.26549527049064636 
vn -0.0018853197107091546 0.9013727307319641 0.43303996324539185 
vn -0.2348705232143402 0.8741202354431152 0.42514660954475403 
vn -0.47171008586883545 0.7767987847328186 0.417220801115036 
vn -0.6712865829467773 0.6179628372192383 0.40926313400268555 
vn -0.8060819506645203 0.43126097321510315 0.405272513628006 
vn -0.8940087556838989 0.19105631113052368 0.405272513628006 
vn -0.917578399181366 0.015093809925019741 0.3972681760787964 
vn -0.9292997121810913 0.015089083462953568 0.3690181374549866 
vn -0.9988545179367065 0.03018219955265522 -0.03713129088282585 
vn -0.9993505477905273 0.03019719012081623 -0.01966099627315998 
vn -0.9935315847396851 -0.11302972584962845 -0.010923261754214764 
vn -0.9997409582138062 0.022653724998235703 0.002184694167226553 
vn -0.9942998290061951 -0.10551747679710388 0.0152922747656703 
vn -0.7133851051330566 0.030202072113752365 -0.7001210451126099 
vn -0.7215484380722046 -0.12403260171413422 -0.681163489818573 
vn -0.0018868892220780253 0.8877083659172058 0.46040233969688416 
vn -0.23858021199703217 0.8612338304519653 0.4487268626689911 
vn -0.4686525762081146 0.776508629322052 0.42118772864341736 
vn -0.6673207879066467 0.6299690008163452 0.3972681760787964 
vn -0.8123210668563843 0.4414120316505432 0.3811691105365753 
vn -0.9071865677833557 0.20208443701267242 0.3690181374549866 
vn -0.003776365192607045 0.9977003335952759 0.06767380982637405 
vn -0.2484491467475891 0.9673418402671814 0.05022686347365379 
vn -0.4911971688270569 0.8709141612052917 0.0152922747656703 
vn -0.7017316222190857 0.7124112844467163 -0.006554040592163801 
vn -0.863247811794281 0.5042080879211426 -0.024029340595006943 
vn -0.9684385657310486 0.24647115170955658 -0.03713129088282585 
vn -1.0291221271430812e-13 0.995171308517456 0.0981530249118805 
vn -0.2647397518157959 0.9612894654273987 0.0763898640871048 
vn -0.5040059089660645 0.8629016876220703 0.03713129088282585 
vn -0.707024097442627 0.707024097442627 0.0152922747656703 
vn -0.8634786009788513 0.5043429136276245 -0.006554040592163801 
vn -0.9708282947540283 0.23928767442703247 -0.0152922747656703 
vn -0.5055173635482788 0.8604902625083923 0.0633138045668602 
vn -0.706727147102356 0.706727147102356 0.03276457265019417 
vn -0.8671798706054688 0.497760146856308 0.0152922747656703 
vn -0.9709395170211792 0.23931509256362915 0.002184694167226553 
vn -0.35131797194480896 0.6940764784812927 -0.6283578276634216 
vn -0.48825761675834656 0.580251157283783 -0.651853621006012 
vn -0.6123198866844177 0.42247745394706726 -0.6682642698287964 
vn -0.703755259513855 0.21237094700336456 -0.677958071231842 
vn -0.18897368013858795 0.7794456481933594 -0.5972883701324463 
vn -0.2683757543563843 0.9578455686569214 0.10250037163496017 
vn 0.003775842720642686 0.8148742914199829 -0.5796254277229309 
vn 0.003773920238018036 0.9922492504119873 0.1242060661315918 
vn -0.5376102328300476 -0.6508060693740845 0.5361219048500061 
vn -0.7174162864685059 -0.6960657238960266 0.028397228568792343 
vn -0.7448700070381165 -0.5206683278083801 0.417220801115036 
vn -0.8819023370742798 -0.4713866114616394 -0.006554040592163801 
vn -0.8706772327423096 -0.02641802281141281 -0.4911448359489441 
vn -0.9772019982337952 -0.2097684144973755 0.03276457265019417 
vn -0.969074547290802 -0.10539320856332779 0.22312943637371063 
vn -0.9670296907424927 -0.25390365719795227 -0.01966099627315998 
vn -0.9449493885040283 -0.2352999597787857 0.22738653421401978 
vn -0.8817508220672607 -0.47130560874938965 -0.01966099627315998 
vn -0.868392825126648 -0.42657750844955444 0.25283506512641907 
vn -0.7069026231765747 -0.7069026231765747 -0.024029340595006943 
vn -0.7033510208129883 -0.6486943960189819 0.29067665338516235 
vn -0.4911596477031708 -0.8708476424217224 -0.01966099627315998 
vn -0.49322885274887085 -0.8039732575416565 0.33219319581985474 
vn -0.24662651121616364 -0.9690490365028381 -0.010923261754214764 
vn -0.25134366750717163 -0.8931074738502502 0.37307560443878174 
vn 3.0978390967890956e-13 -0.9999785423278809 -0.006554040592163801 
vn -0.0018864679150283337 -0.9211371541023254 0.3892335295677185 
vn -0.8777304887771606 -0.47771376371383667 -0.03713129088282585 
vn -0.7012627124786377 -0.71193528175354 -0.03713129088282585 
vn -0.4908314645290375 -0.8702657222747803 -0.04149730131030083 
vn -0.2537339925765991 -0.9663834571838379 -0.04149730131030083 
vn 3.0952372826256735e-13 -0.999138593673706 -0.04149730131030083 
vn -0.7261437773704529 -0.5611534714698792 0.3972681760787964 
vn -0.5308282971382141 -0.7485982179641724 0.3972681760787964 
vn -0.27658262848854065 -0.8732016086578369 0.401274174451828 
vn 0.0018870099447667599 -0.9141939878463745 0.405272513628006 
vn -0.519273579120636 -0.7436100244522095 0.42118772864341736 
vn -0.27481207251548767 -0.8604381084442139 0.42909738421440125 
vn -0.2538793981075287 -0.9669373631477356 0.024029340595006943 
vn 3.096656503269457e-13 -0.9995967149734497 0.028397228568792343 
vn -0.0018853197107091546 -0.9013727307319641 0.43303996324539185 
vn -0.001887861406430602 -0.9987360239028931 0.05022686347365379 
vn 2.0682311115474694e-13 4.2775797696334704e-26 -1 
vn -0.0018866714090108871 -0.9933021664619446 -0.11553031951189041 
vn 0.8707835078239441 -0.02264494076371193 -0.4911448359489441 
vn 0.20152777433395386 0.25097236037254333 -0.946783721446991 
vn 0.7221786975860596 -0.1203087791800499 -0.681163489818573 
vn 0.032719891518354416 -0.06171626225113869 -0.9975572824478149 
vn 0.7133851051330566 0.030202072113752365 -0.7001210451126099 
vn -0.0037933827843517065 0.02151334285736084 -0.9997613430023193 
vn 0.7026540040969849 0.21598663926124573 -0.677958071231842 
vn -0.018687747418880463 0.06730718165636063 -0.9975572824478149 
vn 0.6144561767578125 0.419364333152771 -0.6682642698287964 
vn -0.031828369945287704 0.09054753184318542 -0.9953833818435669 
vn 0.4911404550075531 0.5778130292892456 -0.651853621006012 
vn -0.04779020696878433 0.0979844480752945 -0.9940398335456848 
vn 0.34794366359710693 0.6957741379737854 -0.6283578276634216 
vn -0.03874358534812927 0.09723906964063644 -0.9945066571235657 
vn 0.19264277815818787 0.778546929359436 -0.5972883701324463 
vn -0.011395451612770557 0.1084204763174057 -0.9940398335456848 
vn 0.003775842720642686 0.8148742914199829 -0.5796254277229309 
vn 0.0018979120068252087 0.12202323973178864 -0.9925254583358765 
vn -0.6881290078163147 0.32539549469947815 -0.6485338807106018 
vn -0.6561141014099121 0.030222715809941292 -0.7540562748908997 
vn -0.6859472990036011 -1.418697516235301e-13 -0.7276512384414673 
vn -0.6582516431808472 -0.1054050549864769 -0.7453821301460266 
vn -0.6118395924568176 -0.26468425989151 -0.7453821301460266 
vn -0.5141173005104065 -0.4034317433834076 -0.7569189071655273 
vn -0.37339362502098083 -0.5158624649047852 -0.7710143327713013 
vn -0.18942077457904816 -0.5683024525642395 -0.8007197380065918 
vn 0.0018911174265667796 -0.5742690563201904 -0.8186644315719604 
vn -0.994223952293396 0.10550941526889801 -0.01966099627315998 
vn -0.9997409582138062 -0.022653724998235703 0.002184694167226553 
vn -0.9709395170211792 -0.23931509256362915 -0.002184694167226553 
vn -0.8671798706054688 -0.497760146856308 -0.0152922747656703 
vn -0.706727147102356 -0.706727147102356 -0.03276457265019417 
vn -0.5055173635482788 -0.8604902625083923 -0.0633138045668602 
vn -0.2683757543563843 -0.9578455686569214 -0.10250037163496017 
vn 0.003773920238018036 -0.9922492504119873 -0.1242060661315918 
vn -0.9935694932937622 0.11303403973579407 -0.006554040592163801 
vn -0.9997409582138062 -0.022653724998235703 0.002184694167226553 
vn -0.9709395170211792 -0.23931509256362915 -0.002184694167226553 
vn -0.8671798706054688 -0.497760146856308 -0.0152922747656703 
vn -0.706727147102356 -0.706727147102356 -0.03276457265019417 
vn -0.49913039803504944 -0.8645191788673401 -0.058952588587999344 
vn -0.26647406816482544 -0.9592666029930115 -0.09380380809307098 
vn -0.49105650186538696 -0.8706647753715515 -0.028397228568792343 
vn -0.24850136041641235 -0.967545211315155 -0.04586252197623253 
vn -0.48710471391677856 -0.8587835431098938 -0.15880759060382843 
vn -0.24664250016212463 -0.9545338749885559 -0.16742929816246033 
vn -0.42113739252090454 -0.7092844247817993 -0.5652954578399658 
vn -0.20903398096561432 -0.7849875092506409 -0.5831804275512695 
vn -0.2522594928741455 -0.3966515362262726 -0.882628321647644 
vn -0.12140890955924988 -0.42996087670326233 -0.8946471214294434 
vn -0.03728419542312622 -0.13428553938865662 -0.9902410507202148 
vn 4.1953230169380906e-14 -0.13503733277320862 -0.990840494632721 
vn 2.0682311115474694e-13 4.2775797696334704e-26 -1 
vn 2.0682311115474694e-13 4.2775797696334704e-26 -1 
vn -2.0682311115474694e-13 0 -1 
vn 0.0018889878410845995 -0.4389342665672302 -0.8985171914100647 
vn 2.523776001552014e-13 -0.812342643737793 -0.5831804275512695 
vn 3.0541758358482163e-13 -0.9858840703964233 -0.16742929816246033 
vn -0.0018874284578487277 -0.9985070824623108 -0.05459024757146835 
vn -0.0018866714090108871 -0.9933021664619446 -0.11553031951189041 
vn -0.198560893535614 0.2533261477947235 -0.946783721446991 
vn -0.3517071604728699 0.5739339590072632 -0.7395281791687012 
vn -0.8706772327423096 -0.02641802281141281 -0.4911448359489441 
vn -0.9256758093833923 0.2317480891942978 -0.2990269064903259 
vn -0.9441307187080383 -0.25720953941345215 0.2060592919588089 
vn -0.9004791975021362 -0.20939746499061584 0.3811691105365753 
vn -0.9009966850280762 -0.3430993854999542 0.26549527049064636 
vn -0.8162577748298645 -0.2489635944366455 0.5212872624397278 
vn -0.7448700070381165 -0.5206683278083801 0.417220801115036 
vn -0.6103819012641907 -0.2987290024757385 0.7336177229881287 
vn -0.5376102328300476 -0.6508060693740845 0.5361219048500061 
vn -0.39710354804992676 -0.29223930835723877 0.8700028657913208 
vn -0.27833449840545654 -0.7322726249694824 0.6215357780456543 
vn -0.18826663494110107 -0.2661473751068115 0.9453682899475098 
vn 2.3560163152011593e-13 -0.758344829082489 0.651853621006012 
vn 0.0018801316618919373 -0.25494125485420227 0.9669547080993652 
vn 0.18519149720668793 -0.2682962119579315 0.9453682899475098 
vn 0.19647057354450226 -0.2653041481971741 0.9439348578453064 
vn 0.4041539430618286 -0.2889860272407532 0.8678402304649353 
vn 0.4343535304069519 -0.2848435044288635 0.8545181155204773 
vn 0.6442623138427734 -0.28574299812316895 0.7094202041625977 
vn 0.6792678236961365 -0.26505112648010254 0.6843559741973877 
vn 0.8259233236312866 -0.22358231246471405 0.5175535082817078 
vn 0.8259233236312866 -0.22358231246471405 0.5175535082817078 
vn 0.871353805065155 -0.17981310188770294 0.456519216299057 
vn 0.9393022060394287 -0.06786810606718063 -0.3363112509250641 
vn 0.8926590085029602 -0.17996595799922943 0.41324591636657715 
vn 0.9279283285140991 0.12057612091302872 -0.3527185618877411 
vn 0.9071865677833557 -0.20208443701267242 0.3690181374549866 
vn 0.9398203492164612 0.16528970003128052 -0.2990269064903259 
vn 0.9038323163986206 -0.20214645564556122 0.37712597846984863 
vn 0.9367417097091675 0.1949925571680069 -0.29067665338516235 
vn 0.9004791975021362 -0.20939746499061584 0.3811691105365753 
vn 0.9256758093833923 0.2317480891942978 -0.2990269064903259 
vn 0.9451151490211487 -0.25356826186180115 0.2060592919588089 
vn 0.8707835078239441 -0.02264494076371193 -0.4911448359489441 
vn -0.4083588421344757 0.5016801953315735 -0.762600839138031 
vn -0.9367417097091675 0.1949925571680069 -0.29067665338516235 
vn -0.9030011296272278 -0.20582762360572815 0.37712597846984863 
vn -0.8186355829238892 -0.24894598126411438 0.5175535082817078 
vn -0.6175493597984314 -0.29859083890914917 0.7276512384414673 
vn -0.401954710483551 -0.2920371890068054 0.8678402304649353 
vn -0.19647057354450226 -0.2653041481971741 0.9439348578453064 
vn 0.0018801316618919373 -0.25494125485420227 0.9669547080993652 
vn 0.2126890867948532 -0.26842761039733887 0.9395264387130737 
vn 0.48013997077941895 -0.2735852003097534 0.8334367275238037 
vn 0.7093559503555298 -0.2514961361885071 0.6584556698799133 
vn 0.8745462894439697 -0.41637033224105835 -0.24860523641109467 
vn 0.4544799029827118 -0.34515896439552307 -0.8211658596992493 
vn 0.4756712019443512 0.07533891499042511 -0.8763908743858337 
vn -0.9398203492164612 0.16528970003128052 -0.2990269064903259 
vn -0.9071865677833557 -0.20208443701267242 0.3690181374549866 
vn -0.8289622664451599 -0.24554979801177979 0.5025205612182617 
vn -0.642723798751831 -0.289186954498291 0.7094202041625977 
vn -0.4322754740715027 -0.2879874110221863 0.8545181155204773 
vn -0.2126890867948532 -0.26842761039733887 0.9395264387130737 
vn 0.0018801316618919373 -0.25494125485420227 0.9669547080993652 
vn 0.25056636333465576 -0.2625385820865631 0.931820809841156 
vn 0.5232335329055786 -0.26152917742729187 0.8110666871070862 
vn 0.7382673621177673 -0.6742216348648071 0.01966099627315998 
vn 0.3597260117530823 -0.6835237741470337 -0.6351318359375 
vn -0.8249301314353943 -0.22721926867961884 0.5175535082817078 
vn -0.6792678236961365 -0.26505112648010254 0.6843559741973877 
vn -0.4782644212245941 -0.2768508493900299 0.8334367275238037 
vn -0.25327491760253906 -0.25992658734321594 0.931820809841156 
vn -0.0037506339140236378 -0.2506926953792572 0.9680594801902771 
vn 0.28643620014190674 -0.2545335590839386 0.9236704111099243 
vn 0.5571897029876709 -0.7867985367774963 0.26549527049064636 
vn 0.2712380886077881 -0.8494459390640259 -0.45262736082077026 
vn -0.8269004225730896 -0.21994099020957947 0.5175535082817078 
vn -0.7106071710586548 -0.24793876707553864 0.6584556698799133 
vn -0.5232335329055786 -0.26152917742729187 0.8110666871070862 
vn -0.28643620014190674 -0.2545335590839386 0.9236704111099243 
vn -0.0037506339140236378 -0.2506926953792572 0.9680594801902771 
vn 0.31538739800453186 -0.8340619206428528 0.45262736082077026 
vn 0.16724999248981476 -0.934016764163971 -0.31565824151039124 
vn -0.8745462894439697 -0.41637033224105835 -0.24860523641109467 
vn -0.7382673621177673 -0.6742216348648071 0.01966099627315998 
vn -0.5541071891784668 -0.7889723777770996 0.26549527049064636 
vn -0.31891119480133057 -0.832720935344696 0.45262736082077026 
vn -0.0018847433384507895 -0.8579019904136658 0.5138099193572998 
vn -0.0037766085006296635 -0.9641047716140747 -0.26549527049064636 
vn -0.17096766829490662 -0.9333434104919434 -0.31565824151039124 
vn -0.2712380886077881 -0.8494459390640259 -0.45262736082077026 
vn -0.3597260117530823 -0.6835237741470337 -0.6351318359375 
vn -0.4544799029827118 -0.34515896439552307 -0.8211658596992493 
vn -0.4756712019443512 0.07533891499042511 -0.8763908743858337 
vn -0.9393022060394287 -0.06786810606718063 -0.3363112509250641 
vn -0.4392414093017578 0.34717312455177307 -0.8285757899284363 
vn -0.9279283285140991 0.12057612091302872 -0.3527185618877411 
vn -0.4249195456504822 0.43693631887435913 -0.7927988767623901 
vn -0.8926590085029602 -0.17996595799922943 0.41324591636657715 
vn -0.8721083402633667 -0.17611724138259888 0.456519216299057 
vn 0.8289622664451599 -0.24554979801177979 0.5025205612182617 
vn 0.8197245597839355 -0.24533654749393463 0.5175535082817078 
vn 0.6175493597984314 -0.29859083890914917 0.7276512384414673 
vn 0.6103819012641907 -0.2987290024757385 0.7336177229881287 
vn 0.39485815167427063 -0.29526612162590027 0.8700028657913208 
vn 0.5346965789794922 -0.6532020568847656 0.5361219048500061 
vn 0.2818542420864105 -0.7309250831604004 0.6215357780456543 
vn 0.7427027821540833 -0.5237550735473633 0.417220801115036 
vn 0.81514972448349 -0.2525678277015686 0.5212872624397278 
vn 0.8996475338935852 -0.3466217517852783 0.26549527049064636 
vn 0.43688586354255676 0.3501327335834503 -0.8285757899284363 
vn 0.4222039580345154 0.4395608901977539 -0.7927988767623901 
vn 0.4083588421344757 0.5016801953315735 -0.762600839138031 
vn 0.3517071604728699 0.5739339590072632 -0.7395281791687012 
vn 0.20152777433395386 0.25097236037254333 -0.946783721446991 
vn -0.9786087274551392 0.20235185325145721 -0.03713129088282585 
vn -0.9669373631477356 0.2538793981075287 -0.024029340595006943 
vn -0.9690860509872437 0.24663592875003815 -0.006554040592163801 
vn -0.8922665119171143 0.44764384627342224 -0.058952588587999344 
vn -0.8853524923324585 0.4646688401699066 -0.0152922747656703 
vn -0.7324404716491699 0.6737187504768372 -0.0981530249118805 
vn -0.7174984812736511 0.6961454749107361 -0.024029340595006943 
vn -0.5214812159538269 0.8428536653518677 -0.1328723281621933 
vn -0.5041503310203552 0.8631489276885986 -0.028397228568792343 
vn -0.2720860540866852 0.9497901797294617 -0.15449213981628418 
vn -0.26114439964294434 0.964881956577301 -0.028397228568792343 
vn 0.0018876449903473258 0.9866044521331787 -0.16312000155448914 
vn -1.0335603087361506e-13 0.9994630813598633 -0.03276457265019417 
vn -0.26291581988334656 0.9386631846427917 -0.22312943637371063 
vn -0.50489342212677 0.8392656445503235 -0.2017817199230194 
vn -0.7150304317474365 0.6776713132858276 -0.17173540592193604 
vn -0.8809542655944824 0.45416349172592163 -0.1328723281621933 
vn -0.9637064933776855 0.2465025782585144 -0.10250037163496017 
vn -0.9895606637001038 0.10552568733692169 -0.0981530249118805 
vn -0.9944137930870056 0.10552956163883209 -0.002184694167226553 
vn -0.9942747354507446 -0.030189042910933495 -0.10250037163496017 
vn -0.9997409582138062 -0.022653724998235703 0.002184694167226553 
vn -0.9709395170211792 -0.23931509256362915 -0.002184694167226553 
vn -0.21371330320835114 0.6748473644256592 -0.7063339352607727 
vn -0.4244907796382904 0.6144694685935974 -0.6650074124336243 
vn -0.6190731525421143 0.5057700872421265 -0.6007870435714722 
vn -0.780029296875 0.3516996502876282 -0.5175535082817078 
vn -0.8696122765541077 0.2059580683708191 -0.4487268626689911 
vn -0.9009605050086975 0.0867210105061531 -0.42514660954475403 
vn -0.8989663124084473 -0.03021656908094883 -0.43697428703308105 
vn -0.6156456470489502 -0.030244730412960052 -0.7874425053596497 
vn -0.5646486878395081 -0.13857419788837433 -0.8136147856712341 
vn -0.2083398550748825 -0.059740494936704636 -0.976230263710022 
vn -0.1682307869195938 -0.09059009701013565 -0.9815762042999268 
vn 2.0682311115474694e-13 4.2775797696334704e-26 -1 
vn 2.0682311115474694e-13 4.2775797696334704e-26 -1 
vn 2.0682311115474694e-13 4.2775797696334704e-26 -1 
vn 2.0682311115474694e-13 4.2775797696334704e-26 -1 
vn -0.08264786750078201 -0.12796393036842346 -0.9883291721343994 
vn 2.0682311115474694e-13 4.2775797696334704e-26 -1 
vn -0.23327375948429108 -0.015131501480937004 -0.9722933769226074 
vn -0.6172298192977905 0.056636352092027664 -0.7847417593002319 
vn -0.573677122592926 0.13121506571769714 -0.8085030317306519 
vn -0.482723206281662 0.1917736530303955 -0.8545181155204773 
vn -0.3475991487503052 0.24134239554405212 -0.9060511589050293 
vn -0.22062115371227264 0.2619471848011017 -0.9395264387130737 
vn -0.10356703400611877 0.26487141847610474 -0.9587059020996094 
vn -0.0018891593208536506 0.26338157057762146 -0.9646899104118347 
vn -7.15897339239463e-14 0.6922798156738281 -0.7216291427612305 
vn 0.0038385943043977022 0.06101270765066147 -0.9981296062469482 
vn -0.02585538476705551 0.06489212065935135 -0.9975572824478149 
vn -0.06441111862659454 0.07115552574396133 -0.9953833818435669 
vn -0.10920384526252747 0.07182449847459793 -0.991421103477478 
vn -0.16533903777599335 0.066438689827919 -0.9839963912963867 
vn -0.2102978676557541 0.05243314430117607 -0.976230263710022 
vn -0.2326614409685135 0.022677412256598473 -0.9722933769226074 
vn 2.0682311115474694e-13 4.2775797696334704e-26 -1 
vn -2.0682311115474694e-13 0 -1 
vn 2.0682311115474694e-13 4.2775797696334704e-26 -1 
vn 2.0682311115474694e-13 4.2775797696334704e-26 -1 
vn 2.0682311115474694e-13 4.2775797696334704e-26 -1 
vn 2.0682311115474694e-13 4.2775797696334704e-26 -1 
vn 2.0682311115474694e-13 4.2775797696334704e-26 -1 
vn -0.9430846571922302 0.2575875222682953 -0.2103329300880432 
vn -0.8916236758232117 0.35399365425109863 -0.28230419754981995 
vn -0.7292274832725525 0.5298147797584534 -0.43303996324539185 
vn -0.5239334106445312 0.6466036438941956 -0.5544344186782837 
vn -0.27008840441703796 0.72364342212677 -0.6351318359375 
vn 0.001889093779027462 0.746834397315979 -0.6650074124336243 
vn 0.0018888411577790976 0.9727998971939087 -0.23163928091526031 
vn -0.8572185039520264 -0.20589710772037506 -0.4719987213611603 
vn -0.9635224342346191 -0.23928186297416687 -0.11986933648586273 
vn -0.7526521682739258 -0.4163616895675659 -0.5100564956665039 
vn -0.8565738797187805 -0.4974503517150879 -0.1372016966342926 
vn -0.6084414720535278 -0.5817296504974365 -0.5398051738739014 
vn -0.6957442164421082 -0.7024157047271729 -0.15017375349998474 
vn -0.47464531660079956 -0.26093846559524536 -0.8406086564064026 
vn -0.3696706295013428 -0.3376011848449707 -0.865661084651947 
vn -0.1257714033126831 -0.11375351995229721 -0.9855159521102905 
vn -0.8634786009788513 -0.5043429136276245 -0.006554040592163801 
vn -0.7016646265983582 -0.7123432755470276 -0.0152922747656703 
vn 0.3517071604728699 0.5739339590072632 -0.7395281791687012 
vn 0.4083588421344757 0.5016801953315735 -0.762600839138031 
vn -0.320311039686203 0.5346364378929138 -0.7820260524749756 
vn -0.34213918447494507 0.4567575454711914 -0.8211658596992493 
vn -0.9062994122505188 0.20602668821811676 -0.3690181374549866 
vn -0.9079440832138062 0.19865328073501587 -0.3690181374549866 
vn -0.8334606885910034 0.2604779899120331 -0.48733407258987427 
vn -0.8299302458763123 0.24225783348083496 -0.5025205612182617 
vn -0.6462842226028442 0.32441946864128113 -0.6907016038894653 
vn -0.6440585851669312 0.2862018942832947 -0.7094202041625977 
vn -0.4285259246826172 0.34312015771865845 -0.8358433246612549 
vn -0.4339704215526581 0.2854268550872803 -0.8545181155204773 
vn -0.20643660426139832 0.33235007524490356 -0.9202865362167358 
vn -0.21474969387054443 0.2614869177341461 -0.9410139322280884 
vn -0.001893595326691866 0.3218648433685303 -0.946783721446991 
vn -2.5927422711504063e-14 0.2507207691669464 -0.9680594801902771 
vn 0.21181289851665497 0.263871431350708 -0.9410139322280884 
vn 0.2498624175786972 0.26320862770080566 -0.931820809841156 
vn 0.47952133417129517 0.27466803789138794 -0.8334367275238037 
vn 0.522733747959137 0.2625267505645752 -0.8110666871070862 
vn 0.7092189788818359 0.2518821954727173 -0.6584556698799133 
vn 0.18349285423755646 -0.3455474078655243 -0.9202865362167358 
vn 0.17805781960487366 -0.10789458453655243 -0.9780870079994202 
vn -0.3597260117530823 -0.6835237741470337 -0.6351318359375 
vn -0.4544799029827118 -0.34515896439552307 -0.8211658596992493 
vn 0.22369475662708282 0.1756235957145691 -0.9587059020996094 
vn 0.8254322409629822 0.21661315858364105 -0.5212872624397278 
vn 0.6789419054985046 0.26588496565818787 -0.6843559741973877 
vn 0.4339704215526581 0.2854268550872803 -0.8545181155204773 
vn 0.2096395492553711 0.33033907413482666 -0.9202865362167358 
vn -4.12893528503773e-14 0.3992721438407898 -0.916832447052002 
vn -0.21407660841941833 0.40101006627082825 -0.8907088041305542 
vn -0.4331839978694916 0.3930934965610504 -0.8110666871070862 
vn -0.6435351371765137 0.36137086153030396 -0.67473965883255 
vn -0.828827440738678 0.27486464381217957 -0.48733407258987427 
vn -0.9070192575454712 0.2169794887304306 -0.36088213324546814 
vn -0.3820260167121887 0.5810971260070801 -0.7185974717140198 
vn 0.20152777433395386 0.25097236037254333 -0.946783721446991 
vn 0.8713043332099915 0.1800527125597 -0.456519216299057 
vn 0.8258402347564697 0.22388896346092224 -0.5175535082817078 
vn 0.6440585851669312 0.2862018942832947 -0.7094202041625977 
vn 0.4285259246826172 0.34312015771865845 -0.8358433246612549 
vn 0.21407660841941833 0.40101006627082825 -0.8907088041305542 
vn 0.001889093779027462 0.746834397315979 -0.6650074124336243 
vn -0.27008840441703796 0.72364342212677 -0.6351318359375 
vn -0.5239334106445312 0.6466036438941956 -0.5544344186782837 
vn -0.7292274832725525 0.5298147797584534 -0.43303996324539185 
vn -0.8916236758232117 0.35399365425109863 -0.28230419754981995 
vn -0.9430846571922302 0.2575875222682953 -0.2103329300880432 
vn -0.6881290078163147 0.32539549469947815 -0.6485338807106018 
vn 0.8309808373451233 0.23862925171852112 -0.5025205612182617 
vn 0.6445795297622681 0.32779332995414734 -0.6907016038894653 
vn 0.4331839978694916 0.3930934965610504 -0.8110666871070862 
vn 0.27008840441703796 0.72364342212677 -0.6351318359375 
vn 0.9071292281150818 0.20234164595603943 -0.3690181374549866 
vn 0.8334606885910034 0.2604779899120331 -0.48733407258987427 
vn 0.6435351371765137 0.36137086153030396 -0.67473965883255 
vn 0.5239334106445312 0.6466036438941956 -0.5544344186782837 
vn 0.9054545760154724 0.2097083181142807 -0.3690181374549866 
vn 0.828827440738678 0.27486464381217957 -0.48733407258987427 
vn 0.7292274832725525 0.5298147797584534 -0.43303996324539185 
vn 0.9070192575454712 0.2169794887304306 -0.36088213324546814 
vn 0.8916236758232117 0.35399365425109863 -0.28230419754981995 
vn 0.9440730214118958 0.2539413571357727 -0.2103329300880432 
vn 0.3820260167121887 0.5810971260070801 -0.7185974717140198 
vn 0.6865056157112122 0.32880666851997375 -0.6485338807106018 
vn -0.198560893535614 0.2533261477947235 -0.946783721446991 
vn 0.320311039686203 0.5346364378929138 -0.7820260524749756 
vn 0.34213918447494507 0.4567575454711914 -0.8211658596992493 
vn 0.3146650791168213 0.3893800377845764 -0.865661084651947 
vn 0.8926590085029602 0.17996595799922943 -0.41324591636657715 
vn -0.3517071604728699 0.5739339590072632 -0.7395281791687012 
vn -0.4083588421344757 0.5016801953315735 -0.762600839138031 
vn -0.4249195456504822 0.43693631887435913 -0.7927988767623901 
vn -0.4392414093017578 0.34717312455177307 -0.8285757899284363 
vn -0.4756712019443512 0.07533891499042511 -0.8763908743858337 
vn -0.2712380886077881 -0.8494459390640259 -0.45262736082077026 
vn 0.12708139419555664 -0.4645313322544098 -0.8763908743858337 
vn -0.17096766829490662 -0.9333434104919434 -0.31565824151039124 
vn 0.05470862612128258 -0.52774977684021 -0.8476362228393555 
vn -0.0037766085006296635 -0.9641047716140747 -0.26549527049064636 
vn 1.7456449155107967e-13 -0.563491940498352 -0.8261215686798096 
vn 0.16724999248981476 -0.934016764163971 -0.31565824151039124 
vn -0.05846678838133812 -0.527346670627594 -0.8476362228393555 
vn 0.2712380886077881 -0.8494459390640259 -0.45262736082077026 
vn -0.12708139419555664 -0.4645313322544098 -0.8763908743858337 
vn 0.3597260117530823 -0.6835237741470337 -0.6351318359375 
vn -0.18682444095611572 -0.3437575697898865 -0.9202865362167358 
vn 0.4544799029827118 -0.34515896439552307 -0.8211658596992493 
vn -0.1760692596435547 -0.11111005395650864 -0.9780870079994202 
vn 0.4756712019443512 0.07533891499042511 -0.8763908743858337 
vn -0.22369475662708282 0.1756235957145691 -0.9587059020996094 
vn 0.43688586354255676 0.3501327335834503 -0.8285757899284363 
vn -0.3146650791168213 0.3893800377845764 -0.865661084651947 
vn 0.4222039580345154 0.4395608901977539 -0.7927988767623901 
vn 0.003786779474467039 0.26757413148880005 -0.9635298252105713 
vn -0.2855595648288727 0.2615247964859009 -0.9219872951507568 
vn -0.522733747959137 0.2625267505645752 -0.8110666871070862 
vn -0.7092189788818359 0.2518821954727173 -0.6584556698799133 
vn -0.8254322409629822 0.21661315858364105 -0.5212872624397278 
vn -0.8713043332099915 0.1800527125597 -0.456519216299057 
vn -0.8926590085029602 0.17996595799922943 -0.41324591636657715 
vn -0.8258402347564697 0.22388896346092224 -0.5175535082817078 
vn -0.6789419054985046 0.26588496565818787 -0.6843559741973877 
vn -0.4813900291919708 0.27137959003448486 -0.8334367275238037 
vn -0.2498624175786972 0.26320862770080566 -0.931820809841156 
vn -2.5927422711504063e-14 0.2507207691669464 -0.9680594801902771 
vn 0.2855595648288727 0.2615247964859009 -0.9219872951507568 
vn -0.8400815725326538 0.4799347519874573 0.25283506512641907 
vn -0.9446429014205933 0.22805000841617584 0.23588760197162628 
vn -0.7234575748443604 0.14606693387031555 0.67473965883255 
vn -0.7583073377609253 0.0075391498394310474 0.651853621006012 
vn -0.5001624822616577 0.08989141881465912 0.8612531423568726 
vn -0.5342764258384705 -1.1050071312612361e-13 0.8453097939491272 
vn -0.40951573848724365 0.08960980176925659 0.9078915119171143 
vn -0.423151433467865 0.003766018431633711 0.9060511589050293 
vn -0.24493514001369476 0.08471272140741348 0.9658315181732178 
vn -0.25492045283317566 0.003760160878300667 0.9669547080993652 
vn -0.10912671685218811 0.08668376505374908 0.9902410507202148 
vn -0.1171671599149704 0.01118810661137104 0.9930492043495178 
vn -0.003704126225784421 0.08719801157712936 0.9961841106414795 
vn -1.3584084427309948e-15 0.013107799924910069 0.9999141097068787 
vn 0.11141466349363327 0.08372268825769424 0.9902410507202148 
vn 0.1174631416797638 0.007465002592653036 0.9930492043495178 
vn 0.2461358606815338 0.08115794509649277 0.9658315181732178 
vn 0.2548372745513916 0.007519504055380821 0.9669547080993652 
vn 0.40951573848724365 0.08960980176925659 0.9078915119171143 
vn 0.42310115694999695 0.007531738840043545 0.9060511589050293 
vn 0.5342764258384705 0 0.8453097939491272 
vn 0.5345972180366516 -0.06009935960173607 0.8429672718048096 
vn 0.7574508190155029 -0.0753130316734314 0.6485338807106018 
vn 0.5001624822616577 -0.08989141881465912 0.8612531423568726 
vn 0.733123242855072 -0.14246203005313873 0.6650074124336243 
vn 0.4344070553779602 -0.10438865423202515 0.8946471214294434 
vn 0.660642147064209 -0.23644407093524933 0.7124928832054138 
vn 0.3262980282306671 -0.13923248648643494 0.9349566102027893 
vn 0.5207840204238892 -0.3485437333583832 0.7792953848838806 
vn 0.2075754702091217 -0.14802365005016327 0.9669547080993652 
vn 0.3563830256462097 -0.4175608158111572 0.8358433246612549 
vn 0.10149058699607849 -0.1358601152896881 0.9855159521102905 
vn 0.17994534969329834 -0.4467199742794037 0.8763908743858337 
vn 0.0037324668373912573 -0.13065338134765625 0.991421103477478 
vn -0.001880282536149025 -0.4584580361843109 0.888714075088501 
vn -0.17994534969329834 -0.4467199742794037 0.8763908743858337 
vn -0.25134366750717163 -0.8931074738502502 0.37307560443878174 
vn -0.49322885274887085 -0.8039732575416565 0.33219319581985474 
vn -0.9745261669158936 0.02262646146118641 0.22312943637371063 
vn -0.7574508190155029 -0.0753130316734314 0.6485338807106018 
vn -0.5350046753883362 -0.05635741353034973 0.8429672718048096 
vn -0.4223524034023285 -0.06365938484668732 0.9041935205459595 
vn -0.25473520159721375 -0.06695814430713654 0.9646899104118347 
vn -0.11779025942087173 -0.07448604702949524 0.9902410507202148 
vn -0.0018501408630982041 -0.07418830692768097 0.9972425103187561 
vn 0.1197476014494896 -0.07129676640033722 0.9902410507202148 
vn 0.25473520159721375 -0.06695814430713654 0.9646899104118347 
vn 0.42289626598358154 -0.05994027480483055 0.9041935205459595 
vn -0.5001624822616577 -0.08989141881465912 0.8612531423568726 
vn -0.396833211183548 -0.10795597732067108 0.9115201234817505 
vn -0.2405397742986679 -0.12657180428504944 0.962351381778717 
vn -0.11335691064596176 -0.131859689950943 0.9847655892372131 
vn 0.0037324668373912573 -0.13065338134765625 0.991421103477478 
vn 0.11335691064596176 -0.131859689950943 0.9847655892372131 
vn 0.2422683835029602 -0.12323081493377686 0.962351381778717 
vn 0.3978053331375122 -0.1043168380856514 0.9115201234817505 
vn -0.43527084589004517 -0.10072620213031769 0.8946471214294434 
vn -0.34867537021636963 -0.11447609961032867 0.9302261471748352 
vn -0.20624366402626038 -0.13498203456401825 0.9691457152366638 
vn -0.10169452428817749 -0.14631925523281097 0.9839963912963867 
vn 0.0018653111765161157 -0.1436787098646164 0.9896226525306702 
vn 0.10169452428817749 -0.14631925523281097 0.9839963912963867 
vn 0.20624366402626038 -0.13498203456401825 0.9691457152366638 
vn 0.34748566150665283 -0.118038110435009 0.9302261471748352 
vn 0.2878831624984741 -0.12433233857154846 0.949560284614563 
vn 0.192111536860466 -0.1405060887336731 0.9712626934051514 
vn 0.09543678164482117 -0.14535675942897797 0.9847655892372131 
vn 0.0018653111765161157 -0.1436787098646164 0.9896226525306702 
vn -0.10149058699607849 -0.1358601152896881 0.9855159521102905 
vn -0.3563830256462097 -0.4175608158111572 0.8358433246612549 
vn -0.7033510208129883 -0.6486943960189819 0.29067665338516235 
vn -0.09543678164482117 -0.14535675942897797 0.9847655892372131 
vn -0.18986952304840088 -0.1435212939977646 0.9712626934051514 
vn -0.2878831624984741 -0.12433233857154846 0.949560284614563 
vn -0.20973604917526245 -0.14494606852531433 0.9669547080993652 
vn -0.5207840204238892 -0.3485437333583832 0.7792953848838806 
vn -0.868392825126648 -0.42657750844955444 0.25283506512641907 
vn -0.3262980282306671 -0.13923248648643494 0.9349566102027893 
vn -0.6619023680686951 -0.23289287090301514 0.7124928832054138 
vn -0.9449493885040283 -0.2352999597787857 0.22738653421401978 
vn -0.733123242855072 -0.14246203005313873 0.6650074124336243 
vn -0.969074547290802 -0.10539320856332779 0.22312943637371063 
vn -0.0018864679150283337 -0.9211371541023254 0.3892335295677185 
vn 0.25497129559516907 -0.8920785784721375 0.37307560443878174 
vn 0.49644240736961365 -0.8019928932189941 0.33219319581985474 
vn 0.7059025764465332 -0.6459168791770935 0.29067665338516235 
vn 0.8667214512825012 -0.42996323108673096 0.25283506512641907 
vn 0.9458537697792053 -0.23163773119449615 0.22738653421401978 
vn 0.969074547290802 -0.10539320856332779 0.22312943637371063 
vn 0.9745261669158936 0.02262646146118641 0.22312943637371063 
vn 0.7583073377609253 0.0075391498394310474 0.651853621006012 
vn 0.9437502026557922 0.23171661794185638 0.23588760197162628 
vn 0.7227019667625427 0.1497606337070465 0.67473965883255 
vn 0.838202178478241 0.48320960998535156 0.25283506512641907 
vn 0.6314001679420471 0.32679569721221924 0.7032341957092285 
vn 0.6837276816368103 0.6797269582748413 0.26549527049064636 
vn 0.5119478106498718 0.4612981975078583 0.7246471047401428 
vn 0.4759124517440796 0.8343634009361267 0.2781098484992981 
vn 0.3521382510662079 0.5621956586837769 0.7482877969741821 
vn 0.24250072240829468 0.9268845915794373 0.2864931523799896 
vn 0.1768108755350113 0.6222361922264099 0.762600839138031 
vn -0.0037718000821769238 0.9580748677253723 0.2864931523799896 
vn -0.0037662452086806297 0.6401695013046265 0.7682244777679443 
vn -0.17318116128444672 0.6232562065124512 0.762600839138031 
vn -0.0037601967342197895 0.37102872133255005 0.9286137819290161 
vn -0.11644836515188217 0.3608231246471405 0.9253358840942383 
vn -3.41394393223865e-14 0.33013176918029785 0.9439348578453064 
vn -0.11438004672527313 0.32281145453453064 0.9395264387130737 
vn -0.10812480002641678 0.20725500583648682 0.9722933769226074 
vn -0.22811724245548248 0.20286725461483002 0.9522643685340881 
vn 0.5001624822616577 0.08989141881465912 0.8612531423568726 
vn 0.43621283769607544 0.20410150289535522 0.8763908743858337 
vn 0.3709184527397156 0.1953267902135849 0.9078915119171143 
vn 0.23059917986392975 0.2000415325164795 0.9522643685340881 
vn 0.10812480002641678 0.20725500583648682 0.9722933769226074 
vn -0.0018687433330342174 0.2081882208585739 0.9780870079994202 
vn 0.34897539019584656 0.28517889976501465 0.8926864862442017 
vn 0.3250315189361572 0.28911349177360535 0.9004265069961548 
vn 0.23127537965774536 0.30552369356155396 0.9236704111099243 
vn 0.11438004672527313 0.32281145453453064 0.9395264387130737 
vn 0.23938658833503723 0.3294873833656311 0.913308322429657 
vn 0.12001848220825195 0.3596513867378235 0.9253358840942383 
vn -0.24250072240829468 0.9268845915794373 0.2864931523799896 
vn -0.355326384305954 0.5601861476898193 0.7482877969741821 
vn -0.23938658833503723 0.3294873833656311 0.913308322429657 
vn -0.5119478106498718 0.4612981975078583 0.7246471047401428 
vn -0.34897539019584656 0.28517889976501465 0.8926864862442017 
vn -0.6314001679420471 0.32679569721221924 0.7032341957092285 
vn -0.43621283769607544 0.20410150289535522 0.8763908743858337 
vn -0.3709184527397156 0.1953267902135849 0.9078915119171143 
vn -0.3275214433670044 0.2862897217273712 0.9004265069961548 
vn -0.23127537965774536 0.30552369356155396 0.9236704111099243 
vn -0.4759124517440796 0.8343634009361267 0.2781098484992981 
vn -0.6863817572593689 0.6770467758178711 0.26549527049064636 
vn -2.0682311115474694e-13 0 -1 
vn -2.0682311115474694e-13 0 -1 
vn -2.0682311115474694e-13 0 -1 
vn 0.23327375948429108 -0.015131501480937004 -0.9722933769226074 
vn 0.2326614409685135 0.022677412256598473 -0.9722933769226074 
vn 0.6168728470802307 0.06040048971772194 -0.7847417593002319 
vn 0.2102978676557541 0.05243314430117607 -0.976230263710022 
vn 0.5745083093643188 0.12752677500247955 -0.8085030317306519 
vn 0.16533903777599335 0.066438689827919 -0.9839963912963867 
vn 0.482723206281662 0.1917736530303955 -0.8545181155204773 
vn 0.10920384526252747 0.07182449847459793 -0.991421103477478 
vn 0.3475991487503052 0.24134239554405212 -0.9060511589050293 
vn 0.061531297862529755 0.07366003096103668 -0.9953833818435669 
vn 0.21772032976150513 0.264363169670105 -0.9395264387130737 
vn 0.02585538476705551 0.06489212065935135 -0.9975572824478149 
vn 0.10356703400611877 0.26487141847610474 -0.9587059020996094 
vn 0.0038385943043977022 0.06101270765066147 -0.9981296062469482 
vn -0.0018891593208536506 0.26338157057762146 -0.9646899104118347 
vn 0.2083398550748825 -0.059740494936704636 -0.976230263710022 
vn 0.6156456470489502 -0.030244730412960052 -0.7874425053596497 
vn 0.9005908370018005 0.09047915041446686 -0.42514660954475403 
vn 0.8704752922058105 0.20227928459644318 -0.4487268626689911 
vn 0.780029296875 0.3516996502876282 -0.5175535082817078 
vn 0.6166768670082092 0.5086890459060669 -0.6007870435714722 
vn 0.4275939166545868 0.6123141646385193 -0.6650074124336243 
vn 0.21730972826480865 0.6736978888511658 -0.7063339352607727 
vn -7.15897339239463e-14 0.6922798156738281 -0.7216291427612305 
vn 0.25927773118019104 0.9396745562553406 -0.22312943637371063 
vn 0.5081247687339783 0.837313175201416 -0.2017817199230194 
vn 0.7150304317474365 0.6776713132858276 -0.17173540592193604 
vn 0.8826773762702942 0.45080554485321045 -0.1328723281621933 
vn 0.9637064933776855 0.2465025782585144 -0.10250037163496017 
vn 0.26114439964294434 0.964881956577301 -0.028397228568792343 
vn 0.5041503310203552 0.8631489276885986 -0.028397228568792343 
vn 0.7174984812736511 0.6961454749107361 -0.024029340595006943 
vn 0.8853524923324585 0.4646688401699066 -0.0152922747656703 
vn 0.2720860540866852 0.9497901797294617 -0.15449213981628418 
vn 0.5246869921684265 0.8408617377281189 -0.1328723281621933 
vn 0.7324404716491699 0.6737187504768372 -0.0981530249118805 
vn 0.893952488899231 0.4442674517631531 -0.058952588587999344 
vn 0.27008840441703796 0.72364342212677 -0.6351318359375 
vn 0.5239334106445312 0.6466036438941956 -0.5544344186782837 
vn 0.7292274832725525 0.5298147797584534 -0.43303996324539185 
vn 0.8916236758232117 0.35399365425109863 -0.28230419754981995 
vn 0.001889093779027462 0.746834397315979 -0.6650074124336243 
vn 0.0018876449903473258 0.9866044521331787 -0.16312000155448914 
vn -1.0335603087361506e-13 0.9994630813598633 -0.03276457265019417 
vn 0.0018888411577790976 0.9727998971939087 -0.23163928091526031 
vn -2.0682311115474694e-13 0 -1 
vn -2.0682311115474694e-13 0 -1 
vn -2.0682311115474694e-13 0 -1 
vn -2.0682311115474694e-13 0 -1 
vn -2.0682311115474694e-13 0 -1 
vn -2.0682311115474694e-13 0 -1 
vt 0.7006645202636719 0.4080151915550232 
vt 0.6569991111755371 0.39572399854660034 
vt 0.7092077732086182 0.37543755769729614 
vt 0.6655423641204834 0.3631463646888733 
vt 0.721785306930542 0.3268694579601288 
vt 0.6783571839332581 0.31457823514938354 
vt 0.7227345705032349 0.324124813079834 
vt 0.6793064475059509 0.31147560477256775 
vt 0.724514365196228 0.32042551040649414 
vt 0.6807303428649902 0.30753764510154724 
vt 0.6821541786193848 0.3035997152328491 
vt 0.6378955245018005 0.2933371663093567 
vt 0.6390820741653442 0.2893992066383362 
vt 0.5951793193817139 0.277704656124115 
vt 0.5963659286499023 0.2737666964530945 
vt 0.5528191328048706 0.26195284724235535 
vt 0.5538870692253113 0.2578955590724945 
vt 0.5104589462280273 0.24703633785247803 
vt 0.5114082098007202 0.2429790496826172 
vt 0.46786144375801086 0.23355181515216827 
vt 0.46881070733070374 0.22949452698230743 
vt 0.42467066645622253 0.22257328033447266 
vt 0.4255012571811676 0.21851599216461182 
vt 0.37970003485679626 0.21075940132141113 
vt 0.38314107060432434 0.18462570011615753 
vt 0.33413615822792053 0.18152306973934174 
vt 0.3823104798793793 0.17794311046600342 
vt 0.3348480761051178 0.17758511006832123 
vt 0.38670074939727783 0.18164239823818207 
vt 0.43095943331718445 0.19106963276863098 
vt 0.47486215829849243 0.20216751098632812 
vt 0.5182902812957764 0.21601001918315887 
vt 0.5614810585975647 0.23116518557071686 
vt 0.6041972041130066 0.24715566635131836 
vt 0.6469133496284485 0.26278814673423767 
vt 0.6902227997779846 0.277346670627594 
vt 0.7258195877075195 0.3167262375354767 
vt 0.3865821063518524 0.17794311046600342 
vt 0.4314340651035309 0.18832498788833618 
vt 0.4754554331302643 0.19954219460487366 
vt 0.5190021991729736 0.21326537430286407 
vt 0.562192976474762 0.2285398691892624 
vt 0.6049091219902039 0.24453036487102509 
vt 0.6477439403533936 0.2601628601551056 
vt 0.43226465582847595 0.184148371219635 
vt 0.47640469670295715 0.19536557793617249 
vt 0.5200700759887695 0.2090887576341629 
vt 0.5633795261383057 0.22436325252056122 
vt 0.6062143445014954 0.2403537482023239 
vt 0.6489304900169373 0.25610557198524475 
vt 0.6923586130142212 0.2706640660762787 
vt 0.6910533905029297 0.2747213542461395 
vt 0.7359053492546082 0.2839099168777466 
vt 0.7346001267433167 0.2879672050476074 
vt 0.7337695360183716 0.2905925214290619 
vt 0.12981051206588745 0.27519869804382324 
vt 0.13692986965179443 0.2469170093536377 
vt 0.17240801453590393 0.28426793217658997 
vt 0.1794087141752243 0.2559862434864044 
vt 0.21559880673885345 0.28999584913253784 
vt 0.22295546531677246 0.262191504240036 
vt 0.2599761486053467 0.29441115260124207 
vt 0.2676887810230255 0.2656521201133728 
vt 0.305421382188797 0.2984684407711029 
vt 0.31372731924057007 0.26815810799598694 
vt 0.3557315468788147 0.30491235852241516 
vt 0.3645120859146118 0.2725733816623688 
vt 0.40046486258506775 0.3155328929424286 
vt 0.4094827175140381 0.28176194429397583 
vt 0.4437742829322815 0.32675009965896606 
vt 0.45279213786125183 0.2922631502151489 
vt 0.4951523244380951 0.3057476878166199 
vt 0.5085604786872864 0.254315584897995 
vt 0.5508019924163818 0.269112765789032 
vt 0.5516325831413269 0.26589077711105347 
vt 0.5939927697181702 0.2816426157951355 
vt 0.14677831530570984 0.2094467580318451 
vt 0.1892571747303009 0.2176806628704071 
vt 0.2332785427570343 0.22173795104026794 
vt 0.27896109223365784 0.22221527993679047 
vt 0.32594889402389526 0.22090262174606323 
vt 0.3776828944683075 0.22185727953910828 
vt 0.422890841960907 0.22997185587882996 
vt 0.4662002623081207 0.24095040559768677 
vt 0.5093910694122314 0.25097429752349854 
vt 0.14725294709205627 0.20717944204807281 
vt 0.18973179161548615 0.21517468988895416 
vt 0.23387181758880615 0.21911264955997467 
vt 0.2796730399131775 0.21947064995765686 
vt 0.32677948474884033 0.21791933476924896 
vt 0.37863215804100037 0.21863532066345215 
vt 0.42384007573127747 0.2266305685043335 
vt 0.4670308530330658 0.2376091033220291 
vt 0.190325066447258 0.21111740171909332 
vt 0.2344651073217392 0.21505536139011383 
vt 0.28026631474494934 0.21517468988895416 
vt 0.3274914026260376 0.2137427031993866 
vt 0.3791067600250244 0.21469736099243164 
vt 0.19103701412677765 0.20706011354923248 
vt 0.23529569804668427 0.21087874472141266 
vt 0.2810969054698944 0.210998073220253 
vt 0.32844066619873047 0.20956608653068542 
vt 0.19708846509456635 0.17973308265209198 
vt 0.24122849106788635 0.18343238532543182 
vt 0.2869110703468323 0.1833130419254303 
vt 0.19803771376609802 0.17579513788223267 
vt 0.24205908179283142 0.17949442565441132 
vt 0.28774166107177734 0.17937509715557098 
vt 0.15520289540290833 0.16803854703903198 
vt 0.15425364673137665 0.17209583520889282 
vt 0.14796487987041473 0.19918420910835266 
vt 0.14737160503864288 0.20312215387821198 
vt 0.48625314235687256 0.340234637260437 
vt 0.5375125408172607 0.3198288679122925 
vt 0.5287320017814636 0.3538384735584259 
vt 0.5801100134849548 0.33450669050216675 
vt 0.5713294744491577 0.3678003251552582 
vt 0.6227075457572937 0.34942319989204407 
vt 0.6140456199645996 0.38212016224861145 
vt 0.5931621789932251 0.2848645746707916 
vt 0.6356410384178162 0.3003777265548706 
vt 0.6364716291427612 0.2972750961780548 
vt 0.08460257947444916 0.9637443423271179 
vt 0.0862637609243393 0.95885169506073 
vt 0.12957319617271423 0.9700689315795898 
vt 0.1304037868976593 0.9649376273155212 
vt 0.1744251698255539 0.9773481488227844 
vt 0.17501844465732574 0.9722169041633606 
vt 0.2198704183101654 0.983195424079895 
vt 0.21998907625675201 0.9780641794204712 
vt 0.2661462426185608 0.9847467541694641 
vt 0.26579028367996216 0.9796155095100403 
vt 0.3127780556678772 0.9804508090019226 
vt 0.3118288218975067 0.9754388928413391 
vt 0.35857927799224854 0.9694722890853882 
vt 0.3570367395877838 0.9645796418190002 
vt 0.4020073711872101 0.9520497918128967 
vt 0.40010887384414673 0.9471572041511536 
vt 0.44341832399368286 0.9300926923751831 
vt 0.44104519486427307 0.9254387617111206 
vt 0.08768763393163681 0.9539591073989868 
vt 0.13087841868400574 0.9598063826560974 
vt 0.17501844465732574 0.9669662714004517 
vt 0.2198704183101654 0.9729328751564026 
vt 0.2653156518936157 0.974603533744812 
vt 0.3107609152793884 0.9705462455749512 
vt 0.3557315468788147 0.9600450396537781 
vt 0.3988036513328552 0.942383885383606 
vt 0.4400959610939026 0.9198301434516907 
vt 0.39797306060791016 0.9386845827102661 
vt 0.3547822833061218 0.9564650654792786 
vt 0.30981165170669556 0.9669662714004517 
vt 0.26436641812324524 0.9709042310714722 
vt 0.21903982758522034 0.9688755869865417 
vt 0.1744251698255539 0.9626703262329102 
vt 0.13064110279083252 0.9552717804908752 
vt 0.0875689759850502 0.9497824907302856 
vt 0.21761594712734222 0.9666082859039307 
vt 0.26329851150512695 0.9689949154853821 
vt 0.3090997338294983 0.965295672416687 
vt 0.3544263243675232 0.9547944068908691 
vt 0.3982103765010834 0.9368946552276611 
vt 0.43819746375083923 0.9152955412864685 
vt 0.447333961725235 0.9144602417945862 
vt 0.30114978551864624 0.9323599934577942 
vt 0.2589082419872284 0.935343325138092 
vt 0.2160734236240387 0.9321213364601135 
vt 0.17300128936767578 0.9596870541572571 
vt 0.17347592115402222 0.9244840741157532 
vt 0.12945453822612762 0.9520497918128967 
vt 0.13135303556919098 0.9156535267829895 
vt 0.08851822465658188 0.9093289375305176 
vt 0.1351500302553177 0.8605221509933472 
vt 0.09433236718177795 0.8502596020698547 
vt 0.1425067037343979 0.8285411596298218 
vt 0.10643527656793594 0.8125506639480591 
vt 0.15615214407444 0.7989468574523926 
vt 0.12767469882965088 0.7797343730926514 
vt 0.16505134105682373 0.7432187795639038 
vt 0.17383189499378204 0.8713813424110413 
vt 0.21215777099132538 0.8796152472496033 
vt 0.2504836618900299 0.8829565644264221 
vt 0.288097620010376 0.8805699348449707 
vt 0.325355589389801 0.8719780445098877 
vt 0.34291669726371765 0.9228134751319885 
vt 0.3836157023906708 0.9061069488525391 
vt 0.3616643249988556 0.8562262058258057 
vt 0.42253485321998596 0.8823599219322205 
vt 0.44080787897109985 0.9090902805328369 
vt 0.3156258165836334 0.8414290547370911 
vt 0.2820461690425873 0.8503789305686951 
vt 0.2784864902496338 0.8225745558738708 
vt 0.24822920560836792 0.8247225284576416 
vt 0.25202620029449463 0.7853429913520813 
vt 0.22817634046077728 0.7814050316810608 
vt 0.259264200925827 0.7244836688041687 
vt 0.24870382249355316 0.7222163677215576 
vt 0.2685193717479706 0.6816434860229492 
vt 0.23873671889305115 0.7182784080505371 
vt 0.22983752191066742 0.7124311327934265 
vt 0.18344302475452423 0.7606412768363953 
vt 0.2478732317686081 0.8528848886489868 
vt 0.21714133024215698 0.8213812708854675 
vt 0.2049197554588318 0.7731711268424988 
vt 0.21286971867084503 0.8496629595756531 
vt 0.18617211282253265 0.8127893209457397 
vt 0.17762887477874756 0.841309666633606 
vt 0.6009935140609741 0.009446323849260807 
vt 0.6019427180290222 0.04309794679284096 
vt 0.5556669235229492 0.011474967934191227 
vt 0.5566161274909973 0.04512659087777138 
vt 0.510696291923523 0.014935595914721489 
vt 0.5117641687393188 0.048825882375240326 
vt 0.4658443033695221 0.01923154853284359 
vt 0.4667935371398926 0.05359916388988495 
vt 0.42111098766326904 0.0231695044785738 
vt 0.4220602512359619 0.05825311318039894 
vt 0.376733660697937 0.026749463751912117 
vt 0.3775642514228821 0.06242973357439041 
vt 0.3322376608848572 0.030210092663764954 
vt 0.33318689465522766 0.06577102839946747 
vt 0.2886908948421478 0.06624835729598999 
vt 0.28999611735343933 0.1197090893983841 
vt 0.244194895029068 0.11732245236635208 
vt 0.2443135529756546 0.12066374719142914 
vt 0.19364744424819946 0.10968520492315292 
vt 0.19341012835502625 0.1138618215918541 
vt 0.14772756397724152 0.10168995708227158 
vt 0.1476089060306549 0.10598590970039368 
vt 0.10299425572156906 0.09572336077690125 
vt 0.10251963138580322 0.12388571351766586 
vt 0.05873556807637215 0.11744178086519241 
vt 0.05873556807637215 0.12149906903505325 
vt 0.015188816003501415 0.11923176050186157 
vt 0.6031292676925659 0.0932173877954483 
vt 0.5580400228500366 0.09536536037921906 
vt 0.5131880640983582 0.0994226485490799 
vt 0.4682174324989319 0.10503125935792923 
vt 0.42336544394493103 0.11063986271619797 
vt 0.378988116979599 0.11553247272968292 
vt 0.3346107602119446 0.11887376755475998 
vt 0.29011476039886475 0.12316972017288208 
vt 0.28999611735343933 0.12734633684158325 
vt 0.24395757913589478 0.12472103536128998 
vt 0.28987744450569153 0.13152295351028442 
vt 0.24360162019729614 0.12865899503231049 
vt 0.24099119007587433 0.15491202473640442 
vt 0.19246087968349457 0.14679746329784393 
vt 0.23861806094646454 0.16123662889003754 
vt 0.19234222173690796 0.15085473656654358 
vt 0.6033666133880615 0.09608135372400284 
vt 0.5582773089408875 0.09858732670545578 
vt 0.5133066773414612 0.10264461487531662 
vt 0.4683360755443573 0.10825321823358536 
vt 0.42348411679267883 0.11398115754127502 
vt 0.378988116979599 0.11887376755475998 
vt 0.3347294330596924 0.12233439832925797 
vt 0.3346107602119446 0.12651102244853973 
vt 0.3346107602119446 0.1306876391172409 
vt 0.33437344431877136 0.15861132740974426 
vt 0.28904685378074646 0.15944664180278778 
vt 0.33425480127334595 0.16135595738887787 
vt 0.28892821073532104 0.1623106151819229 
vt 0.33425480127334595 0.16565191745758057 
vt 0.2886908948421478 0.1666065752506256 
vt 0.6043158769607544 0.10013864189386368 
vt 0.5587519407272339 0.10276395082473755 
vt 0.5136626958847046 0.10682123899459839 
vt 0.46869203448295593 0.11242984235286713 
vt 0.42372143268585205 0.1181577742099762 
vt 0.3791067600250244 0.12305039167404175 
vt 0.6047905087471008 0.10407660156488419 
vt 0.5592265725135803 0.10694056749343872 
vt 0.5140186548233032 0.11099785566329956 
vt 0.46892935037612915 0.11648713052272797 
vt 0.42395874857902527 0.12233439832925797 
vt 0.3792254328727722 0.12722700834274292 
vt 0.606451690196991 0.13128429651260376 
vt 0.5611250996589661 0.13438692688941956 
vt 0.5155611634254456 0.13856354355812073 
vt 0.47047188878059387 0.14417214691638947 
vt 0.4252639412879944 0.15001942217350006 
vt 0.37981870770454407 0.15503136813640594 
vt 0.5157985091209412 0.14130818843841553 
vt 0.4705905318260193 0.14691679179668427 
vt 0.4253826141357422 0.15276405215263367 
vt 0.37981870770454407 0.15777599811553955 
vt 0.516035795211792 0.14560413360595703 
vt 0.4708278477191925 0.15121273696422577 
vt 0.4255012571811676 0.15706001222133636 
vt 0.3799373507499695 0.16207195818424225 
vt 0.5615996718406677 0.14130818843841553 
vt 0.5613623857498169 0.13713155686855316 
vt 0.6070449352264404 0.13832488656044006 
vt 0.6066889762878418 0.13402892649173737 
vt 0.10240097343921661 0.1279429942369461 
vt 0.14701563119888306 0.13426759839057922 
vt 0.14689697325229645 0.1384442150592804 
vt 0.19329147040843964 0.1181577742099762 
vt 0.24277102947235107 0.16219128668308258 
vt 0.24383892118930817 0.15861132740974426 
vt 0.28762298822402954 0.03140341117978096 
vt 0.24288968741893768 0.06493570655584335 
vt 0.24158446490764618 0.03164207562804222 
vt 0.19234222173690796 0.05777578428387642 
vt 0.19115565717220306 0.026391467079520226 
vt 0.14689697325229645 0.04978054016828537 
vt 0.14582906663417816 0.020066872239112854 
vt 0.10251963138580322 0.04297861456871033 
vt 0.10168904066085815 0.014219604432582855 
vt 0.05885422229766846 0.03915999084711075 
vt 0.05837960168719292 0.010042984038591385 
vt 0.015307472087442875 0.038444001227617264 
vt 0.014832847751677036 0.00920766033232212 
vt 0.19352878630161285 0.10658257454633713 
vt 0.14796487987041473 0.09464937448501587 
vt 0.1034688800573349 0.08474481850862503 
vt 0.059684816747903824 0.07865888625383377 
vt 0.016494031995534897 0.07710757106542587 
vt 0.14808353781700134 0.0975133404135704 
vt 0.1034688800573349 0.0873701199889183 
vt 0.059566158801317215 0.08128418773412704 
vt 0.016375375911593437 0.07937487959861755 
vt 0.10311291366815567 0.09154673665761948 
vt 0.059210192412137985 0.08534147590398788 
vt 0.058972880244255066 0.08951809257268906 
vt 0.015307472087442875 0.0873701199889183 
vt 0.015544784255325794 0.08331283181905746 
vt 0.015188816003501415 0.11517447233200073 
vt 0.22307412326335907 0.7044358849525452 
vt 0.08661972731351852 0.9467991590499878 
vt 0.7388717532157898 0.6460825204849243 
vt 0.7410075664520264 0.6508558392524719 
vt 0.6959182620048523 0.6646983623504639 
vt 0.6985287070274353 0.669232964515686 
vt 0.6552192568778992 0.6878487467765808 
vt 0.6580670475959778 0.692025363445282 
vt 0.6180799603462219 0.716727077960968 
vt 0.6214023232460022 0.7205457091331482 
vt 0.5855681896209717 0.7504980564117432 
vt 0.5893651843070984 0.7539586424827576 
vt 0.557802677154541 0.7876102924346924 
vt 0.5619556903839111 0.7905936241149902 
vt 0.5340715050697327 0.8266318440437317 
vt 0.5383431315422058 0.8294958472251892 
vt 0.511645495891571 0.8662500977516174 
vt 0.5161544680595398 0.8687560558319092 
vt 0.48850759863853455 0.9052716493606567 
vt 0.49337249994277954 0.9070616364479065 
vt 0.7449232339859009 0.6551517844200134 
vt 0.7014951109886169 0.6732902526855469 
vt 0.6607961058616638 0.6959633231163025 
vt 0.6244874000549316 0.7243643403053284 
vt 0.5928062200546265 0.7574192881584167 
vt 0.5657526850700378 0.7939348816871643 
vt 0.5424960851669312 0.8325984477996826 
vt 0.520544707775116 0.8716199994087219 
vt 0.49811872839927673 0.9089709520339966 
vt 0.7038682103157043 0.6761541962623596 
vt 0.6629319190979004 0.6988272666931152 
vt 0.6266232132911682 0.7274669408798218 
vt 0.5951793193817139 0.7605219483375549 
vt 0.5684817433357239 0.7971568703651428 
vt 0.5454624891281128 0.8358204364776611 
vt 0.5238670706748962 0.8747226595878601 
vt 0.5013224482536316 0.911715567111969 
vt 0.7054107785224915 0.6772282123565674 
vt 0.6641184687614441 0.7001399397850037 
vt 0.6275724172592163 0.7290182709693909 
vt 0.5960099101066589 0.762431263923645 
vt 0.5694310069084167 0.7996628284454346 
vt 0.5468863248825073 0.8388037085533142 
vt 0.525765597820282 0.8775866031646729 
vt 0.5747705101966858 0.8604028224945068 
vt 0.5553109049797058 0.8988277316093445 
vt 0.616300106048584 0.8933384418487549 
vt 0.6006374955177307 0.9303313493728638 
vt 0.6422857642173767 0.9092096090316772 
vt 0.6303015351295471 0.9445318579673767 
vt 0.6698139905929565 0.920307457447052 
vt 0.6618640422821045 0.9524077773094177 
vt 0.7088518142700195 0.9550330638885498 
vt 0.7108689546585083 0.9802121520042419 
vt 0.7755364775657654 0.9488278031349182 
vt 0.7775536179542542 0.9592097401618958 
vt 0.8237107992172241 0.9379686117172241 
vt 0.6591349244117737 0.9866560697555542 
vt 0.6202157735824585 0.9827181100845337 
vt 0.5831950902938843 0.9686369299888611 
vt 0.5334782004356384 0.9361786246299744 
vt 0.5029836297035217 0.9143408536911011 
vt 0.9466384053230286 0.31505557894706726 
vt 0.9479436278343201 0.31815820932388306 
vt 0.9422481656074524 0.31768086552619934 
vt 0.9433160424232483 0.32042551040649414 
vt 0.9403496384620667 0.32161882519721985 
vt 0.9415361881256104 0.32436347007751465 
vt 0.9207714200019836 0.3650556802749634 
vt 0.9219579696655273 0.36803898215293884 
vt 0.8931245803833008 0.403480589389801 
vt 0.8940737843513489 0.4064638912677765 
vt 0.8601381778717041 0.4353422224521637 
vt 0.8609687685966492 0.4384448528289795 
vt 0.8227615356445312 0.4595666229724884 
vt 0.8235921263694763 0.46254992485046387 
vt 0.7819439172744751 0.4751991331577301 
vt 0.7827745079994202 0.4781824052333832 
vt 0.739465057849884 0.48474568128585815 
vt 0.7401769757270813 0.4876096546649933 
vt 0.6956809759140015 0.4852229952812195 
vt 0.7005458474159241 0.504912793636322 
vt 0.6551006436347961 0.4953662157058716 
vt 0.6653050184249878 0.5409510731697083 
vt 0.618910551071167 0.5212612748146057 
vt 0.6329119801521301 0.5893998146057129 
vt 0.5928062200546265 0.5374904274940491 
vt 0.5903144478797913 0.5391610860824585 
vt 0.5770249962806702 0.48975762724876404 
vt 0.5735839605331421 0.48701298236846924 
vt 0.5713294744491577 0.4462014436721802 
vt 0.5676511526107788 0.4435761272907257 
vt 0.5688377022743225 0.42698898911476135 
vt 0.5652780532836914 0.4244830310344696 
vt 0.5684817433357239 0.4241250157356262 
vt 0.564922034740448 0.4216190576553345 
vt 0.5681257843971252 0.42114171385765076 
vt 0.5645660758018494 0.418635755777359 
vt 0.9492488503456116 0.3210221827030182 
vt 0.944502592086792 0.3230508267879486 
vt 0.942604124546051 0.3269887864589691 
vt 0.9229072332382202 0.37078362703323364 
vt 0.8950230479240417 0.40944719314575195 
vt 0.8617993593215942 0.4413088262081146 
vt 0.8244227170944214 0.465413898229599 
vt 0.7834864258766174 0.4810463786125183 
vt 0.7451605200767517 0.5067027807235718 
vt 0.7118182182312012 0.5495429635047913 
vt 0.6812049150466919 0.6106409430503845 
vt 0.6338611841201782 0.5934571027755737 
vt 0.6308947801589966 0.5972757339477539 
vt 0.5859241485595703 0.5416670441627502 
vt 0.9518592953681946 0.34083127975463867 
vt 0.9499607682228088 0.3448885679244995 
vt 0.9300265908241272 0.38999608159065247 
vt 0.9013118147850037 0.4290176331996918 
vt 0.8673762083053589 0.4606406092643738 
vt 0.8295249342918396 0.48438769578933716 
vt 0.7887072563171387 0.5002588629722595 
vt 0.7566701769828796 0.5501396059989929 
vt 0.7292606234550476 0.6183975338935852 
vt 0.6821541786193848 0.614936888217926 
vt 0.6806116700172424 0.6195908188819885 
vt 0.9460451602935791 0.43367159366607666 
vt 0.9156692028045654 0.473647803068161 
vt 0.8800724148750305 0.5047934651374817 
vt 0.8412718772888184 0.5275858640670776 
vt 0.8003355860710144 0.543815016746521 
vt 0.7747058868408203 0.6172041893005371 
vt 0.7302098870277405 0.622812807559967 
vt 0.729735255241394 0.6278247237205505 
vt 0.9679964780807495 0.4996621906757355 
vt 0.9367899894714355 0.5422636866569519 
vt 0.8991760015487671 0.5730513334274292 
vt 0.8591889142990112 0.5946504473686218 
vt 0.8181339502334595 0.6105216145515442 
vt 0.7757737636566162 0.6215001344680786 
vt 0.7762483954429626 0.6265121102333069 
vt 0.9691830277442932 0.5038387775421143 
vt 0.9382138252258301 0.5465596318244934 
vt 0.9003625512123108 0.5773473381996155 
vt 0.8603755235671997 0.5989463925361633 
vt 0.8193204998970032 0.6146982312202454 
vt 0.8205071091651917 0.6194714903831482 
vt 0.8625113368034363 0.6034809947013855 
vt 0.9033289551734924 0.5814046263694763 
vt 0.941892147064209 0.5497816205024719 
vt 0.973691999912262 0.5055094361305237 
vt 0.984252393245697 0.4349842369556427 
vt 0.9792687892913818 0.4349842369556427 
vt 0.973691999912262 0.37973353266716003 
vt 0.9688270688056946 0.3811655044555664 
vt 0.9567241668701172 0.3389219641685486 
vt 0.9668099284172058 0.3854614496231079 
vt 0.9766584038734436 0.43474557995796204 
vt 0.6110792756080627 0.47543779015541077 
vt 0.6077568531036377 0.4552706778049469 
vt 0.6507103443145752 0.4755571186542511 
vt 0.6499984264373779 0.47269314527511597 
vt 0.6949690580368042 0.482239693403244 
vt 0.6942570805549622 0.4791370630264282 
vt 0.738634467124939 0.4817623794078827 
vt 0.6494051218032837 0.46959051489830017 
vt 0.6071636080741882 0.4521680474281311 
vt 0.6066889762878418 0.4490654170513153 
vt 0.5687190294265747 0.4880869686603546 
vt 0.5625489354133606 0.4442921280860901 
vt 0.5601758360862732 0.4251990020275116 
vt 0.5598198771476746 0.42197704315185547 
vt 0.5593452453613281 0.418635755777359 
vt 0.7471776604652405 0.6594477295875549 
vt 0.753703773021698 0.6612377166748047 
vt 0.7631962299346924 0.6922640204429626 
vt 0.8059123754501343 0.6546744704246521 
vt 0.8140996694564819 0.6891614198684692 
vt 0.8547986745834351 0.6596863865852356 
vt 0.8596635460853577 0.6948893070220947 
vt 0.9007185697555542 0.6687556505203247 
vt 0.9030916690826416 0.7046745419502258 
vt 0.9437906742095947 0.6777055263519287 
vt 0.9447399377822876 0.7143404483795166 
vt 0.9853202700614929 0.6816434860229492 
vt 0.9857949018478394 0.7192330360412598 
vt 0.9450958967208862 0.7577772736549377 
vt 0.9070073366165161 0.7481114268302917 
vt 0.8684440851211548 0.7402355074882507 
vt 0.8286943435668945 0.7367748618125916 
vt 0.7837237119674683 0.7419061660766602 
vt 0.7455164790153503 0.7561066746711731 
vt 0.7202427387237549 0.707777202129364 
vt 0.7106316089630127 0.7746031284332275 
vt 0.6817982196807861 0.7291375994682312 
vt 0.6483372449874878 0.7558679580688477 
vt 0.9402309656143188 0.7836723327636719 
vt 0.9051088094711304 0.7731711268424988 
vt 0.8695120215415955 0.7666078805923462 
vt 0.8334406018257141 0.7651758790016174 
vt 0.7941654324531555 0.7718584537506104 
vt 0.7597551941871643 0.7847463488578796 
vt 0.7283113598823547 0.801333487033844 
vt 0.7444486021995544 0.8242452144622803 
vt 0.7198867797851562 0.8421450257301331 
vt 0.7474150061607361 0.8678014278411865 
vt 0.7324643135070801 0.8859398365020752 
vt 0.790961742401123 0.9098062515258789 
vt 0.7844356894493103 0.9183981418609619 
vt 0.7795707583427429 0.9280640482902527 
vt 0.7764857411384583 0.9383265972137451 
vt 0.7125301361083984 0.9303313493728638 
vt 0.7989116907119751 0.902765691280365 
vt 0.7652133703231812 0.8531235456466675 
vt 0.7716208100318909 0.809925377368927 
vt 0.8012847900390625 0.7989468574523926 
vt 0.8340338468551636 0.7925028800964355 
vt 0.8659523129463196 0.7928609251976013 
vt 0.8976334929466248 0.7989468574523926 
vt 0.9283654093742371 0.8105220198631287 
vt 0.9574360847473145 0.8278251886367798 
vt 0.9757091403007507 0.7973955273628235 
vt 0.9210087060928345 0.8673240542411804 
vt 0.9013118147850037 0.8510949015617371 
vt 0.8786485195159912 0.8399970531463623 
vt 0.8546800017356873 0.8336724638938904 
vt 0.8304741978645325 0.8318824768066406 
vt 0.8068616390228271 0.8348657488822937 
vt 0.7851476073265076 0.8420256972312927 
vt 0.8081668615341187 0.8976343870162964 
vt 0.8661896586418152 0.9111189246177673 
vt 0.8587143421173096 0.9036009907722473 
vt 0.849459171295166 0.8983504176139832 
vt 0.8392547369003296 0.8951284289360046 
vt 0.8286943435668945 0.8938157558441162 
vt 0.8181339502334595 0.8946511149406433 
vt 0.7535851001739502 0.6528844833374023 
vt 0.805200457572937 0.6484692096710205 
vt 0.8547986745834351 0.6515718102455139 
vt 0.9011931419372559 0.6593284010887146 
vt 0.9442653059959412 0.6672043204307556 
vt 0.9855575561523438 0.6709036231040955 
vt 0.984252393245697 0.7660111784934998 
vt 0.7003085613250732 0.8219779133796692 
vt 0.6806116700172424 0.7983501553535461 
vt 0.6770519614219666 0.8471569418907166 
vt 0.6552192568778992 0.8262738585472107 
vt 0.6577110290527344 0.8765126466751099 
vt 0.6338611841201782 0.8582548499107361 
vt 0.6992406845092773 0.8644601106643677 
vt 0.6823915243148804 0.8907131552696228 
vt 0.7205987572669983 0.9070616364479065 
vt 0.6196224689483643 0.7870136499404907 
vt 0.5952979922294617 0.8224552273750305 
vt 0.6233007907867432 0.06350371986627579 
vt 0.6262671947479248 0.06171374022960663 
vt 0.628640353679657 0.06624835729598999 
vt 0.6460827589035034 0.05837244540452957 
vt 0.6325559616088867 0.06791900098323822 
vt 0.6502357125282288 0.06016242504119873 
vt 0.6763400435447693 0.0846254825592041 
vt 0.6954436898231506 0.07710757106542587 
vt 0.7151405811309814 0.10837255418300629 
vt 0.7347187995910645 0.1018092930316925 
vt 0.7476522922515869 0.13784755766391754 
vt 0.7669932246208191 0.1322389543056488 
vt 0.7724514007568359 0.17233450710773468 
vt 0.7913177013397217 0.16708388924598694 
vt 0.7885886430740356 0.21087874472141266 
vt 0.8075735569000244 0.20550879836082458 
vt 0.8135063648223877 0.24679766595363617 
vt 0.856697142124176 0.23474514484405518 
vt 0.8552733063697815 0.27758532762527466 
vt 0.9238564372062683 0.2593275308609009 
vt 0.9148386120796204 0.3053896725177765 
vt 0.9192288517951965 0.30479303002357483 
vt 0.8968029022216797 0.35133251547813416 
vt 0.9240937829017639 0.30634433031082153 
vt 0.9005998969078064 0.35443514585494995 
vt 0.8418651819229126 0.39297938346862793 
vt 0.8926499485969543 0.3518098294734955 
vt 0.8448315858840942 0.32161882519721985 
vt 0.8106586337089539 0.28927987813949585 
vt 0.794640064239502 0.25216761231422424 
vt 0.7828931212425232 0.21243005990982056 
vt 0.7672305703163147 0.1743631511926651 
vt 0.7429060935974121 0.14035353064537048 
vt 0.7109876275062561 0.11087852716445923 
vt 0.673017680644989 0.08689279109239578 
vt 0.629470944404602 0.06982831656932831 
vt 0.6256739497184753 0.06815766543149948 
vt 0.6204530596733093 0.06541303545236588 
vt 0.8404412865638733 0.39071205258369446 
vt 0.8244227170944214 0.3656523525714874 
vt 0.7989116907119751 0.332000732421875 
vt 0.7911990284919739 0.2945304811000824 
vt 0.7890632748603821 0.2531222701072693 
vt 0.7769603133201599 0.2141007035970688 
vt 0.76165372133255 0.17663045227527618 
vt 0.7380411624908447 0.14297883212566376 
vt 0.706716001033783 0.1135038286447525 
vt 0.6694579720497131 0.08939876407384872 
vt 0.6263858675956726 0.0717376247048378 
vt 0.6224702000617981 0.0701863095164299 
vt 0.7782655358314514 0.3736476004123688 
vt 0.7787401676177979 0.33677399158477783 
vt 0.7858595252037048 0.2948884665966034 
vt 0.7831304669380188 0.25407692790031433 
vt 0.7487202286720276 0.4123111665248871 
vt 0.7580940127372742 0.3772275447845459 
vt 0.7738752961158752 0.3366546630859375 
vt 0.7802826762199402 0.2952464520931244 
vt 0.7296165823936462 0.4146977961063385 
vt 0.7539410591125488 0.37698888778686523 
vt 0.7688917517662048 0.3366546630859375 
vt 0.7260569334030151 0.41457846760749817 
vt 0.7496694326400757 0.37675023078918457 
vt 0.7223785519599915 0.41445913910865784 
vt 0.7235651612281799 0.41791975498199463 
vt 0.7197681665420532 0.41768109798431396 
vt 0.7203614115715027 0.4229317009449005 
vt 0.727124810218811 0.4181584119796753 
vt 0.7461097836494446 0.4163684546947479 
vt 0.7893005609512329 0.40908917784690857 
vt 0.7925042510032654 0.4059865474700928 
vt 0.7238024473190308 0.42305102944374084 
vt 0.7272434830665588 0.4231703579425812 
vt 0.7468217015266418 0.4217383861541748 
vt 0.7906057834625244 0.41374313831329346 
vt 0.84423828125 0.39739465713500977 
vt 0.9333489537239075 0.2589695453643799 
vt 0.9282467365264893 0.25849220156669617 
vt 0.9332302808761597 0.21433936059474945 
vt 0.9280094504356384 0.21481668949127197 
vt 0.92682284116745 0.17209583520889282 
vt 0.9218392968177795 0.1735278218984604 
vt 0.9103296995162964 0.132596954703331 
vt 0.9057021141052246 0.13486425578594208 
vt 0.8874290585517883 0.09441071003675461 
vt 0.883276104927063 0.09739400446414948 
vt 0.8549173474311829 0.05861110985279083 
vt 0.8515949845314026 0.06242973357439041 
vt 0.8098280429840088 0.0296134315431118 
vt 0.8081668615341187 0.03426738083362579 
vt 0.7392277121543884 0.022334180772304535 
vt 0.7395836710929871 0.02734612487256527 
vt 0.68464595079422 0.03558003157377243 
vt 0.6860698461532593 0.040472645312547684 
vt 0.6439469456672668 0.05359916388988495 
vt 0.9183982610702515 0.17448247969150543 
vt 0.9015491604804993 0.13629624247550964 
vt 0.8791231513023376 0.09894532710313797 
vt 0.8475606441497803 0.06421971321105957 
vt 0.8042511940002441 0.03605736047029495 
vt 0.7395836710929871 0.030090760439634323 
vt 0.6905787587165833 0.04190462827682495 
vt 0.7388717532157898 0.05980442836880684 
vt 0.7793334722518921 0.08677346259355545 
vt 0.8110145926475525 0.11911243200302124 
vt 0.83450847864151 0.15503136813640594 
vt 0.8508830070495605 0.19333693385124207 
vt 0.9237378239631653 0.21589069068431854 
vt 0.04188641533255577 0.40013930201530457 
vt 0.07131310552358627 0.36422035098075867 
vt 0.07712724804878235 0.3701869547367096 
vt 0.1145038902759552 0.3464398980140686 
vt 0.08472122997045517 0.3777048885822296 
vt 0.12008071690797806 0.3550317883491516 
vt 0.10975764691829681 0.41135650873184204 
vt 0.14108283817768097 0.39154738187789917 
vt 0.12399636954069138 0.44572412967681885 
vt 0.15686407685279846 0.42531833052635193 
vt 0.1352686882019043 0.4817623794078827 
vt 0.17228935658931732 0.4611179530620575 
vt 0.15294843912124634 0.5230512619018555 
vt 0.19234222173690796 0.5040774345397949 
vt 0.17489978671073914 0.5624307990074158 
vt 0.2138189673423767 0.5463209748268127 
vt 0.19625787436962128 0.5935764908790588 
vt 0.23268526792526245 0.5805692672729492 
vt 0.2138189673423767 0.6261541247367859 
vt 0.249059796333313 0.6141015887260437 
vt 0.26424774527549744 0.6532424688339233 
vt 0.3016243875026703 0.6333140134811401 
vt 0.30637064576148987 0.6420252323150635 
vt 0.3363906145095825 0.6078963279724121 
vt 0.34315401315689087 0.615294873714447 
vt 0.3681904077529907 0.5742446780204773 
vt 0.37720826268196106 0.5788986086845398 
vt 0.38693806529045105 0.5364164113998413 
vt 0.39678651094436646 0.5379677414894104 
vt 0.3939387798309326 0.49560490250587463 
vt 0.4047364592552185 0.4942922294139862 
vt 0.38931119441986084 0.4545546770095825 
vt 0.40034618973731995 0.4510940611362457 
vt 0.3756657540798187 0.41517511010169983 
vt 0.3862261176109314 0.4100438356399536 
vt 0.36249491572380066 0.3737669289112091 
vt 0.3683090806007385 0.3689936399459839 
vt 0.33579733967781067 0.3378479778766632 
vt 0.10999496281147003 0.3390413224697113 
vt 0.15472827851772308 0.3281821012496948 
vt 0.15840661525726318 0.3374899923801422 
vt 0.1756117343902588 0.37472158670425415 
vt 0.1941220611333847 0.4069412052631378 
vt 0.2135816514492035 0.4408315122127533 
vt 0.23541435599327087 0.48307502269744873 
vt 0.2553485631942749 0.5262731909751892 
vt 0.2700619101524353 0.5624307990074158 
vt 0.2835886776447296 0.5967984199523926 
vt 0.20005486905574799 0.3261534571647644 
vt 0.2110898792743683 0.3624303936958313 
vt 0.23043079674243927 0.39297938346862793 
vt 0.2526194751262665 0.42424434423446655 
vt 0.2749268114566803 0.4638625681400299 
vt 0.29260653257369995 0.5058674216270447 
vt 0.30352288484573364 0.5423830151557922 
vt 0.3155071437358856 0.576392650604248 
vt 0.24621205031871796 0.3230508267879486 
vt 0.2455001175403595 0.3562251031398773 
vt 0.26234927773475647 0.38414880633354187 
vt 0.28513121604919434 0.4126691520214081 
vt 0.30637064576148987 0.4487074017524719 
vt 0.32191458344459534 0.4876096546649933 
vt 0.33057644963264465 0.5230512619018555 
vt 0.3419674336910248 0.5537195801734924 
vt 0.35976582765579224 0.5325978398323059 
vt 0.35881659388542175 0.505270779132843 
vt 0.35264647006988525 0.46982917189598083 
vt 0.3388823866844177 0.4329555928707123 
vt 0.3530024588108063 0.38021084666252136 
vt 0.3312883973121643 0.34393391013145447 
vt 0.29497966170310974 0.31660687923431396 
vt 0.31823623180389404 0.3995426297187805 
vt 0.29403042793273926 0.3732895851135254 
vt 0.27302831411361694 0.3558671176433563 
vt 0.32345709204673767 0.35169050097465515 
vt 0.2920132577419281 0.3238861560821533 
vt 0.24941575527191162 0.3050316870212555 
vt 0.2870297133922577 0.33259737491607666 
vt 0.24834784865379333 0.31302693486213684 
vt 0.19744443893432617 0.3077763319015503 
vt 0.19863098859786987 0.31624889373779297 
vt 0.15188053250312805 0.32006752490997314 
vt 0.39298951625823975 0.4068218767642975 
vt 0.40770286321640015 0.44954273104667664 
vt 0.4123304486274719 0.49453091621398926 
vt 0.40426182746887207 0.5402350425720215 
vt 0.3842089772224426 0.583075225353241 
vt 0.34896814823150635 0.6213808059692383 
vt 0.31099823117256165 0.6493045091629028 
vt 0.27041786909103394 0.6710229516029358 
vt 0.2673328220844269 0.6630277037620544 
vt 0.22627784311771393 0.6851041316986084 
vt 0.22520993649959564 0.6768702268600464 
vt 0.17988334596157074 0.686058759689331 
vt 0.18083259463310242 0.6779441833496094 
vt 0.13443809747695923 0.6749609112739563 
vt 0.13728584349155426 0.6674429774284363 
vt 0.09290849417448044 0.652765154838562 
vt 0.09753607958555222 0.6462018489837646 
vt 0.05873556807637215 0.6204261779785156 
vt 0.06478702276945114 0.615294873714447 
vt 0.032749902456998825 0.5808079242706299 
vt 0.039750609546899796 0.5773473381996155 
vt 0.024918608367443085 0.5343877673149109 
vt 0.04995502531528473 0.5725740194320679 
vt 0.03571630269289017 0.5314044952392578 
vt 0.08792494237422943 0.5543162226676941 
vt 0.0740421935915947 0.5174426436424255 
vt 0.10631662607192993 0.5001395344734192 
vt 0.09765473753213882 0.46529456973075867 
vt 0.22402337193489075 0.6663689613342285 
vt 0.1820191591978073 0.6675623059272766 
vt 0.1805952787399292 0.6309273838996887 
vt 0.16433940827846527 0.6019297242164612 
vt 0.1425067037343979 0.573409378528595 
vt 0.12162324786186218 0.5380870699882507 
vt 0.1414387971162796 0.6582543849945068 
vt 0.15401633083820343 0.6325980424880981 
vt 0.13265825808048248 0.6144595742225647 
vt 0.10880839824676514 0.5876098871231079 
vt 0.1046554371714592 0.638087272644043 
vt 0.07380487769842148 0.6087316274642944 
vt 0.017324624583125114 0.5358197689056396 
vt 0.021833552047610283 0.48939964175224304 
vt 0.032631248235702515 0.488802969455719 
vt 0.029902160167694092 0.44500812888145447 
vt 0.039750609546899796 0.4475140869617462 
vt 0.04888711869716644 0.40443524718284607 
vt 0.05778631940484047 0.4099245071411133 
vt 0.08567047864198685 0.43402957916259766 
vt 0.06775342673063278 0.4536000192165375 
vt 0.06822805106639862 0.4817623794078827 
vt 0.013883600011467934 0.4889222979545593 
vt 0.022189520299434662 0.44262146949768066 
vt 0.2700619101524353 0.7247223258018494 
vt 0.28050363063812256 0.7229323387145996 
vt 0.29023343324661255 0.7189943790435791 
vt 0.29830202460289 0.7802116870880127 
vt 0.31930413842201233 0.7716197967529297 
vt 0.3359159827232361 0.8022881150245667 
vt 0.3385264277458191 0.7590899467468262 
vt 0.3629695475101471 0.785939633846283 
vt 0.3556128740310669 0.7426221370697021 
vt 0.3885992467403412 0.7644599080085754 
vt 0.369258314371109 0.722693681716919 
vt 0.4081774950027466 0.7392808198928833 
vt 0.3792254328727722 0.699901282787323 
vt 0.4232468008995056 0.7107604742050171 
vt 0.3848022520542145 0.675199568271637 
vt 0.43345120549201965 0.6794955134391785 
vt 0.38444629311561584 0.6497818231582642 
vt 0.43807879090309143 0.645963191986084 
vt 0.27563872933387756 0.7849850058555603 
vt 0.3077945113182068 0.8144599795341492 
vt 0.3482562005519867 0.8272285461425781 
vt 0.37981870770454407 0.8083740472793579 
vt 0.4094827175140381 0.7820016741752625 
vt 0.43095943331718445 0.7528846859931946 
vt 0.44804590940475464 0.7210230231285095 
vt 0.46180999279022217 0.6870134472846985 
vt 0.4732009768486023 0.6507365107536316 
vt 0.48506656289100647 0.6994239687919617 
vt 0.46881070733070374 0.7351042032241821 
vt 0.4508936405181885 0.7701877951622009 
vt 0.42870497703552246 0.8033621311187744 
vt 0.39666786789894104 0.8352237343788147 
vt 0.518764853477478 0.7268702983856201 
vt 0.5002545714378357 0.7652952075004578 
vt 0.4807949662208557 0.8052714467048645 
vt 0.45682644844055176 0.8445316553115845 
vt 0.5467677116394043 0.7504980564117432 
vt 0.5268334746360779 0.7896389365196228 
vt 0.5052381157875061 0.8311664462089539 
vt 0.4785405099391937 0.872455358505249 
vt 0.5551922917366028 0.7565839886665344 
vt 0.5344274640083313 0.7951282262802124 
vt 0.511526882648468 0.8361784219741821 
vt 0.4830494225025177 0.8768706321716309 
vt 0.5780928730964661 0.7220970392227173 
vt 0.5696682929992676 0.7155337929725647 
vt 0.5405975580215454 0.691667377948761 
vt 0.5029836297035217 0.6636243462562561 
vt 0.31598177552223206 0.6652950048446655 
vt 0.31716832518577576 0.6757962107658386 
vt 0.3155071437358856 0.6862974166870117 
vt 0.3115915060043335 0.6962019801139832 
vt 0.30601468682289124 0.7052712440490723 
vt 0.29889529943466187 0.7130277752876282 
s on 
f 1/1/1 2/2/2 3/3/3 
f 2/2/2 4/4/4 3/3/3 
f 3/3/3 4/4/4 5/5/5 
f 4/4/4 6/6/6 5/5/5 
f 5/5/5 6/6/6 7/7/7 
f 6/6/6 8/8/8 7/7/7 
f 7/7/7 8/8/8 9/9/9 
f 8/8/8 10/10/10 9/9/9 
f 9/9/9 10/10/10 11/11/11 
f 10/10/10 12/12/12 11/11/11 
f 11/11/11 12/12/12 13/13/13 
f 12/12/12 14/14/14 13/13/13 
f 13/13/13 14/14/14 15/15/15 
f 14/14/14 16/16/16 15/15/15 
f 15/15/15 16/16/16 17/17/17 
f 16/16/16 18/18/18 17/17/17 
f 17/17/17 18/18/18 19/19/19 
f 18/18/18 20/20/20 19/19/19 
f 19/19/19 20/20/20 21/21/21 
f 20/20/20 22/22/22 21/21/21 
f 21/21/21 22/22/22 23/23/23 
f 22/22/22 24/24/24 23/23/23 
f 23/23/23 24/24/24 25/25/25 
f 24/24/24 26/26/26 25/25/25 
f 25/25/25 26/26/26 27/27/27 
f 26/26/26 28/28/28 27/27/27 
f 27/27/27 28/28/28 28/28/28 
f 28/28/28 27/27/27 28/28/28 
f 28/28/28 27/27/27 27/27/27 
f 27/27/27 29/29/29 27/27/27 
f 27/27/27 29/29/29 25/25/25 
f 29/29/29 30/30/30 25/25/25 
f 25/25/25 30/30/30 23/23/23 
f 30/30/30 31/31/31 23/23/23 
f 23/23/23 31/31/31 21/21/21 
f 31/31/31 32/32/32 21/21/21 
f 21/21/21 32/32/32 19/19/19 
f 32/32/32 33/33/33 19/19/19 
f 19/19/19 33/33/33 17/17/17 
f 33/33/33 34/34/34 17/17/17 
f 17/17/17 34/34/34 15/15/15 
f 34/34/34 35/35/35 15/15/15 
f 15/15/15 35/35/35 13/13/13 
f 35/35/35 36/36/36 13/13/13 
f 13/13/13 36/36/36 11/11/11 
f 36/36/36 37/37/37 11/11/11 
f 11/11/11 37/37/37 9/9/9 
f 37/37/37 9/9/9 9/9/9 
f 9/9/9 9/9/9 27/27/27 
f 9/9/9 27/27/27 27/27/27 
f 27/27/27 27/27/27 27/27/27 
f 27/27/27 38/38/38 27/27/27 
f 27/27/27 38/38/38 29/29/29 
f 38/38/38 39/39/39 29/29/29 
f 29/29/29 39/39/39 30/30/30 
f 39/39/39 40/40/40 30/30/30 
f 30/30/30 40/40/40 31/31/31 
f 40/40/40 41/41/41 31/31/31 
f 31/31/31 41/41/41 32/32/32 
f 41/41/41 42/42/42 32/32/32 
f 32/32/32 42/42/42 33/33/33 
f 42/42/42 43/43/43 33/33/33 
f 33/33/33 43/43/43 34/34/34 
f 43/43/43 44/44/44 34/34/34 
f 34/34/34 44/44/44 35/35/35 
f 44/44/44 36/36/36 35/35/35 
f 35/35/35 36/36/36 36/36/36 
f 36/36/36 38/38/38 36/36/36 
f 36/36/36 38/38/38 38/38/38 
f 38/38/38 45/45/45 38/38/38 
f 38/38/38 45/45/45 39/39/39 
f 45/45/45 46/46/46 39/39/39 
f 39/39/39 46/46/46 40/40/40 
f 46/46/46 47/47/47 40/40/40 
f 40/40/40 47/47/47 41/41/41 
f 47/47/47 48/48/48 41/41/41 
f 41/41/41 48/48/48 42/42/42 
f 48/48/48 49/49/49 42/42/42 
f 42/42/42 49/49/49 43/43/43 
f 49/49/49 50/50/50 43/43/43 
f 43/43/43 50/50/50 44/44/44 
f 50/50/50 51/51/51 44/44/44 
f 44/44/44 51/51/51 52/52/52 
f 51/51/51 53/53/53 52/52/52 
f 52/52/52 53/53/53 54/54/54 
f 53/53/53 54/54/54 54/54/54 
f 54/54/54 54/54/54 54/54/54 
f 54/54/54 55/55/55 54/54/54 
f 54/54/54 55/55/55 52/52/52 
f 55/55/55 36/36/36 52/52/52 
f 52/52/52 36/36/36 44/44/44 
f 36/36/36 44/44/44 44/44/44 
f 44/44/44 44/44/44 56/56/56 
f 44/44/44 56/56/56 56/56/56 
f 56/56/56 56/56/56 56/56/56 
f 56/56/56 57/57/57 56/56/56 
f 56/56/56 57/57/57 58/58/58 
f 57/57/57 59/59/59 58/58/58 
f 58/58/58 59/59/59 60/60/60 
f 59/59/59 61/61/61 60/60/60 
f 60/60/60 61/61/61 62/62/62 
f 61/61/61 63/63/63 62/62/62 
f 62/62/62 63/63/63 64/64/64 
f 63/63/63 65/65/65 64/64/64 
f 64/64/64 65/65/65 66/66/66 
f 65/65/65 67/67/67 66/66/66 
f 66/66/66 67/67/67 68/68/68 
f 67/67/67 69/69/69 68/68/68 
f 68/68/68 69/69/69 70/70/70 
f 69/69/69 71/71/71 70/70/70 
f 70/70/70 71/71/71 72/72/72 
f 71/71/71 73/73/73 72/72/72 
f 72/72/72 73/73/73 74/74/74 
f 73/73/73 75/75/75 74/74/74 
f 74/74/74 75/75/75 76/76/76 
f 75/75/75 14/14/14 76/76/76 
f 76/76/76 14/14/14 12/12/12 
f 14/14/14 12/12/12 12/12/12 
f 12/12/12 12/12/12 57/57/57 
f 12/12/12 57/57/57 57/57/57 
f 57/57/57 57/57/57 57/57/57 
f 57/57/57 77/77/77 57/57/57 
f 57/57/57 77/77/77 59/59/59 
f 77/77/77 78/78/78 59/59/59 
f 59/59/59 78/78/78 61/61/61 
f 78/78/78 79/79/79 61/61/61 
f 61/61/61 79/79/79 63/63/63 
f 79/79/79 80/80/80 63/63/63 
f 63/63/63 80/80/80 65/65/65 
f 80/80/80 81/81/81 65/65/65 
f 65/65/65 81/81/81 67/67/67 
f 81/81/81 82/82/82 67/67/67 
f 67/67/67 82/82/82 69/69/69 
f 82/82/82 83/83/83 69/69/69 
f 69/69/69 83/83/83 71/71/71 
f 83/83/83 84/84/84 71/71/71 
f 71/71/71 84/84/84 73/73/73 
f 84/84/84 85/85/85 73/73/73 
f 73/73/73 85/85/85 75/75/75 
f 85/85/85 16/16/16 75/75/75 
f 75/75/75 16/16/16 14/14/14 
f 16/16/16 14/14/14 14/14/14 
f 14/14/14 14/14/14 77/77/77 
f 14/14/14 77/77/77 77/77/77 
f 77/77/77 77/77/77 77/77/77 
f 77/77/77 86/86/86 77/77/77 
f 77/77/77 86/86/86 78/78/78 
f 86/86/86 87/87/87 78/78/78 
f 78/78/78 87/87/87 79/79/79 
f 87/87/87 88/88/88 79/79/79 
f 79/79/79 88/88/88 80/80/80 
f 88/88/88 89/89/89 80/80/80 
f 80/80/80 89/89/89 81/81/81 
f 89/89/89 90/90/90 81/81/81 
f 81/81/81 90/90/90 82/82/82 
f 90/90/90 91/91/91 82/82/82 
f 82/82/82 91/91/91 83/83/83 
f 91/91/91 92/92/92 83/83/83 
f 83/83/83 92/92/92 84/84/84 
f 92/92/92 93/93/93 84/84/84 
f 84/84/84 93/93/93 85/85/85 
f 93/93/93 18/18/18 85/85/85 
f 85/85/85 18/18/18 16/16/16 
f 18/18/18 16/16/16 16/16/16 
f 16/16/16 16/16/16 87/87/87 
f 16/16/16 87/87/87 87/87/87 
f 87/87/87 87/87/87 87/87/87 
f 87/87/87 94/94/94 87/87/87 
f 87/87/87 94/94/94 88/88/88 
f 94/94/94 95/95/95 88/88/88 
f 88/88/88 95/95/95 89/89/89 
f 95/95/95 96/96/96 89/89/89 
f 89/89/89 96/96/96 90/90/90 
f 96/96/96 97/97/97 90/90/90 
f 90/90/90 97/97/97 91/91/91 
f 97/97/97 98/98/98 91/91/91 
f 91/91/91 98/98/98 22/22/22 
f 98/98/98 24/24/24 22/22/22 
f 22/22/22 24/24/24 24/24/24 
f 24/24/24 94/94/94 24/24/24 
f 24/24/24 94/94/94 94/94/94 
f 94/94/94 99/99/99 94/94/94 
f 94/94/94 99/99/99 95/95/95 
f 99/99/99 100/100/100 95/95/95 
f 95/95/95 100/100/100 96/96/96 
f 100/100/100 101/101/101 96/96/96 
f 96/96/96 101/101/101 97/97/97 
f 101/101/101 102/102/102 97/97/97 
f 97/97/97 102/102/102 98/98/98 
f 102/102/102 24/24/24 98/98/98 
f 98/98/98 24/24/24 24/24/24 
f 24/24/24 99/99/99 24/24/24 
f 24/24/24 99/99/99 99/99/99 
f 99/99/99 103/103/103 99/99/99 
f 99/99/99 103/103/103 100/100/100 
f 103/103/103 104/104/104 100/100/100 
f 100/100/100 104/104/104 101/101/101 
f 104/104/104 105/105/105 101/101/101 
f 101/101/101 105/105/105 102/102/102 
f 105/105/105 26/26/26 102/102/102 
f 102/102/102 26/26/26 24/24/24 
f 26/26/26 24/24/24 24/24/24 
f 24/24/24 24/24/24 103/103/103 
f 24/24/24 103/103/103 103/103/103 
f 103/103/103 103/103/103 103/103/103 
f 103/103/103 106/106/106 103/103/103 
f 103/103/103 106/106/106 104/104/104 
f 106/106/106 107/107/107 104/104/104 
f 104/104/104 107/107/107 105/105/105 
f 107/107/107 108/108/108 105/105/105 
f 105/105/105 108/108/108 26/26/26 
f 108/108/108 28/28/28 26/26/26 
f 26/26/26 28/28/28 28/28/28 
f 28/28/28 106/106/106 28/28/28 
f 28/28/28 106/106/106 106/106/106 
f 106/106/106 103/103/103 106/106/106 
f 106/106/106 103/103/103 109/109/109 
f 103/103/103 110/110/110 109/109/109 
f 109/109/109 110/110/110 110/110/110 
f 110/110/110 103/103/103 110/110/110 
f 110/110/110 103/103/103 103/103/103 
f 103/103/103 99/99/99 103/103/103 
f 103/103/103 99/99/99 110/110/110 
f 99/99/99 111/111/111 110/110/110 
f 110/110/110 111/111/111 111/111/111 
f 111/111/111 99/99/99 111/111/111 
f 111/111/111 99/99/99 99/99/99 
f 99/99/99 94/94/94 99/99/99 
f 99/99/99 94/94/94 111/111/111 
f 94/94/94 112/112/112 111/111/111 
f 111/111/111 112/112/112 112/112/112 
f 112/112/112 94/94/94 112/112/112 
f 112/112/112 94/94/94 86/86/86 
f 94/94/94 87/87/87 86/86/86 
f 86/86/86 87/87/87 87/87/87 
f 87/87/87 70/70/70 87/87/87 
f 87/87/87 70/70/70 70/70/70 
f 70/70/70 72/72/72 70/70/70 
f 70/70/70 72/72/72 113/113/113 
f 72/72/72 114/114/114 113/113/113 
f 113/113/113 114/114/114 115/115/115 
f 114/114/114 116/116/116 115/115/115 
f 115/115/115 116/116/116 117/117/117 
f 116/116/116 118/118/118 117/117/117 
f 117/117/117 118/118/118 119/119/119 
f 118/118/118 4/4/4 119/119/119 
f 119/119/119 4/4/4 2/2/2 
f 4/4/4 2/2/2 2/2/2 
f 2/2/2 2/2/2 72/72/72 
f 2/2/2 72/72/72 72/72/72 
f 72/72/72 72/72/72 72/72/72 
f 72/72/72 74/74/74 72/72/72 
f 72/72/72 74/74/74 114/114/114 
f 74/74/74 120/120/120 114/114/114 
f 114/114/114 120/120/120 116/116/116 
f 120/120/120 121/121/121 116/116/116 
f 116/116/116 121/121/121 118/118/118 
f 121/121/121 6/6/6 118/118/118 
f 118/118/118 6/6/6 4/4/4 
f 6/6/6 4/4/4 4/4/4 
f 4/4/4 4/4/4 74/74/74 
f 4/4/4 74/74/74 74/74/74 
f 74/74/74 74/74/74 74/74/74 
f 74/74/74 76/76/76 74/74/74 
f 74/74/74 76/76/76 120/120/120 
f 76/76/76 122/122/122 120/120/120 
f 120/120/120 122/122/122 121/121/121 
f 122/122/122 8/8/8 121/121/121 
f 121/121/121 8/8/8 6/6/6 
f 8/8/8 6/6/6 6/6/6 
f 6/6/6 6/6/6 76/76/76 
f 6/6/6 76/76/76 76/76/76 
f 76/76/76 76/76/76 76/76/76 
f 76/76/76 12/12/12 76/76/76 
f 76/76/76 12/12/12 122/122/122 
f 12/12/12 10/10/10 122/122/122 
f 122/122/122 10/10/10 8/8/8 
f 10/10/10 8/8/8 8/8/8 
f 8/8/8 8/8/8 123/123/123 
f 8/8/8 123/123/123 123/123/123 
f 123/123/123 123/123/123 123/123/123 
f 123/123/123 124/124/124 123/123/123 
f 123/123/123 124/124/124 125/125/125 
f 124/124/124 126/126/126 125/125/125 
f 125/125/125 126/126/126 127/127/127 
f 126/126/126 128/128/128 127/127/127 
f 127/127/127 128/128/128 129/129/129 
f 128/128/128 130/130/130 129/129/129 
f 129/129/129 130/130/130 131/131/131 
f 130/130/130 132/132/132 131/131/131 
f 131/131/131 132/132/132 133/133/133 
f 132/132/132 134/134/134 133/133/133 
f 133/133/133 134/134/134 135/135/135 
f 134/134/134 136/136/136 135/135/135 
f 135/135/135 136/136/136 137/137/137 
f 136/136/136 138/138/138 137/137/137 
f 137/137/137 138/138/138 139/139/139 
f 138/138/138 140/140/140 139/139/139 
f 139/139/139 140/140/140 140/140/140 
f 140/140/140 124/124/124 140/140/140 
f 140/140/140 124/124/124 124/124/124 
f 124/124/124 141/141/141 124/124/124 
f 124/124/124 141/141/141 126/126/126 
f 141/141/141 142/142/142 126/126/126 
f 126/126/126 142/142/142 128/128/128 
f 142/142/142 143/143/143 128/128/128 
f 128/128/128 143/143/143 130/130/130 
f 143/143/143 144/144/144 130/130/130 
f 130/130/130 144/144/144 132/132/132 
f 144/144/144 145/145/145 132/132/132 
f 132/132/132 145/145/145 134/134/134 
f 145/145/145 146/146/146 134/134/134 
f 134/134/134 146/146/146 136/136/136 
f 146/146/146 147/147/147 136/136/136 
f 136/136/136 147/147/147 138/138/138 
f 147/147/147 148/148/148 138/138/138 
f 138/138/138 148/148/148 140/140/140 
f 148/148/148 149/149/149 140/140/140 
f 140/140/140 149/149/149 149/149/149 
f 149/149/149 148/148/148 149/149/149 
f 149/149/149 148/148/148 150/150/150 
f 148/148/148 147/147/147 150/150/150 
f 150/150/150 147/147/147 151/151/151 
f 147/147/147 146/146/146 151/151/151 
f 151/151/151 146/146/146 152/152/152 
f 146/146/146 145/145/145 152/152/152 
f 152/152/152 145/145/145 153/153/153 
f 145/145/145 144/144/144 153/153/153 
f 153/153/153 144/144/144 154/154/154 
f 144/144/144 143/143/143 154/154/154 
f 154/154/154 143/143/143 155/155/155 
f 143/143/143 142/142/142 155/155/155 
f 155/155/155 142/142/142 156/156/156 
f 142/142/142 141/141/141 156/156/156 
f 156/156/156 141/141/141 157/157/157 
f 141/141/141 157/157/157 157/157/157 
f 157/157/157 157/157/157 155/155/155 
f 157/157/157 155/155/155 155/155/155 
f 155/155/155 155/155/155 155/155/155 
f 155/155/155 158/158/158 155/155/155 
f 155/155/155 158/158/158 154/154/154 
f 158/158/158 159/159/159 154/154/154 
f 154/154/154 159/159/159 153/153/153 
f 159/159/159 160/160/160 153/153/153 
f 153/153/153 160/160/160 152/152/152 
f 160/160/160 161/161/161 152/152/152 
f 152/152/152 161/161/161 151/151/151 
f 161/161/161 162/162/162 151/151/151 
f 151/151/151 162/162/162 150/150/150 
f 162/162/162 163/163/163 150/150/150 
f 150/150/150 163/163/163 149/149/149 
f 163/163/163 164/164/164 149/149/149 
f 149/149/149 164/164/164 164/164/164 
f 164/164/164 161/161/161 164/164/164 
f 164/164/164 161/161/161 161/161/161 
f 161/161/161 160/160/160 161/161/161 
f 161/161/161 160/160/160 165/165/165 
f 160/160/160 159/159/159 165/165/165 
f 165/165/165 159/159/159 166/166/166 
f 159/159/159 158/158/158 166/166/166 
f 166/166/166 158/158/158 167/167/167 
f 158/158/158 168/168/168 167/167/167 
f 167/167/167 168/168/168 169/169/169 
f 168/168/168 170/170/170 169/169/169 
f 169/169/169 170/170/170 171/171/171 
f 170/170/170 172/172/172 171/171/171 
f 171/171/171 172/172/172 173/173/173 
f 172/172/172 174/174/174 173/173/173 
f 173/173/173 174/174/174 175/175/175 
f 174/174/174 176/176/176 175/175/175 
f 175/175/175 176/176/176 177/177/177 
f 176/176/176 178/178/178 177/177/177 
f 177/177/177 178/178/178 179/179/179 
f 178/178/178 179/179/179 179/179/179 
f 179/179/179 179/179/179 171/171/171 
f 179/179/179 171/171/171 171/171/171 
f 171/171/171 171/171/171 171/171/171 
f 171/171/171 180/180/180 171/171/171 
f 171/171/171 180/180/180 169/169/169 
f 180/180/180 181/181/181 169/169/169 
f 169/169/169 181/181/181 167/167/167 
f 181/181/181 182/182/182 167/167/167 
f 167/167/167 182/182/182 166/166/166 
f 182/182/182 183/183/183 166/166/166 
f 166/166/166 183/183/183 165/165/165 
f 183/183/183 184/184/184 165/165/165 
f 165/165/165 184/184/184 185/185/185 
f 184/184/184 186/186/186 185/185/185 
f 185/185/185 186/186/186 161/161/161 
f 186/186/186 162/162/162 161/161/161 
f 161/161/161 162/162/162 162/162/162 
f 162/162/162 184/184/184 162/162/162 
f 162/162/162 184/184/184 184/184/184 
f 184/184/184 187/187/187 184/184/184 
f 184/184/184 187/187/187 186/186/186 
f 187/187/187 188/188/188 186/186/186 
f 186/186/186 188/188/188 162/162/162 
f 188/188/188 189/189/189 162/162/162 
f 162/162/162 189/189/189 163/163/163 
f 189/189/189 164/164/164 163/163/163 
f 163/163/163 164/164/164 164/164/164 
f 164/164/164 187/187/187 164/164/164 
f 164/164/164 187/187/187 187/187/187 
f 187/187/187 184/184/184 187/187/187 
f 187/187/187 184/184/184 190/190/190 
f 184/184/184 191/191/191 190/190/190 
f 190/190/190 191/191/191 192/192/192 
f 191/191/191 193/193/193 192/192/192 
f 192/192/192 193/193/193 194/194/194 
f 193/193/193 195/195/195 194/194/194 
f 194/194/194 195/195/195 196/196/196 
f 195/195/195 197/197/197 196/196/196 
f 196/196/196 197/197/197 198/198/198 
f 197/197/197 199/199/199 198/198/198 
f 198/198/198 199/199/199 200/200/200 
f 199/199/199 201/201/201 200/200/200 
f 200/200/200 201/201/201 179/179/179 
f 201/201/201 177/177/177 179/179/179 
f 179/179/179 177/177/177 177/177/177 
f 177/177/177 184/184/184 177/177/177 
f 177/177/177 184/184/184 184/184/184 
f 184/184/184 183/183/183 184/184/184 
f 184/184/184 183/183/183 191/191/191 
f 183/183/183 202/202/202 191/191/191 
f 191/191/191 202/202/202 193/193/193 
f 202/202/202 203/203/203 193/193/193 
f 193/193/193 203/203/203 195/195/195 
f 203/203/203 204/204/204 195/195/195 
f 195/195/195 204/204/204 197/197/197 
f 204/204/204 199/199/199 197/197/197 
f 197/197/197 199/199/199 199/199/199 
f 199/199/199 183/183/183 199/199/199 
f 199/199/199 183/183/183 183/183/183 
f 183/183/183 182/182/182 183/183/183 
f 183/183/183 182/182/182 202/202/202 
f 182/182/182 205/205/205 202/202/202 
f 202/202/202 205/205/205 203/203/203 
f 205/205/205 206/206/206 203/203/203 
f 203/203/203 206/206/206 204/204/204 
f 206/206/206 201/201/201 204/204/204 
f 204/204/204 201/201/201 199/199/199 
f 201/201/201 199/199/199 199/199/199 
f 199/199/199 199/199/199 182/182/182 
f 199/199/199 182/182/182 182/182/182 
f 182/182/182 182/182/182 182/182/182 
f 182/182/182 181/181/181 182/182/182 
f 182/182/182 181/181/181 205/205/205 
f 181/181/181 180/180/180 205/205/205 
f 205/205/205 180/180/180 207/207/207 
f 180/180/180 173/173/173 207/207/207 
f 207/207/207 173/173/173 175/175/175 
f 173/173/173 175/175/175 175/175/175 
f 175/175/175 175/175/175 205/205/205 
f 175/175/175 205/205/205 205/205/205 
f 205/205/205 205/205/205 205/205/205 
f 205/205/205 207/207/207 205/205/205 
f 205/205/205 207/207/207 206/206/206 
f 207/207/207 175/175/175 206/206/206 
f 206/206/206 175/175/175 177/177/177 
f 175/175/175 177/177/177 177/177/177 
f 177/177/177 177/177/177 208/208/208 
f 177/177/177 208/208/208 208/208/208 
f 208/208/208 208/208/208 208/208/208 
f 208/208/208 209/209/209 208/208/208 
f 208/208/208 209/209/209 210/210/210 
f 209/209/209 211/211/211 210/210/210 
f 210/210/210 211/211/211 212/212/212 
f 211/211/211 213/213/213 212/212/212 
f 212/212/212 213/213/213 214/214/214 
f 213/213/213 215/215/215 214/214/214 
f 214/214/214 215/215/215 216/216/216 
f 215/215/215 217/217/217 216/216/216 
f 216/216/216 217/217/217 218/218/218 
f 217/217/217 219/219/219 218/218/218 
f 218/218/218 219/219/219 220/220/220 
f 219/219/219 221/221/221 220/220/220 
f 220/220/220 221/221/221 222/222/222 
f 221/221/221 223/223/223 222/222/222 
f 222/222/222 223/223/223 224/224/224 
f 223/223/223 225/225/225 224/224/224 
f 224/224/224 225/225/225 226/226/226 
f 225/225/225 227/227/227 226/226/226 
f 226/226/226 227/227/227 228/228/228 
f 227/227/227 229/229/229 228/228/228 
f 228/228/228 229/229/229 230/230/230 
f 229/229/229 231/231/231 230/230/230 
f 230/230/230 231/231/231 232/232/232 
f 231/231/231 233/233/233 232/232/232 
f 232/232/232 233/233/233 234/234/234 
f 233/233/233 234/234/234 234/234/234 
f 234/234/234 234/234/234 209/209/209 
f 234/234/234 209/209/209 209/209/209 
f 209/209/209 209/209/209 209/209/209 
f 209/209/209 235/235/235 209/209/209 
f 209/209/209 235/235/235 211/211/211 
f 235/235/235 236/236/236 211/211/211 
f 211/211/211 236/236/236 213/213/213 
f 236/236/236 237/237/237 213/213/213 
f 213/213/213 237/237/237 215/215/215 
f 237/237/237 238/238/238 215/215/215 
f 215/215/215 238/238/238 217/217/217 
f 238/238/238 239/239/239 217/217/217 
f 217/217/217 239/239/239 219/219/219 
f 239/239/239 240/240/240 219/219/219 
f 219/219/219 240/240/240 221/221/221 
f 240/240/240 241/241/241 221/221/221 
f 221/221/221 241/241/241 223/223/223 
f 241/241/241 242/242/242 223/223/223 
f 223/223/223 242/242/242 225/225/225 
f 242/242/242 243/243/243 225/225/225 
f 225/225/225 243/243/243 244/244/244 
f 243/243/243 245/245/245 244/244/244 
f 244/244/244 245/245/245 246/246/246 
f 245/245/245 247/247/247 246/246/246 
f 246/246/246 247/247/247 248/248/248 
f 247/247/247 249/249/249 248/248/248 
f 248/248/248 249/249/249 250/250/250 
f 249/249/249 250/250/250 250/250/250 
f 250/250/250 250/250/250 235/235/235 
f 250/250/250 235/235/235 235/235/235 
f 235/235/235 235/235/235 235/235/235 
f 235/235/235 251/251/251 235/235/235 
f 235/235/235 251/251/251 236/236/236 
f 251/251/251 252/252/252 236/236/236 
f 236/236/236 252/252/252 237/237/237 
f 252/252/252 253/253/253 237/237/237 
f 237/237/237 253/253/253 238/238/238 
f 253/253/253 254/254/254 238/238/238 
f 238/238/238 254/254/254 239/239/239 
f 254/254/254 255/255/255 239/239/239 
f 239/239/239 255/255/255 240/240/240 
f 255/255/255 256/256/256 240/240/240 
f 240/240/240 256/256/256 241/241/241 
f 256/256/256 257/257/257 241/241/241 
f 241/241/241 257/257/257 242/242/242 
f 257/257/257 258/258/258 242/242/242 
f 242/242/242 258/258/258 243/243/243 
f 258/258/258 259/259/259 243/243/243 
f 243/243/243 259/259/259 245/245/245 
f 259/259/259 260/260/260 245/245/245 
f 245/245/245 260/260/260 261/261/261 
f 260/260/260 262/262/262 261/261/261 
f 261/261/261 262/262/262 263/263/263 
f 262/262/262 264/264/264 263/263/263 
f 263/263/263 264/264/264 265/265/265 
f 264/264/264 265/265/265 265/265/265 
f 265/265/265 265/265/265 251/251/251 
f 265/265/265 251/251/251 251/251/251 
f 251/251/251 251/251/251 251/251/251 
f 251/251/251 266/266/266 251/251/251 
f 251/251/251 266/266/266 252/252/252 
f 266/266/266 267/267/267 252/252/252 
f 252/252/252 267/267/267 253/253/253 
f 267/267/267 268/268/268 253/253/253 
f 253/253/253 268/268/268 254/254/254 
f 268/268/268 269/269/269 254/254/254 
f 254/254/254 269/269/269 255/255/255 
f 269/269/269 270/270/270 255/255/255 
f 255/255/255 270/270/270 256/256/256 
f 270/270/270 271/271/271 256/256/256 
f 256/256/256 271/271/271 257/257/257 
f 271/271/271 258/258/258 257/257/257 
f 257/257/257 258/258/258 258/258/258 
f 258/258/258 266/266/266 258/258/258 
f 258/258/258 266/266/266 266/266/266 
f 266/266/266 272/272/272 266/266/266 
f 266/266/266 272/272/272 267/267/267 
f 272/272/272 273/273/273 267/267/267 
f 267/267/267 273/273/273 268/268/268 
f 273/273/273 274/274/274 268/268/268 
f 268/268/268 274/274/274 269/269/269 
f 274/274/274 275/275/275 269/269/269 
f 269/269/269 275/275/275 270/270/270 
f 275/275/275 276/276/276 270/270/270 
f 270/270/270 276/276/276 271/271/271 
f 276/276/276 277/277/277 271/271/271 
f 271/271/271 277/277/277 258/258/258 
f 277/277/277 259/259/259 258/258/258 
f 258/258/258 259/259/259 259/259/259 
f 259/259/259 272/272/272 259/259/259 
f 259/259/259 272/272/272 272/272/272 
f 272/272/272 278/278/278 272/272/272 
f 272/272/272 278/278/278 273/273/273 
f 278/278/278 279/279/279 273/273/273 
f 273/273/273 279/279/279 274/274/274 
f 279/279/279 280/280/280 274/274/274 
f 274/274/274 280/280/280 275/275/275 
f 280/280/280 281/281/281 275/275/275 
f 275/275/275 281/281/281 276/276/276 
f 281/281/281 282/282/282 276/276/276 
f 276/276/276 282/282/282 277/277/277 
f 282/282/282 283/283/283 277/277/277 
f 277/277/277 283/283/283 259/259/259 
f 283/283/283 260/260/260 259/259/259 
f 259/259/259 260/260/260 260/260/260 
f 260/260/260 280/280/280 260/260/260 
f 260/260/260 280/280/280 280/280/280 
f 280/280/280 284/284/284 280/280/280 
f 280/280/280 284/284/284 281/281/281 
f 284/284/284 285/285/285 281/281/281 
f 281/281/281 285/285/285 282/282/282 
f 285/285/285 286/286/286 282/282/282 
f 282/282/282 286/286/286 283/283/283 
f 286/286/286 287/287/287 283/283/283 
f 283/283/283 287/287/287 260/260/260 
f 287/287/287 262/262/262 260/260/260 
f 260/260/260 262/262/262 262/262/262 
f 262/262/262 284/284/284 262/262/262 
f 262/262/262 284/284/284 284/284/284 
f 284/284/284 288/288/288 284/284/284 
f 284/284/284 288/288/288 285/285/285 
f 288/288/288 289/289/289 285/285/285 
f 285/285/285 289/289/289 286/286/286 
f 289/289/289 290/290/290 286/286/286 
f 286/286/286 290/290/290 287/287/287 
f 290/290/290 291/291/291 287/287/287 
f 287/287/287 291/291/291 262/262/262 
f 291/291/291 264/264/264 262/262/262 
f 262/262/262 264/264/264 264/264/264 
f 264/264/264 288/288/288 264/264/264 
f 264/264/264 288/288/288 288/288/288 
f 288/288/288 284/284/284 288/288/288 
f 288/288/288 284/284/284 292/292/292 
f 284/284/284 293/293/293 292/292/292 
f 292/292/292 293/293/293 294/294/294 
f 293/293/293 295/295/295 294/294/294 
f 294/294/294 295/295/295 295/295/295 
f 295/295/295 284/284/284 295/295/295 
f 295/295/295 284/284/284 284/284/284 
f 284/284/284 279/279/279 284/284/284 
f 284/284/284 279/279/279 293/293/293 
f 279/279/279 278/278/278 293/293/293 
f 293/293/293 278/278/278 295/295/295 
f 278/278/278 295/295/295 295/295/295 
f 295/295/295 295/295/295 233/233/233 
f 295/295/295 233/233/233 233/233/233 
f 233/233/233 233/233/233 233/233/233 
f 233/233/233 231/231/231 233/233/233 
f 233/233/233 231/231/231 296/296/296 
f 231/231/231 297/297/297 296/296/296 
f 296/296/296 297/297/297 298/298/298 
f 297/297/297 248/248/248 298/298/298 
f 298/298/298 248/248/248 250/250/250 
f 248/248/248 250/250/250 250/250/250 
f 250/250/250 250/250/250 231/231/231 
f 250/250/250 231/231/231 231/231/231 
f 231/231/231 231/231/231 231/231/231 
f 231/231/231 229/229/229 231/231/231 
f 231/231/231 229/229/229 297/297/297 
f 229/229/229 299/299/299 297/297/297 
f 297/297/297 299/299/299 248/248/248 
f 299/299/299 246/246/246 248/248/248 
f 248/248/248 246/246/246 246/246/246 
f 246/246/246 299/299/299 246/246/246 
f 246/246/246 299/299/299 244/244/244 
f 299/299/299 227/227/227 244/244/244 
f 244/244/244 227/227/227 225/225/225 
f 227/227/227 225/225/225 225/225/225 
f 225/225/225 225/225/225 265/265/265 
f 225/225/225 265/265/265 265/265/265 
f 265/265/265 265/265/265 265/265/265 
f 265/265/265 300/300/300 265/265/265 
f 265/265/265 300/300/300 263/263/263 
f 300/300/300 301/301/301 263/263/263 
f 263/263/263 301/301/301 261/261/261 
f 301/301/301 247/247/247 261/261/261 
f 261/261/261 247/247/247 245/245/245 
f 247/247/247 245/245/245 245/245/245 
f 245/245/245 245/245/245 247/247/247 
f 245/245/245 247/247/247 247/247/247 
f 247/247/247 247/247/247 247/247/247 
f 247/247/247 301/301/301 247/247/247 
f 247/247/247 301/301/301 249/249/249 
f 301/301/301 300/300/300 249/249/249 
f 249/249/249 300/300/300 300/300/300 
f 300/300/300 220/220/220 300/300/300 
f 300/300/300 220/220/220 220/220/220 
f 220/220/220 222/222/222 220/220/220 
f 220/220/220 222/222/222 302/302/302 
f 222/222/222 303/303/303 302/302/302 
f 302/302/302 303/303/303 304/304/304 
f 303/303/303 305/305/305 304/304/304 
f 304/304/304 305/305/305 306/306/306 
f 305/305/305 307/307/307 306/306/306 
f 306/306/306 307/307/307 308/308/308 
f 307/307/307 309/309/309 308/308/308 
f 308/308/308 309/309/309 310/310/310 
f 309/309/309 311/311/311 310/310/310 
f 310/310/310 311/311/311 312/312/312 
f 311/311/311 313/313/313 312/312/312 
f 312/312/312 313/313/313 314/314/314 
f 313/313/313 314/314/314 314/314/314 
f 314/314/314 314/314/314 222/222/222 
f 314/314/314 222/222/222 222/222/222 
f 222/222/222 222/222/222 222/222/222 
f 222/222/222 224/224/224 222/222/222 
f 222/222/222 224/224/224 303/303/303 
f 224/224/224 315/315/315 303/303/303 
f 303/303/303 315/315/315 305/305/305 
f 315/315/315 316/316/316 305/305/305 
f 305/305/305 316/316/316 307/307/307 
f 316/316/316 317/317/317 307/307/307 
f 307/307/307 317/317/317 309/309/309 
f 317/317/317 318/318/318 309/309/309 
f 309/309/309 318/318/318 311/311/311 
f 318/318/318 319/319/319 311/311/311 
f 311/311/311 319/319/319 313/313/313 
f 319/319/319 313/313/313 313/313/313 
f 313/313/313 313/313/313 224/224/224 
f 313/313/313 224/224/224 224/224/224 
f 224/224/224 224/224/224 224/224/224 
f 224/224/224 226/226/226 224/224/224 
f 224/224/224 226/226/226 315/315/315 
f 226/226/226 320/320/320 315/315/315 
f 315/315/315 320/320/320 316/316/316 
f 320/320/320 321/321/321 316/316/316 
f 316/316/316 321/321/321 317/317/317 
f 321/321/321 322/322/322 317/317/317 
f 317/317/317 322/322/322 318/318/318 
f 322/322/322 323/323/323 318/318/318 
f 318/318/318 323/323/323 319/319/319 
f 323/323/323 319/319/319 319/319/319 
f 319/319/319 319/319/319 226/226/226 
f 319/319/319 226/226/226 226/226/226 
f 226/226/226 226/226/226 226/226/226 
f 226/226/226 228/228/228 226/226/226 
f 226/226/226 228/228/228 320/320/320 
f 228/228/228 324/324/324 320/320/320 
f 320/320/320 324/324/324 321/321/321 
f 324/324/324 325/325/325 321/321/321 
f 321/321/321 325/325/325 322/322/322 
f 325/325/325 323/323/323 322/322/322 
f 322/322/322 323/323/323 323/323/323 
f 323/323/323 228/228/228 323/323/323 
f 323/323/323 228/228/228 228/228/228 
f 228/228/228 230/230/230 228/228/228 
f 228/228/228 230/230/230 324/324/324 
f 230/230/230 326/326/326 324/324/324 
f 324/324/324 326/326/326 325/325/325 
f 326/326/326 327/327/327 325/325/325 
f 325/325/325 327/327/327 328/328/328 
f 327/327/327 328/328/328 328/328/328 
f 328/328/328 328/328/328 327/327/327 
f 328/328/328 327/327/327 327/327/327 
f 327/327/327 327/327/327 327/327/327 
f 327/327/327 326/326/326 327/327/327 
f 327/327/327 326/326/326 329/329/329 
f 326/326/326 232/232/232 329/329/329 
f 329/329/329 232/232/232 234/234/234 
f 232/232/232 234/234/234 234/234/234 
f 234/234/234 234/234/234 18/18/18 
f 234/234/234 18/18/18 18/18/18 
f 18/18/18 18/18/18 18/18/18 
f 18/18/18 93/93/93 18/18/18 
f 18/18/18 93/93/93 20/20/20 
f 93/93/93 92/92/92 20/20/20 
f 20/20/20 92/92/92 22/22/22 
f 92/92/92 91/91/91 22/22/22 
f 22/22/22 91/91/91 91/91/91 
f 91/91/91 198/198/198 91/91/91 
f 91/91/91 198/198/198 198/198/198 
f 198/198/198 200/200/200 198/198/198 
f 198/198/198 200/200/200 330/330/330 
f 200/200/200 179/179/179 330/330/330 
f 330/330/330 179/179/179 179/179/179 
f 179/179/179 172/172/172 179/179/179 
f 179/179/179 172/172/172 172/172/172 
f 172/172/172 170/170/170 172/172/172 
f 172/172/172 170/170/170 331/331/331 
f 170/170/170 156/156/156 331/331/331 
f 331/331/331 156/156/156 157/157/157 
f 156/156/156 157/157/157 157/157/157 
f 157/157/157 157/157/157 156/156/156 
f 157/157/157 156/156/156 156/156/156 
f 156/156/156 156/156/156 156/156/156 
f 156/156/156 170/170/170 156/156/156 
f 156/156/156 170/170/170 155/155/155 
f 170/170/170 168/168/168 155/155/155 
f 155/155/155 168/168/168 158/158/158 
f 168/168/168 158/158/158 158/158/158 
f 158/158/158 158/158/158 332/332/332 
f 158/158/158 332/332/332 332/332/332 
f 332/332/332 332/332/332 332/332/332 
f 332/332/332 333/333/333 332/332/332 
f 332/332/332 333/333/333 334/334/334 
f 333/333/333 335/335/335 334/334/334 
f 334/334/334 335/335/335 336/336/336 
f 335/335/335 337/337/337 336/336/336 
f 336/336/336 337/337/337 338/338/338 
f 337/337/337 339/339/339 338/338/338 
f 338/338/338 339/339/339 340/340/340 
f 339/339/339 341/341/341 340/340/340 
f 340/340/340 341/341/341 342/342/342 
f 341/341/341 343/343/343 342/342/342 
f 342/342/342 343/343/343 344/344/344 
f 343/343/343 345/345/345 344/344/344 
f 344/344/344 345/345/345 346/346/346 
f 345/345/345 347/347/347 346/346/346 
f 346/346/346 347/347/347 348/348/348 
f 347/347/347 349/349/349 348/348/348 
f 348/348/348 349/349/349 349/349/349 
f 349/349/349 333/333/333 349/349/349 
f 349/349/349 333/333/333 333/333/333 
f 333/333/333 350/350/350 333/333/333 
f 333/333/333 350/350/350 335/335/335 
f 350/350/350 351/351/351 335/335/335 
f 335/335/335 351/351/351 337/337/337 
f 351/351/351 352/352/352 337/337/337 
f 337/337/337 352/352/352 339/339/339 
f 352/352/352 353/353/353 339/339/339 
f 339/339/339 353/353/353 341/341/341 
f 353/353/353 354/354/354 341/341/341 
f 341/341/341 354/354/354 343/343/343 
f 354/354/354 355/355/355 343/343/343 
f 343/343/343 355/355/355 345/345/345 
f 355/355/355 356/356/356 345/345/345 
f 345/345/345 356/356/356 347/347/347 
f 356/356/356 357/357/357 347/347/347 
f 347/347/347 357/357/357 349/349/349 
f 357/357/357 358/358/358 349/349/349 
f 349/349/349 358/358/358 358/358/358 
f 358/358/358 351/351/351 358/358/358 
f 358/358/358 351/351/351 351/351/351 
f 351/351/351 359/359/359 351/351/351 
f 351/351/351 359/359/359 352/352/352 
f 359/359/359 360/360/360 352/352/352 
f 352/352/352 360/360/360 353/353/353 
f 360/360/360 361/361/361 353/353/353 
f 353/353/353 361/361/361 354/354/354 
f 361/361/361 362/362/362 354/354/354 
f 354/354/354 362/362/362 355/355/355 
f 362/362/362 363/363/363 355/355/355 
f 355/355/355 363/363/363 356/356/356 
f 363/363/363 364/364/364 356/356/356 
f 356/356/356 364/364/364 357/357/357 
f 364/364/364 365/365/365 357/357/357 
f 357/357/357 365/365/365 358/358/358 
f 365/365/365 366/366/366 358/358/358 
f 358/358/358 366/366/366 366/366/366 
f 366/366/366 359/359/359 366/366/366 
f 366/366/366 359/359/359 359/359/359 
f 359/359/359 367/367/367 359/359/359 
f 359/359/359 367/367/367 360/360/360 
f 367/367/367 368/368/368 360/360/360 
f 360/360/360 368/368/368 361/361/361 
f 368/368/368 369/369/369 361/361/361 
f 361/361/361 369/369/369 362/362/362 
f 369/369/369 370/370/370 362/362/362 
f 362/362/362 370/370/370 363/363/363 
f 370/370/370 371/371/371 363/363/363 
f 363/363/363 371/371/371 364/364/364 
f 371/371/371 372/372/372 364/364/364 
f 364/364/364 372/372/372 373/373/373 
f 372/372/372 374/374/374 373/373/373 
f 373/373/373 374/374/374 375/375/375 
f 374/374/374 376/376/376 375/375/375 
f 375/375/375 376/376/376 377/377/377 
f 376/376/376 378/378/378 377/377/377 
f 377/377/377 378/378/378 379/379/379 
f 378/378/378 380/380/380 379/379/379 
f 379/379/379 380/380/380 381/381/381 
f 380/380/380 382/382/382 381/381/381 
f 381/381/381 382/382/382 383/383/383 
f 382/382/382 384/384/384 383/383/383 
f 383/383/383 384/384/384 385/385/385 
f 384/384/384 386/386/386 385/385/385 
f 385/385/385 386/386/386 386/386/386 
f 386/386/386 383/383/383 386/386/386 
f 386/386/386 383/383/383 383/383/383 
f 383/383/383 387/387/387 383/383/383 
f 383/383/383 387/387/387 381/381/381 
f 387/387/387 388/388/388 381/381/381 
f 381/381/381 388/388/388 379/379/379 
f 388/388/388 389/389/389 379/379/379 
f 379/379/379 389/389/389 377/377/377 
f 389/389/389 390/390/390 377/377/377 
f 377/377/377 390/390/390 375/375/375 
f 390/390/390 373/373/373 375/375/375 
f 375/375/375 373/373/373 373/373/373 
f 373/373/373 390/390/390 373/373/373 
f 373/373/373 390/390/390 390/390/390 
f 390/390/390 391/391/391 390/390/390 
f 390/390/390 391/391/391 373/373/373 
f 391/391/391 365/365/365 373/373/373 
f 373/373/373 365/365/365 364/364/364 
f 365/365/365 364/364/364 364/364/364 
f 364/364/364 364/364/364 392/392/392 
f 364/364/364 392/392/392 392/392/392 
f 392/392/392 392/392/392 392/392/392 
f 392/392/392 393/393/393 392/392/392 
f 392/392/392 393/393/393 394/394/394 
f 393/393/393 395/395/395 394/394/394 
f 394/394/394 395/395/395 396/396/396 
f 395/395/395 397/397/397 396/396/396 
f 396/396/396 397/397/397 398/398/398 
f 397/397/397 399/399/399 398/398/398 
f 398/398/398 399/399/399 400/400/400 
f 399/399/399 401/401/401 400/400/400 
f 400/400/400 401/401/401 402/402/402 
f 401/401/401 403/403/403 402/402/402 
f 402/402/402 403/403/403 404/404/404 
f 403/403/403 405/405/405 404/404/404 
f 404/404/404 405/405/405 406/406/406 
f 405/405/405 407/407/407 406/406/406 
f 406/406/406 407/407/407 408/408/408 
f 407/407/407 409/409/409 408/408/408 
f 408/408/408 409/409/409 410/410/410 
f 409/409/409 411/411/411 410/410/410 
f 410/410/410 411/411/411 412/412/412 
f 411/411/411 413/413/413 412/412/412 
f 412/412/412 413/413/413 414/414/414 
f 413/413/413 415/415/415 414/414/414 
f 414/414/414 415/415/415 416/416/416 
f 415/415/415 417/417/417 416/416/416 
f 416/416/416 417/417/417 418/418/418 
f 417/417/417 419/419/419 418/418/418 
f 418/418/418 419/419/419 420/420/420 
f 419/419/419 421/421/421 420/420/420 
f 420/420/420 421/421/421 422/422/422 
f 421/421/421 423/423/423 422/422/422 
f 422/422/422 423/423/423 424/424/424 
f 423/423/423 425/425/425 424/424/424 
f 424/424/424 425/425/425 426/426/426 
f 425/425/425 427/427/427 426/426/426 
f 426/426/426 427/427/427 427/427/427 
f 427/427/427 393/393/393 427/427/427 
f 427/427/427 393/393/393 393/393/393 
f 393/393/393 428/428/428 393/393/393 
f 393/393/393 428/428/428 395/395/395 
f 428/428/428 429/429/429 395/395/395 
f 395/395/395 429/429/429 397/397/397 
f 429/429/429 430/430/430 397/397/397 
f 397/397/397 430/430/430 399/399/399 
f 430/430/430 431/431/431 399/399/399 
f 399/399/399 431/431/431 401/401/401 
f 431/431/431 432/432/432 401/401/401 
f 401/401/401 432/432/432 403/403/403 
f 432/432/432 433/433/433 403/403/403 
f 403/403/403 433/433/433 405/405/405 
f 433/433/433 434/434/434 405/405/405 
f 405/405/405 434/434/434 407/407/407 
f 434/434/434 435/435/435 407/407/407 
f 407/407/407 435/435/435 409/409/409 
f 435/435/435 436/436/436 409/409/409 
f 409/409/409 436/436/436 411/411/411 
f 436/436/436 437/437/437 411/411/411 
f 411/411/411 437/437/437 413/413/413 
f 437/437/437 438/438/438 413/413/413 
f 413/413/413 438/438/438 415/415/415 
f 438/438/438 439/439/439 415/415/415 
f 415/415/415 439/439/439 417/417/417 
f 439/439/439 440/440/440 417/417/417 
f 417/417/417 440/440/440 441/441/441 
f 440/440/440 441/441/441 441/441/441 
f 441/441/441 441/441/441 429/429/429 
f 441/441/441 429/429/429 429/429/429 
f 429/429/429 429/429/429 429/429/429 
f 429/429/429 442/442/442 429/429/429 
f 429/429/429 442/442/442 430/430/430 
f 442/442/442 443/443/443 430/430/430 
f 430/430/430 443/443/443 431/431/431 
f 443/443/443 444/444/444 431/431/431 
f 431/431/431 444/444/444 432/432/432 
f 444/444/444 445/445/445 432/432/432 
f 432/432/432 445/445/445 433/433/433 
f 445/445/445 446/446/446 433/433/433 
f 433/433/433 446/446/446 434/434/434 
f 446/446/446 447/447/447 434/434/434 
f 434/434/434 447/447/447 435/435/435 
f 447/447/447 448/448/448 435/435/435 
f 435/435/435 448/448/448 436/436/436 
f 448/448/448 449/449/449 436/436/436 
f 436/436/436 449/449/449 437/437/437 
f 449/449/449 450/450/450 437/437/437 
f 437/437/437 450/450/450 438/438/438 
f 450/450/450 451/451/451 438/438/438 
f 438/438/438 451/451/451 439/439/439 
f 451/451/451 452/452/452 439/439/439 
f 439/439/439 452/452/452 440/440/440 
f 452/452/452 440/440/440 440/440/440 
f 440/440/440 440/440/440 444/444/444 
f 440/440/440 444/444/444 444/444/444 
f 444/444/444 444/444/444 444/444/444 
f 444/444/444 453/453/453 444/444/444 
f 444/444/444 453/453/453 445/445/445 
f 453/453/453 454/454/454 445/445/445 
f 445/445/445 454/454/454 446/446/446 
f 454/454/454 455/455/455 446/446/446 
f 446/446/446 455/455/455 447/447/447 
f 455/455/455 456/456/456 447/447/447 
f 447/447/447 456/456/456 448/448/448 
f 456/456/456 457/457/457 448/448/448 
f 448/448/448 457/457/457 449/449/449 
f 457/457/457 458/458/458 449/449/449 
f 449/449/449 458/458/458 450/450/450 
f 458/458/458 459/459/459 450/450/450 
f 450/450/450 459/459/459 451/451/451 
f 459/459/459 460/460/460 451/451/451 
f 451/451/451 460/460/460 452/452/452 
f 460/460/460 452/452/452 452/452/452 
f 452/452/452 452/452/452 453/453/453 
f 452/452/452 453/453/453 453/453/453 
f 453/453/453 453/453/453 453/453/453 
f 453/453/453 461/461/461 453/453/453 
f 453/453/453 461/461/461 454/454/454 
f 461/461/461 462/462/462 454/454/454 
f 454/454/454 462/462/462 455/455/455 
f 462/462/462 463/463/463 455/455/455 
f 455/455/455 463/463/463 456/456/456 
f 463/463/463 464/464/464 456/456/456 
f 456/456/456 464/464/464 457/457/457 
f 464/464/464 465/465/465 457/457/457 
f 457/457/457 465/465/465 458/458/458 
f 465/465/465 466/466/466 458/458/458 
f 458/458/458 466/466/466 459/459/459 
f 466/466/466 467/467/467 459/459/459 
f 459/459/459 467/467/467 460/460/460 
f 467/467/467 460/460/460 460/460/460 
f 460/460/460 460/460/460 461/461/461 
f 460/460/460 461/461/461 461/461/461 
f 461/461/461 461/461/461 461/461/461 
f 461/461/461 468/468/468 461/461/461 
f 461/461/461 468/468/468 462/462/462 
f 468/468/468 469/469/469 462/462/462 
f 462/462/462 469/469/469 463/463/463 
f 469/469/469 470/470/470 463/463/463 
f 463/463/463 470/470/470 464/464/464 
f 470/470/470 471/471/471 464/464/464 
f 464/464/464 471/471/471 465/465/465 
f 471/471/471 472/472/472 465/465/465 
f 465/465/465 472/472/472 466/466/466 
f 472/472/472 473/473/473 466/466/466 
f 466/466/466 473/473/473 467/467/467 
f 473/473/473 467/467/467 467/467/467 
f 467/467/467 467/467/467 473/473/473 
f 467/467/467 473/473/473 473/473/473 
f 473/473/473 473/473/473 473/473/473 
f 473/473/473 472/472/472 473/473/473 
f 473/473/473 472/472/472 474/474/474 
f 472/472/472 471/471/471 474/474/474 
f 474/474/474 471/471/471 475/475/475 
f 471/471/471 470/470/470 475/475/475 
f 475/475/475 470/470/470 476/476/476 
f 470/470/470 469/469/469 476/476/476 
f 476/476/476 469/469/469 477/477/477 
f 469/469/469 468/468/468 477/477/477 
f 477/477/477 468/468/468 478/478/478 
f 468/468/468 479/479/479 478/478/478 
f 478/478/478 479/479/479 480/480/480 
f 479/479/479 481/481/481 480/480/480 
f 480/480/480 481/481/481 482/482/482 
f 481/481/481 442/442/442 482/482/482 
f 482/482/482 442/442/442 428/428/428 
f 442/442/442 429/429/429 428/428/428 
f 428/428/428 429/429/429 429/429/429 
f 429/429/429 442/442/442 429/429/429 
f 429/429/429 442/442/442 442/442/442 
f 442/442/442 481/481/481 442/442/442 
f 442/442/442 481/481/481 443/443/443 
f 481/481/481 483/483/483 443/443/443 
f 443/443/443 483/483/483 453/453/453 
f 483/483/483 484/484/484 453/453/453 
f 453/453/453 484/484/484 461/461/461 
f 484/484/484 479/479/479 461/461/461 
f 461/461/461 479/479/479 468/468/468 
f 479/479/479 468/468/468 468/468/468 
f 468/468/468 468/468/468 484/484/484 
f 468/468/468 484/484/484 484/484/484 
f 484/484/484 484/484/484 484/484/484 
f 484/484/484 483/483/483 484/484/484 
f 484/484/484 483/483/483 479/479/479 
f 483/483/483 481/481/481 479/479/479 
f 479/479/479 481/481/481 481/481/481 
f 481/481/481 416/416/416 481/481/481 
f 481/481/481 416/416/416 416/416/416 
f 416/416/416 418/418/418 416/416/416 
f 416/416/416 418/418/418 414/414/414 
f 418/418/418 420/420/420 414/414/414 
f 414/414/414 420/420/420 485/485/485 
f 420/420/420 486/486/486 485/485/485 
f 485/485/485 486/486/486 487/487/487 
f 486/486/486 488/488/488 487/487/487 
f 487/487/487 488/488/488 489/489/489 
f 488/488/488 490/490/490 489/489/489 
f 489/489/489 490/490/490 491/491/491 
f 490/490/490 491/491/491 491/491/491 
f 491/491/491 491/491/491 414/414/414 
f 491/491/491 414/414/414 414/414/414 
f 414/414/414 414/414/414 414/414/414 
f 414/414/414 485/485/485 414/414/414 
f 414/414/414 485/485/485 412/412/412 
f 485/485/485 487/487/487 412/412/412 
f 412/412/412 487/487/487 410/410/410 
f 487/487/487 489/489/489 410/410/410 
f 410/410/410 489/489/489 408/408/408 
f 489/489/489 491/491/491 408/408/408 
f 408/408/408 491/491/491 406/406/406 
f 491/491/491 406/406/406 406/406/406 
f 406/406/406 406/406/406 490/490/490 
f 406/406/406 490/490/490 490/490/490 
f 490/490/490 490/490/490 490/490/490 
f 490/490/490 488/488/488 490/490/490 
f 490/490/490 488/488/488 492/492/492 
f 488/488/488 493/493/493 492/492/492 
f 492/492/492 493/493/493 494/494/494 
f 493/493/493 424/424/424 494/494/494 
f 494/494/494 424/424/424 426/426/426 
f 424/424/424 426/426/426 426/426/426 
f 426/426/426 426/426/426 424/424/424 
f 426/426/426 424/424/424 424/424/424 
f 424/424/424 424/424/424 424/424/424 
f 424/424/424 493/493/493 424/424/424 
f 424/424/424 493/493/493 422/422/422 
f 493/493/493 486/486/486 422/422/422 
f 422/422/422 486/486/486 420/420/420 
f 486/486/486 420/420/420 420/420/420 
f 420/420/420 420/420/420 417/417/417 
f 420/420/420 417/417/417 417/417/417 
f 417/417/417 417/417/417 417/417/417 
f 417/417/417 441/441/441 417/417/417 
f 417/417/417 441/441/441 419/419/419 
f 441/441/441 495/495/495 419/419/419 
f 419/419/419 495/495/495 421/421/421 
f 495/495/495 496/496/496 421/421/421 
f 421/421/421 496/496/496 423/423/423 
f 496/496/496 497/497/497 423/423/423 
f 423/423/423 497/497/497 425/425/425 
f 497/497/497 498/498/498 425/425/425 
f 425/425/425 498/498/498 427/427/427 
f 498/498/498 499/499/499 427/427/427 
f 427/427/427 499/499/499 499/499/499 
f 499/499/499 351/351/351 499/499/499 
f 499/499/499 351/351/351 351/351/351 
f 351/351/351 350/350/350 351/351/351 
f 351/351/351 350/350/350 359/359/359 
f 350/350/350 500/500/500 359/359/359 
f 359/359/359 500/500/500 367/367/367 
f 500/500/500 501/501/501 367/367/367 
f 367/367/367 501/501/501 502/502/502 
f 501/501/501 503/503/503 502/502/502 
f 502/502/502 503/503/503 504/504/504 
f 503/503/503 505/505/505 504/504/504 
f 504/504/504 505/505/505 506/506/506 
f 505/505/505 507/507/507 506/506/506 
f 506/506/506 507/507/507 508/508/508 
f 507/507/507 509/509/509 508/508/508 
f 508/508/508 509/509/509 510/510/510 
f 509/509/509 511/511/511 510/510/510 
f 510/510/510 511/511/511 512/512/512 
f 511/511/511 512/512/512 512/512/512 
f 512/512/512 512/512/512 512/512/512 
f 512/512/512 513/513/513 512/512/512 
f 512/512/512 513/513/513 510/510/510 
f 513/513/513 514/514/514 510/510/510 
f 510/510/510 514/514/514 508/508/508 
f 514/514/514 515/515/515 508/508/508 
f 508/508/508 515/515/515 506/506/506 
f 515/515/515 516/516/516 506/506/506 
f 506/506/506 516/516/516 504/504/504 
f 516/516/516 517/517/517 504/504/504 
f 504/504/504 517/517/517 502/502/502 
f 517/517/517 518/518/518 502/502/502 
f 502/502/502 518/518/518 519/519/519 
f 518/518/518 520/520/520 519/519/519 
f 519/519/519 520/520/520 521/521/521 
f 520/520/520 522/522/522 521/521/521 
f 521/521/521 522/522/522 368/368/368 
f 522/522/522 369/369/369 368/368/368 
f 368/368/368 369/369/369 369/369/369 
f 369/369/369 513/513/513 369/369/369 
f 369/369/369 513/513/513 513/513/513 
f 513/513/513 523/523/523 513/513/513 
f 513/513/513 523/523/523 514/514/514 
f 523/523/523 524/524/524 514/514/514 
f 514/514/514 524/524/524 515/515/515 
f 524/524/524 525/525/525 515/515/515 
f 515/515/515 525/525/525 516/516/516 
f 525/525/525 526/526/526 516/516/516 
f 516/516/516 526/526/526 517/517/517 
f 526/526/526 527/527/527 517/517/517 
f 517/517/517 527/527/527 518/518/518 
f 527/527/527 528/528/528 518/518/518 
f 518/518/518 528/528/528 529/529/529 
f 528/528/528 530/530/530 529/529/529 
f 529/529/529 530/530/530 531/531/531 
f 530/530/530 532/532/532 531/531/531 
f 531/531/531 532/532/532 533/533/533 
f 532/532/532 534/534/534 533/533/533 
f 533/533/533 534/534/534 535/535/535 
f 534/534/534 386/386/386 535/535/535 
f 535/535/535 386/386/386 536/536/536 
f 386/386/386 537/537/537 536/536/536 
f 536/536/536 537/537/537 538/538/538 
f 537/537/537 382/382/382 538/538/538 
f 538/538/538 382/382/382 380/380/380 
f 382/382/382 380/380/380 380/380/380 
f 380/380/380 380/380/380 386/386/386 
f 380/380/380 386/386/386 386/386/386 
f 386/386/386 386/386/386 386/386/386 
f 386/386/386 534/534/534 386/386/386 
f 386/386/386 534/534/534 539/539/539 
f 534/534/534 532/532/532 539/539/539 
f 539/539/539 532/532/532 540/540/540 
f 532/532/532 530/530/530 540/540/540 
f 540/540/540 530/530/530 541/541/541 
f 530/530/530 528/528/528 541/541/541 
f 541/541/541 528/528/528 542/542/542 
f 528/528/528 527/527/527 542/542/542 
f 542/542/542 527/527/527 543/543/543 
f 527/527/527 526/526/526 543/543/543 
f 543/543/543 526/526/526 544/544/544 
f 526/526/526 525/525/525 544/544/544 
f 544/544/544 525/525/525 545/545/545 
f 525/525/525 524/524/524 545/545/545 
f 545/545/545 524/524/524 546/546/546 
f 524/524/524 523/523/523 546/546/546 
f 546/546/546 523/523/523 547/547/547 
f 523/523/523 548/548/548 547/547/547 
f 547/547/547 548/548/548 548/548/548 
f 548/548/548 547/547/547 548/548/548 
f 548/548/548 547/547/547 547/547/547 
f 547/547/547 549/549/549 547/547/547 
f 547/547/547 549/549/549 546/546/546 
f 549/549/549 550/550/550 546/546/546 
f 546/546/546 550/550/550 545/545/545 
f 550/550/550 551/551/551 545/545/545 
f 545/545/545 551/551/551 544/544/544 
f 551/551/551 552/552/552 544/544/544 
f 544/544/544 552/552/552 543/543/543 
f 552/552/552 553/553/553 543/543/543 
f 543/543/543 553/553/553 542/542/542 
f 553/553/553 554/554/554 542/542/542 
f 542/542/542 554/554/554 541/541/541 
f 554/554/554 555/555/555 541/541/541 
f 541/541/541 555/555/555 540/540/540 
f 555/555/555 556/556/556 540/540/540 
f 540/540/540 556/556/556 539/539/539 
f 556/556/556 386/386/386 539/539/539 
f 539/539/539 386/386/386 386/386/386 
f 386/386/386 549/549/549 386/386/386 
f 386/386/386 549/549/549 549/549/549 
f 549/549/549 557/557/557 549/549/549 
f 549/549/549 557/557/557 550/550/550 
f 557/557/557 558/558/558 550/550/550 
f 550/550/550 558/558/558 551/551/551 
f 558/558/558 559/559/559 551/551/551 
f 551/551/551 559/559/559 552/552/552 
f 559/559/559 560/560/560 552/552/552 
f 552/552/552 560/560/560 553/553/553 
f 560/560/560 561/561/561 553/553/553 
f 553/553/553 561/561/561 554/554/554 
f 561/561/561 562/562/562 554/554/554 
f 554/554/554 562/562/562 555/555/555 
f 562/562/562 556/556/556 555/555/555 
f 555/555/555 556/556/556 556/556/556 
f 556/556/556 562/562/562 556/556/556 
f 556/556/556 562/562/562 386/386/386 
f 562/562/562 561/561/561 386/386/386 
f 386/386/386 561/561/561 560/560/560 
f 561/561/561 560/560/560 560/560/560 
f 560/560/560 560/560/560 560/560/560 
f 560/560/560 559/559/559 560/560/560 
f 560/560/560 559/559/559 386/386/386 
f 559/559/559 558/558/558 386/386/386 
f 386/386/386 558/558/558 557/557/557 
f 558/558/558 557/557/557 557/557/557 
f 557/557/557 557/557/557 350/350/350 
f 557/557/557 350/350/350 350/350/350 
f 350/350/350 350/350/350 350/350/350 
f 350/350/350 563/563/563 350/350/350 
f 350/350/350 563/563/563 500/500/500 
f 563/563/563 501/501/501 500/500/500 
f 500/500/500 501/501/501 501/501/501 
f 501/501/501 563/563/563 501/501/501 
f 501/501/501 563/563/563 503/503/503 
f 563/563/563 564/564/564 503/503/503 
f 503/503/503 564/564/564 565/565/565 
f 564/564/564 565/565/565 565/565/565 
f 565/565/565 565/565/565 503/503/503 
f 565/565/565 503/503/503 503/503/503 
f 503/503/503 503/503/503 503/503/503 
f 503/503/503 565/565/565 503/503/503 
f 503/503/503 565/565/565 505/505/505 
f 565/565/565 566/566/566 505/505/505 
f 505/505/505 566/566/566 507/507/507 
f 566/566/566 567/567/567 507/507/507 
f 507/507/507 567/567/567 509/509/509 
f 567/567/567 568/568/568 509/509/509 
f 509/509/509 568/568/568 511/511/511 
f 568/568/568 511/511/511 511/511/511 
f 511/511/511 511/511/511 523/523/523 
f 511/511/511 523/523/523 523/523/523 
f 523/523/523 523/523/523 523/523/523 
f 523/523/523 513/513/513 523/523/523 
f 523/523/523 513/513/513 548/548/548 
f 513/513/513 569/569/569 548/548/548 
f 548/548/548 569/569/569 569/569/569 
f 569/569/569 518/518/518 569/569/569 
f 569/569/569 518/518/518 518/518/518 
f 518/518/518 529/529/529 518/518/518 
f 518/518/518 529/529/529 520/520/520 
f 529/529/529 570/570/570 520/520/520 
f 520/520/520 570/570/570 571/571/571 
f 570/570/570 572/572/572 571/571/571 
f 571/571/571 572/572/572 573/573/573 
f 572/572/572 574/574/574 573/573/573 
f 573/573/573 574/574/574 575/575/575 
f 574/574/574 376/376/376 575/575/575 
f 575/575/575 376/376/376 374/374/374 
f 376/376/376 374/374/374 374/374/374 
f 374/374/374 374/374/374 529/529/529 
f 374/374/374 529/529/529 529/529/529 
f 529/529/529 529/529/529 529/529/529 
f 529/529/529 531/531/531 529/529/529 
f 529/529/529 531/531/531 570/570/570 
f 531/531/531 576/576/576 570/570/570 
f 570/570/570 576/576/576 572/572/572 
f 576/576/576 577/577/577 572/572/572 
f 572/572/572 577/577/577 574/574/574 
f 577/577/577 380/380/380 574/574/574 
f 574/574/574 380/380/380 378/378/378 
f 380/380/380 378/378/378 378/378/378 
f 378/378/378 378/378/378 531/531/531 
f 378/378/378 531/531/531 531/531/531 
f 531/531/531 531/531/531 531/531/531 
f 531/531/531 533/533/533 531/531/531 
f 531/531/531 533/533/533 576/576/576 
f 533/533/533 578/578/578 576/576/576 
f 576/576/576 578/578/578 577/577/577 
f 578/578/578 538/538/538 577/577/577 
f 577/577/577 538/538/538 380/380/380 
f 538/538/538 380/380/380 380/380/380 
f 380/380/380 380/380/380 533/533/533 
f 380/380/380 533/533/533 533/533/533 
f 533/533/533 533/533/533 533/533/533 
f 533/533/533 535/535/535 533/533/533 
f 533/533/533 535/535/535 578/578/578 
f 535/535/535 536/536/536 578/578/578 
f 578/578/578 536/536/536 538/538/538 
f 536/536/536 538/538/538 538/538/538 
f 538/538/538 538/538/538 502/502/502 
f 538/538/538 502/502/502 502/502/502 
f 502/502/502 502/502/502 502/502/502 
f 502/502/502 519/519/519 502/502/502 
f 502/502/502 519/519/519 367/367/367 
f 519/519/519 368/368/368 367/367/367 
f 367/367/367 368/368/368 368/368/368 
f 368/368/368 520/520/520 368/368/368 
f 368/368/368 520/520/520 520/520/520 
f 520/520/520 571/571/571 520/520/520 
f 520/520/520 571/571/571 522/522/522 
f 571/571/571 579/579/579 522/522/522 
f 522/522/522 579/579/579 370/370/370 
f 579/579/579 371/371/371 370/370/370 
f 370/370/370 371/371/371 371/371/371 
f 371/371/371 571/571/571 371/371/371 
f 371/371/371 571/571/571 571/571/571 
f 571/571/571 573/573/573 571/571/571 
f 571/571/571 573/573/573 579/579/579 
f 573/573/573 580/580/580 579/579/579 
f 579/579/579 580/580/580 371/371/371 
f 580/580/580 372/372/372 371/371/371 
f 371/371/371 372/372/372 372/372/372 
f 372/372/372 573/573/573 372/372/372 
f 372/372/372 573/573/573 573/573/573 
f 573/573/573 575/575/575 573/573/573 
f 573/573/573 575/575/575 580/580/580 
f 575/575/575 374/374/374 580/580/580 
f 580/580/580 374/374/374 372/372/372 
f 374/374/374 372/372/372 372/372/372 
f 372/372/372 372/372/372 382/382/382 
f 372/372/372 382/382/382 382/382/382 
f 382/382/382 382/382/382 382/382/382 
f 382/382/382 537/537/537 382/382/382 
f 382/382/382 537/537/537 384/384/384 
f 537/537/537 386/386/386 384/384/384 
f 384/384/384 386/386/386 386/386/386 
f 386/386/386 581/581/581 386/386/386 
f 386/386/386 581/581/581 581/581/581 
f 581/581/581 582/582/582 581/581/581 
f 581/581/581 582/582/582 583/583/583 
f 582/582/582 584/584/584 583/583/583 
f 583/583/583 584/584/584 585/585/585 
f 584/584/584 586/586/586 585/585/585 
f 585/585/585 586/586/586 587/587/587 
f 586/586/586 588/588/588 587/587/587 
f 587/587/587 588/588/588 589/589/589 
f 588/588/588 590/590/590 589/589/589 
f 589/589/589 590/590/590 591/591/591 
f 590/590/590 592/592/592 591/591/591 
f 591/591/591 592/592/592 593/593/593 
f 592/592/592 594/594/594 593/593/593 
f 593/593/593 594/594/594 595/595/595 
f 594/594/594 596/596/596 595/595/595 
f 595/595/595 596/596/596 597/597/597 
f 596/596/596 598/598/598 597/597/597 
f 597/597/597 598/598/598 599/599/599 
f 598/598/598 600/600/600 599/599/599 
f 599/599/599 600/600/600 601/601/601 
f 600/600/600 602/602/602 601/601/601 
f 601/601/601 602/602/602 603/603/603 
f 602/602/602 604/604/604 603/603/603 
f 603/603/603 604/604/604 605/605/605 
f 604/604/604 605/605/605 605/605/605 
f 605/605/605 605/605/605 605/605/605 
f 605/605/605 606/606/606 605/605/605 
f 605/605/605 606/606/606 603/603/603 
f 606/606/606 607/607/607 603/603/603 
f 603/603/603 607/607/607 601/601/601 
f 607/607/607 608/608/608 601/601/601 
f 601/601/601 608/608/608 599/599/599 
f 608/608/608 609/609/609 599/599/599 
f 599/599/599 609/609/609 597/597/597 
f 609/609/609 610/610/610 597/597/597 
f 597/597/597 610/610/610 595/595/595 
f 610/610/610 611/611/611 595/595/595 
f 595/595/595 611/611/611 593/593/593 
f 611/611/611 612/612/612 593/593/593 
f 593/593/593 612/612/612 591/591/591 
f 612/612/612 613/613/613 591/591/591 
f 591/591/591 613/613/613 589/589/589 
f 613/613/613 614/614/614 589/589/589 
f 589/589/589 614/614/614 587/587/587 
f 614/614/614 615/615/615 587/587/587 
f 587/587/587 615/615/615 585/585/585 
f 615/615/615 616/616/616 585/585/585 
f 585/585/585 616/616/616 583/583/583 
f 616/616/616 617/617/617 583/583/583 
f 583/583/583 617/617/617 581/581/581 
f 617/617/617 618/618/618 581/581/581 
f 581/581/581 618/618/618 618/618/618 
f 618/618/618 606/606/606 618/618/618 
f 618/618/618 606/606/606 606/606/606 
f 606/606/606 619/619/619 606/606/606 
f 606/606/606 619/619/619 607/607/607 
f 619/619/619 620/620/620 607/607/607 
f 607/607/607 620/620/620 608/608/608 
f 620/620/620 621/621/621 608/608/608 
f 608/608/608 621/621/621 609/609/609 
f 621/621/621 622/622/622 609/609/609 
f 609/609/609 622/622/622 610/610/610 
f 622/622/622 623/623/623 610/610/610 
f 610/610/610 623/623/623 611/611/611 
f 623/623/623 624/624/624 611/611/611 
f 611/611/611 624/624/624 612/612/612 
f 624/624/624 625/625/625 612/612/612 
f 612/612/612 625/625/625 613/613/613 
f 625/625/625 626/626/626 613/613/613 
f 613/613/613 626/626/626 614/614/614 
f 626/626/626 627/627/627 614/614/614 
f 614/614/614 627/627/627 615/615/615 
f 627/627/627 628/628/628 615/615/615 
f 615/615/615 628/628/628 616/616/616 
f 628/628/628 629/629/629 616/616/616 
f 616/616/616 629/629/629 617/617/617 
f 629/629/629 630/630/630 617/617/617 
f 617/617/617 630/630/630 618/618/618 
f 630/630/630 618/618/618 618/618/618 
f 618/618/618 618/618/618 620/620/620 
f 618/618/618 620/620/620 620/620/620 
f 620/620/620 620/620/620 620/620/620 
f 620/620/620 631/631/631 620/620/620 
f 620/620/620 631/631/631 621/621/621 
f 631/631/631 632/632/632 621/621/621 
f 621/621/621 632/632/632 622/622/622 
f 632/632/632 633/633/633 622/622/622 
f 622/622/622 633/633/633 623/623/623 
f 633/633/633 634/634/634 623/623/623 
f 623/623/623 634/634/634 624/624/624 
f 634/634/634 624/624/624 624/624/624 
f 624/624/624 624/624/624 620/620/620 
f 624/624/624 620/620/620 620/620/620 
f 620/620/620 620/620/620 620/620/620 
f 620/620/620 635/635/635 620/620/620 
f 620/620/620 635/635/635 631/631/631 
f 635/635/635 636/636/636 631/631/631 
f 631/631/631 636/636/636 632/632/632 
f 636/636/636 637/637/637 632/632/632 
f 632/632/632 637/637/637 633/633/633 
f 637/637/637 638/638/638 633/633/633 
f 633/633/633 638/638/638 634/634/634 
f 638/638/638 634/634/634 634/634/634 
f 634/634/634 634/634/634 635/635/635 
f 634/634/634 635/635/635 635/635/635 
f 635/635/635 635/635/635 635/635/635 
f 635/635/635 639/639/639 635/635/635 
f 635/635/635 639/639/639 636/636/636 
f 639/639/639 640/640/640 636/636/636 
f 636/636/636 640/640/640 637/637/637 
f 640/640/640 641/641/641 637/637/637 
f 637/637/637 641/641/641 638/638/638 
f 641/641/641 638/638/638 638/638/638 
f 638/638/638 638/638/638 639/639/639 
f 638/638/638 639/639/639 639/639/639 
f 639/639/639 639/639/639 639/639/639 
f 639/639/639 642/642/642 639/639/639 
f 639/639/639 642/642/642 640/640/640 
f 642/642/642 643/643/643 640/640/640 
f 640/640/640 643/643/643 641/641/641 
f 643/643/643 641/641/641 641/641/641 
f 641/641/641 641/641/641 643/643/643 
f 641/641/641 643/643/643 643/643/643 
f 643/643/643 643/643/643 643/643/643 
f 643/643/643 642/642/642 643/643/643 
f 643/643/643 642/642/642 644/644/644 
f 642/642/642 645/645/645 644/644/644 
f 644/644/644 645/645/645 646/646/646 
f 645/645/645 647/647/647 646/646/646 
f 646/646/646 647/647/647 647/647/647 
f 647/647/647 645/645/645 647/647/647 
f 647/647/647 645/645/645 645/645/645 
f 645/645/645 642/642/642 645/645/645 
f 645/645/645 642/642/642 648/648/648 
f 642/642/642 639/639/639 648/648/648 
f 648/648/648 639/639/639 649/649/649 
f 639/639/639 635/635/635 649/649/649 
f 649/649/649 635/635/635 650/650/650 
f 635/635/635 651/651/651 650/650/650 
f 650/650/650 651/651/651 606/606/606 
f 651/651/651 619/619/619 606/606/606 
f 606/606/606 619/619/619 619/619/619 
f 619/619/619 635/635/635 619/619/619 
f 619/619/619 635/635/635 635/635/635 
f 635/635/635 620/620/620 635/635/635 
f 635/635/635 620/620/620 651/651/651 
f 620/620/620 619/619/619 651/651/651 
f 651/651/651 619/619/619 619/619/619 
f 619/619/619 647/647/647 619/619/619 
f 619/619/619 647/647/647 647/647/647 
f 647/647/647 645/645/645 647/647/647 
f 647/647/647 645/645/645 652/652/652 
f 645/645/645 648/648/648 652/652/652 
f 652/652/652 648/648/648 653/653/653 
f 648/648/648 654/654/654 653/653/653 
f 653/653/653 654/654/654 654/654/654 
f 654/654/654 648/648/648 654/654/654 
f 654/654/654 648/648/648 648/648/648 
f 648/648/648 649/649/649 648/648/648 
f 648/648/648 649/649/649 654/654/654 
f 649/649/649 655/655/655 654/654/654 
f 654/654/654 655/655/655 655/655/655 
f 655/655/655 649/649/649 655/655/655 
f 655/655/655 649/649/649 649/649/649 
f 649/649/649 650/650/650 649/649/649 
f 649/649/649 650/650/650 655/655/655 
f 650/650/650 656/656/656 655/655/655 
f 655/655/655 656/656/656 656/656/656 
f 656/656/656 650/650/650 656/656/656 
f 656/656/656 650/650/650 650/650/650 
f 650/650/650 606/606/606 650/650/650 
f 650/650/650 606/606/606 656/656/656 
f 606/606/606 605/605/605 656/656/656 
f 656/656/656 605/605/605 605/605/605 
f 605/605/605 604/604/604 605/605/605 
f 605/605/605 604/604/604 604/604/604 
f 604/604/604 602/602/602 604/604/604 
f 604/604/604 602/602/602 657/657/657 
f 602/602/602 658/658/658 657/657/657 
f 657/657/657 658/658/658 659/659/659 
f 658/658/658 660/660/660 659/659/659 
f 659/659/659 660/660/660 661/661/661 
f 660/660/660 662/662/662 661/661/661 
f 661/661/661 662/662/662 663/663/663 
f 662/662/662 664/664/664 663/663/663 
f 663/663/663 664/664/664 665/665/665 
f 664/664/664 666/666/666 665/665/665 
f 665/665/665 666/666/666 667/667/667 
f 666/666/666 668/668/668 667/667/667 
f 667/667/667 668/668/668 669/669/669 
f 668/668/668 670/670/670 669/669/669 
f 669/669/669 670/670/670 671/671/671 
f 670/670/670 672/672/672 671/671/671 
f 671/671/671 672/672/672 673/673/673 
f 672/672/672 674/674/674 673/673/673 
f 673/673/673 674/674/674 675/675/675 
f 674/674/674 584/584/584 675/675/675 
f 675/675/675 584/584/584 582/582/582 
f 584/584/584 582/582/582 582/582/582 
f 582/582/582 582/582/582 662/662/662 
f 582/582/582 662/662/662 662/662/662 
f 662/662/662 662/662/662 662/662/662 
f 662/662/662 676/676/676 662/662/662 
f 662/662/662 676/676/676 664/664/664 
f 676/676/676 677/677/677 664/664/664 
f 664/664/664 677/677/677 666/666/666 
f 677/677/677 678/678/678 666/666/666 
f 666/666/666 678/678/678 668/668/668 
f 678/678/678 679/679/679 668/668/668 
f 668/668/668 679/679/679 670/670/670 
f 679/679/679 680/680/680 670/670/670 
f 670/670/670 680/680/680 672/672/672 
f 680/680/680 681/681/681 672/672/672 
f 672/672/672 681/681/681 682/682/682 
f 681/681/681 683/683/683 682/682/682 
f 682/682/682 683/683/683 586/586/586 
f 683/683/683 588/588/588 586/586/586 
f 586/586/586 588/588/588 588/588/588 
f 588/588/588 683/683/683 588/588/588 
f 588/588/588 683/683/683 590/590/590 
f 683/683/683 684/684/684 590/590/590 
f 590/590/590 684/684/684 592/592/592 
f 684/684/684 685/685/685 592/592/592 
f 592/592/592 685/685/685 594/594/594 
f 685/685/685 686/686/686 594/594/594 
f 594/594/594 686/686/686 596/596/596 
f 686/686/686 687/687/687 596/596/596 
f 596/596/596 687/687/687 598/598/598 
f 687/687/687 688/688/688 598/598/598 
f 598/598/598 688/688/688 600/600/600 
f 688/688/688 658/658/658 600/600/600 
f 600/600/600 658/658/658 602/602/602 
f 658/658/658 602/602/602 602/602/602 
f 602/602/602 602/602/602 683/683/683 
f 602/602/602 683/683/683 683/683/683 
f 683/683/683 683/683/683 683/683/683 
f 683/683/683 680/680/680 683/683/683 
f 683/683/683 680/680/680 684/684/684 
f 680/680/680 679/679/679 684/684/684 
f 684/684/684 679/679/679 685/685/685 
f 679/679/679 678/678/678 685/685/685 
f 685/685/685 678/678/678 686/686/686 
f 678/678/678 677/677/677 686/686/686 
f 686/686/686 677/677/677 687/687/687 
f 677/677/677 676/676/676 687/687/687 
f 687/687/687 676/676/676 688/688/688 
f 676/676/676 660/660/660 688/688/688 
f 688/688/688 660/660/660 658/658/658 
f 660/660/660 658/658/658 658/658/658 
f 658/658/658 658/658/658 672/672/672 
f 658/658/658 672/672/672 672/672/672 
f 672/672/672 672/672/672 672/672/672 
f 672/672/672 682/682/682 672/672/672 
f 672/672/672 682/682/682 674/674/674 
f 682/682/682 586/586/586 674/674/674 
f 674/674/674 586/586/586 584/584/584 
f 586/586/586 584/584/584 584/584/584 
f 584/584/584 584/584/584 689/689/689 
f 584/584/584 689/689/689 689/689/689 
f 689/689/689 689/689/689 689/689/689 
f 689/689/689 690/690/690 689/689/689 
f 689/689/689 690/690/690 691/691/691 
f 690/690/690 692/692/692 691/691/691 
f 691/691/691 692/692/692 693/693/693 
f 692/692/692 694/694/694 693/693/693 
f 693/693/693 694/694/694 695/695/695 
f 694/694/694 696/696/696 695/695/695 
f 695/695/695 696/696/696 697/697/697 
f 696/696/696 698/698/698 697/697/697 
f 697/697/697 698/698/698 699/699/699 
f 698/698/698 700/700/700 699/699/699 
f 699/699/699 700/700/700 701/701/701 
f 700/700/700 702/702/702 701/701/701 
f 701/701/701 702/702/702 703/703/703 
f 702/702/702 704/704/704 703/703/703 
f 703/703/703 704/704/704 705/705/705 
f 704/704/704 706/706/706 705/705/705 
f 705/705/705 706/706/706 707/707/707 
f 706/706/706 708/708/708 707/707/707 
f 707/707/707 708/708/708 709/709/709 
f 708/708/708 710/710/710 709/709/709 
f 709/709/709 710/710/710 711/711/711 
f 710/710/710 712/712/712 711/711/711 
f 711/711/711 712/712/712 713/713/713 
f 712/712/712 714/714/714 713/713/713 
f 713/713/713 714/714/714 715/715/715 
f 714/714/714 716/716/716 715/715/715 
f 715/715/715 716/716/716 717/717/717 
f 716/716/716 718/718/718 717/717/717 
f 717/717/717 718/718/718 719/719/719 
f 718/718/718 720/720/720 719/719/719 
f 719/719/719 720/720/720 721/721/721 
f 720/720/720 722/722/722 721/721/721 
f 721/721/721 722/722/722 723/723/723 
f 722/722/722 724/724/724 723/723/723 
f 723/723/723 724/724/724 725/725/725 
f 724/724/724 726/726/726 725/725/725 
f 725/725/725 726/726/726 726/726/726 
f 726/726/726 690/690/690 726/726/726 
f 726/726/726 690/690/690 690/690/690 
f 690/690/690 727/727/727 690/690/690 
f 690/690/690 727/727/727 692/692/692 
f 727/727/727 728/728/728 692/692/692 
f 692/692/692 728/728/728 694/694/694 
f 728/728/728 729/729/729 694/694/694 
f 694/694/694 729/729/729 696/696/696 
f 729/729/729 730/730/730 696/696/696 
f 696/696/696 730/730/730 698/698/698 
f 730/730/730 731/731/731 698/698/698 
f 698/698/698 731/731/731 700/700/700 
f 731/731/731 732/732/732 700/700/700 
f 700/700/700 732/732/732 702/702/702 
f 732/732/732 733/733/733 702/702/702 
f 702/702/702 733/733/733 704/704/704 
f 733/733/733 734/734/734 704/704/704 
f 704/704/704 734/734/734 706/706/706 
f 734/734/734 735/735/735 706/706/706 
f 706/706/706 735/735/735 708/708/708 
f 735/735/735 736/736/736 708/708/708 
f 708/708/708 736/736/736 710/710/710 
f 736/736/736 712/712/712 710/710/710 
f 710/710/710 712/712/712 712/712/712 
f 712/712/712 729/729/729 712/712/712 
f 712/712/712 729/729/729 729/729/729 
f 729/729/729 737/737/737 729/729/729 
f 729/729/729 737/737/737 730/730/730 
f 737/737/737 738/738/738 730/730/730 
f 730/730/730 738/738/738 731/731/731 
f 738/738/738 739/739/739 731/731/731 
f 731/731/731 739/739/739 732/732/732 
f 739/739/739 740/740/740 732/732/732 
f 732/732/732 740/740/740 733/733/733 
f 740/740/740 741/741/741 733/733/733 
f 733/733/733 741/741/741 734/734/734 
f 741/741/741 742/742/742 734/734/734 
f 734/734/734 742/742/742 735/735/735 
f 742/742/742 743/743/743 735/735/735 
f 735/735/735 743/743/743 736/736/736 
f 743/743/743 744/744/744 736/736/736 
f 736/736/736 744/744/744 712/712/712 
f 744/744/744 714/714/714 712/712/712 
f 712/712/712 714/714/714 714/714/714 
f 714/714/714 737/737/737 714/714/714 
f 714/714/714 737/737/737 737/737/737 
f 737/737/737 745/745/745 737/737/737 
f 737/737/737 745/745/745 738/738/738 
f 745/745/745 746/746/746 738/738/738 
f 738/738/738 746/746/746 739/739/739 
f 746/746/746 747/747/747 739/739/739 
f 739/739/739 747/747/747 740/740/740 
f 747/747/747 748/748/748 740/740/740 
f 740/740/740 748/748/748 741/741/741 
f 748/748/748 749/749/749 741/741/741 
f 741/741/741 749/749/749 742/742/742 
f 749/749/749 750/750/750 742/742/742 
f 742/742/742 750/750/750 743/743/743 
f 750/750/750 751/751/751 743/743/743 
f 743/743/743 751/751/751 744/744/744 
f 751/751/751 752/752/752 744/744/744 
f 744/744/744 752/752/752 714/714/714 
f 752/752/752 753/753/753 714/714/714 
f 714/714/714 753/753/753 716/716/716 
f 753/753/753 754/754/754 716/716/716 
f 716/716/716 754/754/754 718/718/718 
f 754/754/754 755/755/755 718/718/718 
f 718/718/718 755/755/755 720/720/720 
f 755/755/755 756/756/756 720/720/720 
f 720/720/720 756/756/756 722/722/722 
f 756/756/756 757/757/757 722/722/722 
f 722/722/722 757/757/757 724/724/724 
f 757/757/757 758/758/758 724/724/724 
f 724/724/724 758/758/758 726/726/726 
f 758/758/758 759/759/759 726/726/726 
f 726/726/726 759/759/759 759/759/759 
f 759/759/759 753/753/753 759/759/759 
f 759/759/759 753/753/753 753/753/753 
f 753/753/753 752/752/752 753/753/753 
f 753/753/753 752/752/752 754/754/754 
f 752/752/752 751/751/751 754/754/754 
f 754/754/754 751/751/751 755/755/755 
f 751/751/751 750/750/750 755/755/755 
f 755/755/755 750/750/750 756/756/756 
f 750/750/750 749/749/749 756/756/756 
f 756/756/756 749/749/749 760/760/760 
f 749/749/749 748/748/748 760/760/760 
f 760/760/760 748/748/748 761/761/761 
f 748/748/748 747/747/747 761/761/761 
f 761/761/761 747/747/747 762/762/762 
f 747/747/747 746/746/746 762/762/762 
f 762/762/762 746/746/746 745/745/745 
f 746/746/746 745/745/745 745/745/745 
f 745/745/745 745/745/745 756/756/756 
f 745/745/745 756/756/756 756/756/756 
f 756/756/756 756/756/756 756/756/756 
f 756/756/756 760/760/760 756/756/756 
f 756/756/756 760/760/760 757/757/757 
f 760/760/760 763/763/763 757/757/757 
f 757/757/757 763/763/763 758/758/758 
f 763/763/763 764/764/764 758/758/758 
f 758/758/758 764/764/764 759/759/759 
f 764/764/764 765/765/765 759/759/759 
f 759/759/759 765/765/765 765/765/765 
f 765/765/765 760/760/760 765/765/765 
f 765/765/765 760/760/760 760/760/760 
f 760/760/760 761/761/761 760/760/760 
f 760/760/760 761/761/761 763/763/763 
f 761/761/761 766/766/766 763/763/763 
f 763/763/763 766/766/766 764/764/764 
f 766/766/766 767/767/767 764/764/764 
f 764/764/764 767/767/767 765/765/765 
f 767/767/767 768/768/768 765/765/765 
f 765/765/765 768/768/768 768/768/768 
f 768/768/768 761/761/761 768/768/768 
f 768/768/768 761/761/761 761/761/761 
f 761/761/761 762/762/762 761/761/761 
f 761/761/761 762/762/762 766/766/766 
f 762/762/762 745/745/745 766/766/766 
f 766/766/766 745/745/745 767/767/767 
f 745/745/745 769/769/769 767/767/767 
f 767/767/767 769/769/769 768/768/768 
f 769/769/769 770/770/770 768/768/768 
f 768/768/768 770/770/770 770/770/770 
f 770/770/770 745/745/745 770/770/770 
f 770/770/770 745/745/745 745/745/745 
f 745/745/745 737/737/737 745/745/745 
f 745/745/745 737/737/737 769/769/769 
f 737/737/737 728/728/728 769/769/769 
f 769/769/769 728/728/728 770/770/770 
f 728/728/728 727/727/727 770/770/770 
f 770/770/770 727/727/727 727/727/727 
f 727/727/727 725/725/725 727/727/727 
f 727/727/727 725/725/725 725/725/725 
f 725/725/725 771/771/771 725/725/725 
f 725/725/725 771/771/771 723/723/723 
f 771/771/771 772/772/772 723/723/723 
f 723/723/723 772/772/772 721/721/721 
f 772/772/772 773/773/773 721/721/721 
f 721/721/721 773/773/773 719/719/719 
f 773/773/773 774/774/774 719/719/719 
f 719/719/719 774/774/774 717/717/717 
f 774/774/774 775/775/775 717/717/717 
f 717/717/717 775/775/775 715/715/715 
f 775/775/775 776/776/776 715/715/715 
f 715/715/715 776/776/776 713/713/713 
f 776/776/776 777/777/777 713/713/713 
f 713/713/713 777/777/777 711/711/711 
f 777/777/777 778/778/778 711/711/711 
f 711/711/711 778/778/778 779/779/779 
f 778/778/778 780/780/780 779/779/779 
f 779/779/779 780/780/780 781/781/781 
f 780/780/780 782/782/782 781/781/781 
f 781/781/781 782/782/782 783/783/783 
f 782/782/782 784/784/784 783/783/783 
f 783/783/783 784/784/784 785/785/785 
f 784/784/784 786/786/786 785/785/785 
f 785/785/785 786/786/786 787/787/787 
f 786/786/786 788/788/788 787/787/787 
f 787/787/787 788/788/788 789/789/789 
f 788/788/788 790/790/790 789/789/789 
f 789/789/789 790/790/790 791/791/791 
f 790/790/790 792/792/792 791/791/791 
f 791/791/791 792/792/792 793/793/793 
f 792/792/792 794/794/794 793/793/793 
f 793/793/793 794/794/794 795/795/795 
f 794/794/794 796/796/796 795/795/795 
f 795/795/795 796/796/796 797/797/797 
f 796/796/796 798/798/798 797/797/797 
f 797/797/797 798/798/798 697/697/697 
f 798/798/798 695/695/695 697/697/697 
f 697/697/697 695/695/695 695/695/695 
f 695/695/695 779/779/779 695/695/695 
f 695/695/695 779/779/779 779/779/779 
f 779/779/779 781/781/781 779/779/779 
f 779/779/779 781/781/781 799/799/799 
f 781/781/781 800/800/800 799/799/799 
f 799/799/799 800/800/800 707/707/707 
f 800/800/800 801/801/801 707/707/707 
f 707/707/707 801/801/801 705/705/705 
f 801/801/801 802/802/802 705/705/705 
f 705/705/705 802/802/802 703/703/703 
f 802/802/802 803/803/803 703/703/703 
f 703/703/703 803/803/803 701/701/701 
f 803/803/803 804/804/804 701/701/701 
f 701/701/701 804/804/804 699/699/699 
f 804/804/804 797/797/797 699/699/699 
f 699/699/699 797/797/797 697/697/697 
f 797/797/797 697/697/697 697/697/697 
f 697/697/697 697/697/697 781/781/781 
f 697/697/697 781/781/781 781/781/781 
f 781/781/781 781/781/781 781/781/781 
f 781/781/781 783/783/783 781/781/781 
f 781/781/781 783/783/783 800/800/800 
f 783/783/783 805/805/805 800/800/800 
f 800/800/800 805/805/805 801/801/801 
f 805/805/805 806/806/806 801/801/801 
f 801/801/801 806/806/806 802/802/802 
f 806/806/806 807/807/807 802/802/802 
f 802/802/802 807/807/807 803/803/803 
f 807/807/807 808/808/808 803/803/803 
f 803/803/803 808/808/808 804/804/804 
f 808/808/808 795/795/795 804/804/804 
f 804/804/804 795/795/795 797/797/797 
f 795/795/795 797/797/797 797/797/797 
f 797/797/797 797/797/797 806/806/806 
f 797/797/797 806/806/806 806/806/806 
f 806/806/806 806/806/806 806/806/806 
f 806/806/806 805/805/805 806/806/806 
f 806/806/806 805/805/805 807/807/807 
f 805/805/805 809/809/809 807/807/807 
f 807/807/807 809/809/809 808/808/808 
f 809/809/809 810/810/810 808/808/808 
f 808/808/808 810/810/810 795/795/795 
f 810/810/810 793/793/793 795/795/795 
f 795/795/795 793/793/793 793/793/793 
f 793/793/793 810/810/810 793/793/793 
f 793/793/793 810/810/810 789/789/789 
f 810/810/810 809/809/809 789/789/789 
f 789/789/789 809/809/809 787/787/787 
f 809/809/809 785/785/785 787/787/787 
f 787/787/787 785/785/785 785/785/785 
f 785/785/785 809/809/809 785/785/785 
f 785/785/785 809/809/809 809/809/809 
f 809/809/809 805/805/805 809/809/809 
f 809/809/809 805/805/805 785/785/785 
f 805/805/805 783/783/783 785/785/785 
f 785/785/785 783/783/783 783/783/783 
f 783/783/783 790/790/790 783/783/783 
f 783/783/783 790/790/790 790/790/790 
f 790/790/790 811/811/811 790/790/790 
f 790/790/790 811/811/811 792/792/792 
f 811/811/811 812/812/812 792/792/792 
f 792/792/792 812/812/812 813/813/813 
f 812/812/812 814/814/814 813/813/813 
f 813/813/813 814/814/814 815/815/815 
f 814/814/814 816/816/816 815/815/815 
f 815/815/815 816/816/816 817/817/817 
f 816/816/816 691/691/691 817/817/817 
f 817/817/817 691/691/691 693/693/693 
f 691/691/691 693/693/693 693/693/693 
f 693/693/693 693/693/693 693/693/693 
f 693/693/693 695/695/695 693/693/693 
f 693/693/693 695/695/695 817/817/817 
f 695/695/695 818/818/818 817/817/817 
f 817/817/817 818/818/818 819/819/819 
f 818/818/818 820/820/820 819/819/819 
f 819/819/819 820/820/820 815/815/815 
f 820/820/820 813/813/813 815/815/815 
f 815/815/815 813/813/813 813/813/813 
f 813/813/813 818/818/818 813/813/813 
f 813/813/813 818/818/818 818/818/818 
f 818/818/818 798/798/798 818/818/818 
f 818/818/818 798/798/798 820/820/820 
f 798/798/798 796/796/796 820/820/820 
f 820/820/820 796/796/796 813/813/813 
f 796/796/796 794/794/794 813/813/813 
f 813/813/813 794/794/794 792/792/792 
f 794/794/794 792/792/792 792/792/792 
f 792/792/792 792/792/792 811/811/811 
f 792/792/792 811/811/811 811/811/811 
f 811/811/811 811/811/811 811/811/811 
f 811/811/811 821/821/821 811/811/811 
f 811/811/811 821/821/821 812/812/812 
f 821/821/821 814/814/814 812/812/812 
f 812/812/812 814/814/814 814/814/814 
f 814/814/814 821/821/821 814/814/814 
f 814/814/814 821/821/821 821/821/821 
f 821/821/821 822/822/822 821/821/821 
f 821/821/821 822/822/822 814/814/814 
f 822/822/822 816/816/816 814/814/814 
f 814/814/814 816/816/816 816/816/816 
f 816/816/816 822/822/822 816/816/816 
f 816/816/816 822/822/822 822/822/822 
f 822/822/822 689/689/689 822/822/822 
f 822/822/822 689/689/689 816/816/816 
f 689/689/689 691/691/691 816/816/816 
f 816/816/816 691/691/691 691/691/691 
f 691/691/691 711/711/711 691/691/691 
f 691/691/691 711/711/711 711/711/711 
f 711/711/711 779/779/779 711/711/711 
f 711/711/711 779/779/779 709/709/709 
f 779/779/779 799/799/799 709/709/709 
f 709/709/709 799/799/799 707/707/707 
f 799/799/799 707/707/707 707/707/707 
f 707/707/707 707/707/707 194/194/194 
f 707/707/707 194/194/194 194/194/194 
f 194/194/194 194/194/194 194/194/194 
f 194/194/194 196/196/196 194/194/194 
f 194/194/194 196/196/196 823/823/823 
f 196/196/196 198/198/198 823/823/823 
f 823/823/823 198/198/198 824/824/824 
f 198/198/198 825/825/825 824/824/824 
f 824/824/824 825/825/825 826/826/826 
f 825/825/825 827/827/827 826/826/826 
f 826/826/826 827/827/827 828/828/828 
f 827/827/827 829/829/829 828/828/828 
f 828/828/828 829/829/829 830/830/830 
f 829/829/829 831/831/831 830/830/830 
f 830/830/830 831/831/831 832/832/832 
f 831/831/831 833/833/833 832/832/832 
f 832/832/832 833/833/833 834/834/834 
f 833/833/833 835/835/835 834/834/834 
f 834/834/834 835/835/835 836/836/836 
f 835/835/835 837/837/837 836/836/836 
f 836/836/836 837/837/837 838/838/838 
f 837/837/837 839/839/839 838/838/838 
f 838/838/838 839/839/839 840/840/840 
f 839/839/839 840/840/840 840/840/840 
f 840/840/840 840/840/840 823/823/823 
f 840/840/840 823/823/823 823/823/823 
f 823/823/823 823/823/823 823/823/823 
f 823/823/823 824/824/824 823/823/823 
f 823/823/823 824/824/824 841/841/841 
f 824/824/824 826/826/826 841/841/841 
f 841/841/841 826/826/826 842/842/842 
f 826/826/826 828/828/828 842/842/842 
f 842/842/842 828/828/828 843/843/843 
f 828/828/828 830/830/830 843/843/843 
f 843/843/843 830/830/830 844/844/844 
f 830/830/830 832/832/832 844/844/844 
f 844/844/844 832/832/832 845/845/845 
f 832/832/832 834/834/834 845/845/845 
f 845/845/845 834/834/834 846/846/846 
f 834/834/834 836/836/836 846/846/846 
f 846/846/846 836/836/836 847/847/847 
f 836/836/836 838/838/838 847/847/847 
f 847/847/847 838/838/838 848/848/848 
f 838/838/838 840/840/840 848/848/848 
f 848/848/848 840/840/840 849/849/849 
f 840/840/840 849/849/849 849/849/849 
f 849/849/849 849/849/849 849/849/849 
f 849/849/849 850/850/850 849/849/849 
f 849/849/849 850/850/850 848/848/848 
f 850/850/850 851/851/851 848/848/848 
f 848/848/848 851/851/851 847/847/847 
f 851/851/851 852/852/852 847/847/847 
f 847/847/847 852/852/852 846/846/846 
f 852/852/852 853/853/853 846/846/846 
f 846/846/846 853/853/853 845/845/845 
f 853/853/853 854/854/854 845/845/845 
f 845/845/845 854/854/854 844/844/844 
f 854/854/854 187/187/187 844/844/844 
f 844/844/844 187/187/187 843/843/843 
f 187/187/187 190/190/190 843/843/843 
f 843/843/843 190/190/190 842/842/842 
f 190/190/190 192/192/192 842/842/842 
f 842/842/842 192/192/192 841/841/841 
f 192/192/192 194/194/194 841/841/841 
f 841/841/841 194/194/194 823/823/823 
f 194/194/194 823/823/823 823/823/823 
f 823/823/823 823/823/823 850/850/850 
f 823/823/823 850/850/850 850/850/850 
f 850/850/850 850/850/850 850/850/850 
f 850/850/850 855/855/855 850/850/850 
f 850/850/850 855/855/855 851/851/851 
f 855/855/855 856/856/856 851/851/851 
f 851/851/851 856/856/856 852/852/852 
f 856/856/856 857/857/857 852/852/852 
f 852/852/852 857/857/857 853/853/853 
f 857/857/857 858/858/858 853/853/853 
f 853/853/853 858/858/858 854/854/854 
f 858/858/858 188/188/188 854/854/854 
f 854/854/854 188/188/188 187/187/187 
f 188/188/188 187/187/187 187/187/187 
f 187/187/187 187/187/187 855/855/855 
f 187/187/187 855/855/855 855/855/855 
f 855/855/855 855/855/855 855/855/855 
f 855/855/855 859/859/859 855/855/855 
f 855/855/855 859/859/859 856/856/856 
f 859/859/859 860/860/860 856/856/856 
f 856/856/856 860/860/860 857/857/857 
f 860/860/860 861/861/861 857/857/857 
f 857/857/857 861/861/861 858/858/858 
f 861/861/861 862/862/862 858/858/858 
f 858/858/858 862/862/862 188/188/188 
f 862/862/862 189/189/189 188/188/188 
f 188/188/188 189/189/189 189/189/189 
f 189/189/189 859/859/859 189/189/189 
f 189/189/189 859/859/859 859/859/859 
f 859/859/859 863/863/863 859/859/859 
f 859/859/859 863/863/863 860/860/860 
f 863/863/863 864/864/864 860/860/860 
f 860/860/860 864/864/864 861/861/861 
f 864/864/864 865/865/865 861/861/861 
f 861/861/861 865/865/865 862/862/862 
f 865/865/865 866/866/866 862/862/862 
f 862/862/862 866/866/866 164/164/164 
f 866/866/866 164/164/164 164/164/164 
f 164/164/164 164/164/164 863/863/863 
f 164/164/164 863/863/863 863/863/863 
f 863/863/863 863/863/863 863/863/863 
f 863/863/863 859/859/859 863/863/863 
f 863/863/863 859/859/859 867/867/867 
f 859/859/859 868/868/868 867/867/867 
f 867/867/867 868/868/868 868/868/868 
f 868/868/868 859/859/859 868/868/868 
f 868/868/868 859/859/859 859/859/859 
f 859/859/859 855/855/855 859/859/859 
f 859/859/859 855/855/855 868/868/868 
f 855/855/855 869/869/869 868/868/868 
f 868/868/868 869/869/869 869/869/869 
f 869/869/869 855/855/855 869/869/869 
f 869/869/869 855/855/855 855/855/855 
f 855/855/855 850/850/850 855/855/855 
f 855/855/855 850/850/850 869/869/869 
f 850/850/850 870/870/870 869/869/869 
f 869/869/869 870/870/870 870/870/870 
f 870/870/870 839/839/839 870/870/870 
f 870/870/870 839/839/839 839/839/839 
f 839/839/839 837/837/837 839/839/839 
f 839/839/839 837/837/837 871/871/871 
f 837/837/837 872/872/872 871/871/871 
f 871/871/871 872/872/872 198/198/198 
f 872/872/872 873/873/873 198/198/198 
f 198/198/198 873/873/873 874/874/874 
f 873/873/873 833/833/833 874/874/874 
f 874/874/874 833/833/833 831/831/831 
f 833/833/833 831/831/831 831/831/831 
f 831/831/831 831/831/831 833/833/833 
f 831/831/831 833/833/833 833/833/833 
f 833/833/833 833/833/833 833/833/833 
f 833/833/833 873/873/873 833/833/833 
f 833/833/833 873/873/873 835/835/835 
f 873/873/873 872/872/872 835/835/835 
f 835/835/835 872/872/872 837/837/837 
f 872/872/872 837/837/837 837/837/837 
f 837/837/837 837/837/837 831/831/831 
f 837/837/837 831/831/831 831/831/831 
f 831/831/831 831/831/831 831/831/831 
f 831/831/831 829/829/829 831/831/831 
f 831/831/831 829/829/829 875/875/875 
f 829/829/829 876/876/876 875/875/875 
f 875/875/875 876/876/876 198/198/198 
f 876/876/876 825/825/825 198/198/198 
f 198/198/198 825/825/825 825/825/825 
f 825/825/825 876/876/876 825/825/825 
f 825/825/825 876/876/876 827/827/827 
f 876/876/876 829/829/829 827/827/827 
f 827/827/827 829/829/829 829/829/829 
f 829/829/829 198/198/198 829/829/829 
f 829/829/829 198/198/198 198/198/198 
f 198/198/198 874/874/874 198/198/198 
f 198/198/198 874/874/874 875/875/875 
f 874/874/874 831/831/831 875/875/875 
f 793/793/793 789/789/789 791/791/791 
f 728/728/728 737/737/737 729/729/729 
f 325/325/325 328/328/328 323/323/323 
f 443/443/443 453/453/453 444/444/444 
f 284/284/284 280/280/280 279/279/279 
f 512/512/512 569/569/569 513/513/513 
f 376/376/376 574/574/574 378/378/378 
f 681/681/681 680/680/680 683/683/683 
f 522/522/522 370/370/370 369/369/369 
f 519/519/519 521/521/521 368/368/368 
f 391/391/391 366/366/366 365/365/365 
f 862/862/862 164/164/164 189/189/189 
f 171/171/171 173/173/173 180/180/180 
f 850/850/850 849/849/849 870/870/870 
f 201/201/201 206/206/206 177/177/177 
f 161/161/161 165/165/165 185/185/185 
f 660/660/660 676/676/676 662/662/662 
f 227/227/227 299/299/299 229/229/229 
f 488/488/488 486/486/486 493/493/493 
f 695/695/695 798/798/798 818/818/818 
f 817/817/817 819/819/819 815/815/815 
f 36/36/36 55/55/55 37/37/37 
f 230/230/230 232/232/232 326/326/326 

